variable,F_raw,D_raw,C_raw,w_raw,dominant_trend,dominant_share,study_count,method_count,w_norm
Reading_Achievement,229.0,3.0,0.6419213973799127,441.00000000000006,Null,0.6419,229,3,1.0
Math_Achievement,214.0,4.0,0.5046728971962616,431.99999999999994,Null,0.5047,214,4,0.979545
Science_Achievement,144.0,3.0,0.6180555555555556,267.0,Null,0.6181,144,3,0.604545
Gender_Demographics,62.0,4.0,0.5161290322580645,128.0,Null,0.5161,62,4,0.288636
Assessment_Methodology,58.0,4.0,0.46551724137931033,108.0,Null,0.4655,58,4,0.243182
Psychometrics_Process,53.0,4.0,0.5094339622641509,108.0,Null,0.5094,53,4,0.243182
ICT_Usage,54.0,3.0,0.5555555555555556,90.0,Null,0.5556,54,3,0.202273
SES,47.0,3.0,0.5957446808510638,84.0,Null,0.5957,47,3,0.188636
Teacher_Efficacy_Workforce,49.0,3.0,0.5102040816326531,75.0,Positive,0.5102,49,3,0.168182
School_Efficiency_Climate,51.0,3.0,0.45098039215686275,69.0,Null,0.451,51,3,0.154545
Problem_Solving_Achievement,46.0,3.0,0.5,69.0,Null,0.5,46,3,0.154545
Self_Efficacy,33.0,3.0,0.48484848484848486,48.0,Null,0.4848,33,3,0.106818
Wellbeing_Psychological,53.0,2.0,0.37735849056603776,40.0,Positive,0.3774,53,2,0.088636
Student_Motivation,17.0,3.0,0.5294117647058824,27.0,Positive,0.5294,17,3,0.059091
Teacher_Quality_Practices,27.0,2.0,0.48148148148148145,26.0,Positive,0.4815,27,2,0.056818
Civic_Achievement,21.0,2.0,0.5238095238095238,22.0,Null,0.5238,21,2,0.047727
Curriculum_Instruction,9.0,3.0,0.6666666666666666,18.0,Null,0.6667,9,3,0.038636
Civic_Engagement,16.0,2.0,0.5625,18.0,Positive,0.5625,16,2,0.038636
Belonging_School_Climate,18.0,2.0,0.5,18.0,Null,0.5,18,2,0.038636
Wellbeing_Mental_Health,22.0,2.0,0.4090909090909091,18.0,Null,0.4091,22,2,0.038636
Labor_Market_Outcomes,20.0,1.0,0.45,9.0,Null,0.45,20,1,0.018182
Language_Proficiency,5.0,3.0,0.6,9.0,Null,0.6,5,3,0.018182
System_Policy,15.0,1.0,0.5333333333333333,8.0,Null,0.5333,15,1,0.015909
Academic_Resilience,7.0,2.0,0.42857142857142855,6.0,Null,0.4286,7,2,0.011364
Occupational_Expectation,6.0,2.0,0.5,6.0,Null,0.5,6,2,0.011364
Anxiety_Stress,10.0,1.0,0.5,5.0,Positive,0.5,10,1,0.009091
Peer_Effects,5.0,2.0,0.4,4.0,Null,0.4,5,2,0.006818
Immigration_Language,7.0,1.0,0.42857142857142855,3.0,Null,0.4286,7,1,0.004545
Parental_Involvement,6.0,1.0,0.5,3.0,Null,0.5,6,1,0.004545
Process_Data_Log,5.0,1.0,0.4,2.0,Null,0.4,5,1,0.002273
School_Resources,3.0,1.0,0.6666666666666666,2.0,Negative,0.6667,3,1,0.002273
Metacognition_Strategies,4.0,1.0,0.5,2.0,Negative,0.5,4,1,0.002273
Homework_Study_Time,3.0,1.0,0.6666666666666666,2.0,Null,0.6667,3,1,0.002273
Assessment_Practices,3.0,1.0,0.6666666666666666,2.0,Positive,0.6667,3,1,0.002273
Prior_Achievement,1.0,1.0,1.0,1.0,Null,1.0,1,1,0.0
Dropout_Retention,2.0,1.0,0.5,1.0,Null,0.5,2,1,0.0
