program,cycle_availability,raw_variable,canonical_construct,level,direction,direction_note,weight_type,pv_structure,forecast_role,tier,cross_cycle_comparable,direction_original,direction_canonical,transformation,notes
PISA,2003/2009/2015/2022/2025,ESCS,SES_COMPOSITE,student,+,Higher=better SES,W_FSTUWT (BRR),none,primary_predictor,A,yes,+,+,none,PISA'nın kendi SES composite'i; 2022 reference cycle; 2003/2009 TXT parser
PISA,2015/2022/2025,HOMEPOS,HOME_RESOURCES,student,+,Higher=more home educational resources,W_FSTUWT (BRR),none,primary_predictor,A,yes,+,+,none,ESCS alt bileşeni; bağımsız predictor olarak tutulabilir
PISA,2003/2015/2022/2025,BELONG,SCHOOL_BELONGING,student,+,Higher=stronger sense of belonging,W_FSTUWT (BRR),none,primary_predictor,A,partial,+,+,none,2009'da kodebook dışı; 2003 mevcut; construct tutarlı
PISA,2022/2025,ICTAVHOM,ICT_HOME_ACCESS,student,+,Higher=more ICT access at home,W_FSTUWT (BRR),none,primary_predictor,B,partial,+,+,none,Yalnızca 2022/2025; 2015 ve öncesinde farklı format
PISA,2022/2025,ICTAVSCH,ICT_SCHOOL_ACCESS,student,+,Higher=more ICT access at school,W_FSTUWT (BRR),none,primary_predictor,B,partial,+,+,none,Yalnızca 2022/2025
TIMSS,2003/2007/2011/2015/2019/2023,BSDGEDUP,PARENTAL_EDUCATION,home,-,"1=University+, 5=Below primary → INVERSE: yüksek kod = düşük eğitim",TOTWGT (JK2),none,primary_predictor,A,yes,-,+,negate,Tüm TIMSS G8 döngülerinde tutarlı. Modelde negatif korelasyon beklenir.
TIMSS_G4,2011/2015/2019/2023,ASDHEDUP,PARENTAL_EDUCATION,home,-,"1=University+, 5=Below primary → INVERSE: yüksek kod = düşük eğitim",TOTWGT (JK2),none,primary_predictor,A,yes,-,+,negate,TIMSS G4 2007/2003'te bu construct mevcut değil (ASH yok).
PIRLS,2011/2016/2021,ASDHEDUP,PARENTAL_EDUCATION,home,-,"1=University+, 5=Below primary → INVERSE",TOTWGT (JK2),none,primary_predictor,A,yes,-,+,negate,PIRLS ASH home questionnaire; eşit ağırlık kullanılıyor (TOTWGT yok)
PIRLS,2011/2016/2021,ASDHELA,HOME_LITERACY_ACTIVITIES,home,-,"1=Often, 3=Never → INVERSE: yüksek = daha az okuma aktivitesi",TOTWGT (JK2),none,primary_predictor,B,yes,-,+,negate,Ebeveynlerin okuma aktivitesi; 3 kategorili ters skala
ICCS,2009,NISB,SES_COMPOSITE,student,+,Higher=better national index of socioeconomic background,TOTWGT (JK2),none,primary_predictor,A,partial,+,+,none,2009 IDB uses unstandardized NISB; S_NISB/ISESCS absent in this release
ICCS,2016/2022,S_NISB,SES_COMPOSITE,student,+,Higher=better national SES index,TOTWGT (JK2),none,primary_predictor,A,yes,+,+,none,Preferred SES composite for ICCS 2016/2022
ICCS,2016/2022,S_ECOB,SES_COMPOSITE,student,+,Higher=better economic/cultural background index,TOTWGT (JK2),none,primary_predictor,B,partial,+,+,none,Fallback SES proxy when S_NISB missing
ICCS,2009,HISCED,PARENTAL_EDUCATION,home,+,Higher HISCED = higher parental education (ISCED-like),TOTWGT (JK2),none,primary_predictor,A,partial,+,+,none,2009 parental education; positive direction (unlike TIMSS BSDGEDUP)
ICCS,2016/2022,S_HISCED,PARENTAL_EDUCATION,home,+,Higher S_HISCED = higher parental education,TOTWGT (JK2),none,primary_predictor,A,yes,+,+,none,Standardized parental education in ICCS 2016/2022 ISG files
ICCS,2009/2016,PARED,PARENTAL_EDUCATION,home,+,Higher=more parental education,TOTWGT (JK2),none,primary_predictor,B,partial,+,+,none,Legacy/fallback parental education label in some ICCS releases
ICCS,2009/2016/2022,PV1CIV/PV*CIV,CIVIC_KNOWLEDGE,student,+,Higher=better civic knowledge,TOTWGT (JK2),PV civic knowledge,outcome_and_predictor,A,yes,+,+,none,Primary ICCS outcome; used as lag score in LOCO/forward
TALIS,2013,SECLSS,TEACHER_SELF_EFFICACY_CLS_MGMT,teacher,+,Higher=more confident in classroom management,TCHWGT (BRR100),none,contextual_predictor,A,yes_2013_2018,+,+,none,2013 karşılığı SECLSS; 2018'de T3SECLS olarak yeniden adlandırıldı. WLE scale ~8-16.
TALIS,2013,SEINSS,TEACHER_SELF_EFFICACY_INSTRUCTION,teacher,+,Higher=more confident in instruction,TCHWGT (BRR100),none,contextual_predictor,A,yes_2013_2018,+,+,none,2018'de T3SEINS
TALIS,2013,SEENGS,TEACHER_SELF_EFFICACY_ENGAGEMENT,teacher,+,Higher=more confident in student engagement,TCHWGT (BRR100),none,contextual_predictor,A,yes_2013_2018,+,+,none,2018'de T3SEENG
TALIS,2013,TCDISCS,DISCIPLINARY_CLIMATE,classroom,-,NEED FOR DISCIPLINE: yüksek = daha fazla disiplin sorunu → TERS YÖN,TCHWGT (BRR100),none,contextual_predictor,A,CAUTION_direction_flip,-,+,negate,KRİTİK: 2013 TCDISCS 'need for discipline' (yüksek=kötü) vs 2018 T3DISC 'climate' (yüksek=iyi). Cross-cycle karşılaştırma için 2013'ü negatif yönde dönüştür veya ayrı tutarak raporla.
TALIS,2013,TCCOLLS,PROF_COLLABORATION,teacher,+,Higher=more professional collaboration,TCHWGT (BRR100),none,contextual_predictor,B,partial,+,+,none,2018'de T3COLES; construct yakın fakat tam eşdeğerlik sınırlı
TALIS,2013,TJSENVS,JOB_SATISFACTION_ENVIRONMENT,teacher,+,Higher=more satisfied with work environment,TCHWGT (BRR100),none,contextual_predictor,B,yes_2013_2018,+,+,none,2018'de T3JSENV
TALIS,2013,TJSPROS,JOB_SATISFACTION_PROFESSION,teacher,+,Higher=more satisfied with teaching as profession,TCHWGT (BRR100),none,contextual_predictor,B,yes_2013_2018,+,+,none,2018'de T3JSPRO
TALIS,2013,TEFFPROS,EFFECTIVE_PD,teacher,+,Higher=professional development perceived as more effective,TCHWGT (BRR100),none,contextual_predictor,B,partial,+,+,none,2018'de T3EFFPD; 2024'te construct değişti
TALIS,2018,T3SECLS,TEACHER_SELF_EFFICACY_CLS_MGMT,teacher,+,Higher=more confident in classroom management,TCHWGT (BRR100),none,contextual_predictor,A,yes_2013_2018,+,+,none,Canonical'i SECLSS ile paylaşır
TALIS,2018,T3SEINS,TEACHER_SELF_EFFICACY_INSTRUCTION,teacher,+,Higher=more confident in instruction,TCHWGT (BRR100),none,contextual_predictor,A,yes_2013_2018,+,+,none,
TALIS,2018,T3SEENG,TEACHER_SELF_EFFICACY_ENGAGEMENT,teacher,+,Higher=more confident in student engagement,TCHWGT (BRR100),none,contextual_predictor,A,yes_2013_2018,+,+,none,
TALIS,2018,T3DISC,DISCIPLINARY_CLIMATE,classroom,+,Higher=better disciplinary climate (POZITIF — 2013 TCDISCS'in TERSİ),TCHWGT (BRR100),none,contextual_predictor,A,CAUTION_direction_flip,+,+,drop_near_zero_variance,KRİTİK: 2013 TCDISCS ile zıt yön. Birleştirmeden önce 2013'ü negatif dönüştür.
TALIS,2018,T3COLES,PROF_COLLABORATION,teacher,+,Higher=more professional collaboration,TCHWGT (BRR100),none,contextual_predictor,B,partial,+,+,none,
TALIS,2018,T3JSENV,JOB_SATISFACTION_ENVIRONMENT,teacher,+,Higher=more satisfied with work environment,TCHWGT (BRR100),none,contextual_predictor,B,yes_2013_2018,+,+,none,
TALIS,2018,T3JSPRO,JOB_SATISFACTION_PROFESSION,teacher,+,Higher=more satisfied with teaching as profession,TCHWGT (BRR100),none,contextual_predictor,B,yes_2013_2018,+,+,none,
TALIS,2018,T3EFFPD,EFFECTIVE_PD,teacher,+,Higher=professional development perceived as more effective,TCHWGT (BRR100),none,contextual_predictor,B,partial,+,+,none,
ICILS,2013/2018/2023,PV1-5CIL,CIL_SCORE,student,+,Higher=better Computer & Information Literacy,TOTWGTS,PV1-5CIL (5 PVs),outcome_and_predictor,A,yes,+,+,none,Outcome olarak kullanılabilir; cross-program'da PISA/TIMSS outcome'unu tahmin eden predictor
ICILS,2018/2023,PV1-5CT,CT_SCORE,student,+,Higher=better Computational Thinking,TOTWGTS,PV1-5CT (5 PVs),outcome_and_predictor,A,partial,+,+,none,Yalnızca 2018+; 2013 ile CT karşılaştırması mümkün değil
ICILS,2013/2018/2023,S_HISCED,PARENTAL_EDUCATION_ISCED,home,+,Higher ISCED = higher education (BSDGEDUP'un tersine POZİTİF yön),TOTWGTS,none,primary_predictor,A,yes,+,+,none,ICILS'te ISCED kodu doğrudan yüksek=iyi — BSDGEDUP ile farklı yön
ICILS,2013/2018/2023,S_HISEI,PARENTAL_OCCUPATION_ISEI,home,+,Higher=higher occupational status,TOTWGTS,none,primary_predictor,A,yes,+,+,none,
ICILS,2013/2018/2023,S_HOMLIT,HOME_LITERACY_INDEX,home,+,Higher=more books/literacy resources at home,TOTWGTS,none,primary_predictor,A,yes,+,+,none,
ICILS,2013/2018,S_NISB,NAT_SES_INDEX,student,+,National SES composite; higher=better SES,TOTWGTS,none,primary_predictor,A,partial,+,+,none,2013/2018 only; 2023'te kaldırıldı
ICILS,2013,S_BASEFF,ICT_SELF_EFF_GENERAL,student,+,Higher=more confident in basic ICT use,TOTWGTS,none,primary_predictor,A,CAUTION_rename,+,+,rename_only,2018/2023'te S_GENEFF olarak yeniden adlandırıldı
ICILS,2018/2023,S_GENEFF,ICT_SELF_EFF_GENERAL,student,+,Higher=more confident in general ICT applications,TOTWGTS,none,primary_predictor,A,yes_2018_2023,+,+,none,2013'teki S_BASEFF karşılığı
PIAAC,Cycle1 (~2012),PVLIT1-10,ADULT_LITERACY,adult_population,+,Higher=better literacy skills,SPFWT0 (BRR80),PV1-10 (10 PVs),contextual_predictor,A,yes_C1_C2,+,+,none,Ülke ortalaması; öğrenci başarısı için human capital proxy
PIAAC,Cycle1 (~2012),PVNUM1-10,ADULT_NUMERACY,adult_population,+,Higher=better numeracy skills,SPFWT0 (BRR80),PV1-10 (10 PVs),contextual_predictor,A,yes_C1_C2,+,+,none,
PIAAC,Cycle1 (~2012),PVPSL1-10,PS_ICT_SCORE,adult_population,+,Problem Solving in ICT environments; higher=better,SPFWT0 (BRR80),PV1-10 (10 PVs),contextual_predictor,B,no,+,+,none,Cycle 1 only; discontinued in Cycle 2
PIAAC,Cycle2 (~2022),PVAPS1-10,ADAPTIVE_PROBLEM_SOLVING,adult_population,+,Higher=better adaptive problem solving,SPFWT0 (BRR80),PV1-10 (10 PVs),contextual_predictor,B,no,+,+,none,Cycle 2 only; new construct — PSL ile karşılaştırılamaz
PIAAC,Cycle1+2,YRSQUAL,YEARS_EDUCATION,adult_population,+,Higher=more years of formal education,SPFWT0 (BRR80),none,contextual_predictor,A,yes_C1_C2,+,+,none,
