program,cycle,country_iso3,variable,mean,se,n_total
PISA,2015,ARE,ESCS,0.4995,0.4062,14167
PISA,2015,ARE,HOMEPOS,0.2226,0.6482,14167
PISA,2015,ARE,BELONG,-0.0977,0.484,14167
PISA,2015,AUS,ESCS,0.2695,0.1884,14530
PISA,2015,AUS,HOMEPOS,0.5757,0.2168,14530
PISA,2015,AUS,BELONG,-0.125,0.2241,14530
PISA,2015,AUT,ESCS,0.0923,0.2633,7007
PISA,2015,AUT,HOMEPOS,0.1927,0.2558,7007
PISA,2015,AUT,BELONG,0.4426,0.3899,7007
PISA,2015,BEL,ESCS,0.1649,0.2633,9651
PISA,2015,BEL,HOMEPOS,0.0633,0.2343,9651
PISA,2015,BEL,BELONG,0.014,0.2475,9651
PISA,2015,BGR,ESCS,-0.0801,0.3317,5928
PISA,2015,BGR,HOMEPOS,-0.347,0.31,5928
PISA,2015,BGR,BELONG,-0.3439,0.3141,5928
PISA,2015,BRA,ESCS,-0.9572,0.1129,23141
PISA,2015,BRA,HOMEPOS,-1.241,0.1065,23141
PISA,2015,BRA,BELONG,-0.147,0.0951,23141
PISA,2015,CAN,ESCS,0.5317,0.1995,20058
PISA,2015,CAN,HOMEPOS,0.4778,0.2353,20058
PISA,2015,CAN,BELONG,-0.1125,0.2473,20058
PISA,2015,CHE,ESCS,0.1433,0.2449,5860
PISA,2015,CHE,HOMEPOS,0.1186,0.2096,5860
PISA,2015,CHE,BELONG,0.3562,0.2847,5860
PISA,2015,CHL,ESCS,-0.4858,0.2038,7053
PISA,2015,CHL,HOMEPOS,-0.6552,0.1924,7053
PISA,2015,CHL,BELONG,-0.0354,0.19,7053
PISA,2015,COL,ESCS,-0.9878,0.1606,11795
PISA,2015,COL,HOMEPOS,-1.6278,0.1936,11795
PISA,2015,COL,BELONG,-0.3093,0.1472,11795
PISA,2015,CRI,ESCS,-0.8008,0.4214,6866
PISA,2015,CRI,HOMEPOS,-1.2431,0.428,6866
PISA,2015,CRI,BELONG,-0.1576,0.4421,6866
PISA,2015,CZE,ESCS,-0.2058,0.2281,6894
PISA,2015,CZE,HOMEPOS,-0.1148,0.222,6894
PISA,2015,CZE,BELONG,-0.2464,0.2264,6894
PISA,2015,DEU,ESCS,0.1206,0.089,6504
PISA,2015,DEU,HOMEPOS,0.1766,0.0732,6504
PISA,2015,DEU,BELONG,0.2879,0.1009,6504
PISA,2015,DNK,ESCS,0.5927,0.2967,7161
PISA,2015,DNK,HOMEPOS,0.4863,0.2194,7161
PISA,2015,DNK,BELONG,0.1418,0.3593,7161
PISA,2015,DOM,ESCS,-0.9026,0.1978,4740
PISA,2015,DOM,HOMEPOS,-1.6078,0.2321,4740
PISA,2015,DOM,BELONG,-0.4034,0.229,4740
PISA,2015,DZA,ESCS,-1.2806,0.1383,5519
PISA,2015,DZA,HOMEPOS,-1.9347,0.1624,5519
PISA,2015,DZA,BELONG,-0.2137,0.1081,5519
PISA,2015,ESP,ESCS,-0.5112,0.1546,6736
PISA,2015,ESP,HOMEPOS,0.0791,0.1129,6736
PISA,2015,ESP,BELONG,0.4696,0.1497,6736
PISA,2015,EST,ESCS,0.0483,0.5521,5587
PISA,2015,EST,HOMEPOS,-0.0662,0.5663,5587
PISA,2015,EST,BELONG,-0.0627,0.619,5587
PISA,2015,FIN,ESCS,0.2538,0.2417,5882
PISA,2015,FIN,HOMEPOS,0.1226,0.2276,5882
PISA,2015,FIN,BELONG,0.0911,0.3169,5882
PISA,2015,FRA,ESCS,-0.137,0.0729,6108
PISA,2015,FRA,HOMEPOS,-0.1186,0.0707,6108
PISA,2015,FRA,BELONG,-0.0594,0.071,6108
PISA,2015,GBR,ESCS,0.21,0.1295,14157
PISA,2015,GBR,HOMEPOS,0.3336,0.1492,14157
PISA,2015,GBR,BELONG,-0.0934,0.1357,14157
PISA,2015,GEO,ESCS,-0.334,0.3272,5316
PISA,2015,GEO,HOMEPOS,-0.9595,0.3647,5316
PISA,2015,GEO,BELONG,0.199,0.2898,5316
PISA,2015,GRC,ESCS,-0.0783,0.2308,5532
PISA,2015,GRC,HOMEPOS,-0.2707,0.207,5532
PISA,2015,GRC,BELONG,0.1003,0.2309,5532
PISA,2015,HKG,ESCS,-0.5347,0.2899,5359
PISA,2015,HKG,HOMEPOS,-0.5958,0.2573,5359
PISA,2015,HKG,BELONG,-0.348,0.2123,5359
PISA,2015,HRV,ESCS,-0.2398,0.3106,5809
PISA,2015,HRV,HOMEPOS,-0.3899,0.2623,5809
PISA,2015,HRV,BELONG,0.0476,0.3624,5809
PISA,2015,HUN,ESCS,-0.2262,0.2481,5658
PISA,2015,HUN,HOMEPOS,-0.2748,0.2234,5658
PISA,2015,HUN,BELONG,0.0601,0.2621,5658
PISA,2015,IDN,ESCS,-1.8731,0.0511,6513
PISA,2015,IDN,HOMEPOS,-2.4505,0.0575,6513
PISA,2015,IDN,BELONG,0.105,0.0298,6513
PISA,2015,IRL,ESCS,0.1601,0.2623,5741
PISA,2015,IRL,HOMEPOS,0.3398,0.2774,5741
PISA,2015,IRL,BELONG,-0.0151,0.2917,5741
PISA,2015,ISL,ESCS,0.7327,0.6776,3371
PISA,2015,ISL,HOMEPOS,0.509,0.6556,3371
PISA,2015,ISL,BELONG,0.1942,1.1909,3371
PISA,2015,ISR,ESCS,0.1641,0.2016,6598
PISA,2015,ISR,HOMEPOS,0.0672,0.2504,6598
PISA,2015,ITA,ESCS,-0.066,0.1453,11583
PISA,2015,ITA,HOMEPOS,0.0867,0.1195,11583
PISA,2015,ITA,BELONG,0.0522,0.1322,11583
PISA,2015,JOR,ESCS,-0.4238,0.262,7267
PISA,2015,JOR,HOMEPOS,-1.1379,0.3346,7267
PISA,2015,JOR,BELONG,0.1896,0.2474,7267
PISA,2015,JPN,ESCS,-0.1844,0.0538,6647
PISA,2015,JPN,HOMEPOS,-0.5673,0.0571,6647
PISA,2015,JPN,BELONG,-0.0332,0.069,6647
PISA,2015,KOR,ESCS,-0.1972,0.0676,5581
PISA,2015,KOR,HOMEPOS,-0.345,0.0732,5581
PISA,2015,KOR,BELONG,0.1595,0.0878,5581
PISA,2015,KSV,ESCS,-0.1409,0.4064,4826
PISA,2015,KSV,HOMEPOS,-0.7871,0.4185,4826
PISA,2015,KSV,BELONG,0.2853,0.3693,4826
PISA,2015,LBN,ESCS,-0.6047,0.3519,4546
PISA,2015,LBN,HOMEPOS,-0.6957,0.3749,4546
PISA,2015,LBN,BELONG,0.0172,0.2933,4546
PISA,2015,LTU,ESCS,-0.0646,0.4053,6525
PISA,2015,LTU,HOMEPOS,-0.2702,0.38,6525
PISA,2015,LTU,BELONG,-0.268,0.5293,6525
PISA,2015,LUX,ESCS,0.0745,1.083,5299
PISA,2015,LUX,HOMEPOS,0.3178,1.0036,5299
PISA,2015,LUX,BELONG,0.137,1.0344,5299
PISA,2015,LVA,ESCS,-0.4359,0.518,4869
PISA,2015,LVA,HOMEPOS,-0.2755,0.4212,4869
PISA,2015,LVA,BELONG,-0.2013,0.4849,4869
PISA,2015,MAC,ESCS,-0.5416,0.853,4476
PISA,2015,MAC,HOMEPOS,-0.4176,0.8109,4476
PISA,2015,MAC,BELONG,-0.4041,0.6218,4476
PISA,2015,MDA,ESCS,-0.6868,0.3823,5325
PISA,2015,MDA,HOMEPOS,-1.1959,0.4398,5325
PISA,2015,MDA,BELONG,0.0384,0.3144,5325
PISA,2015,MEX,ESCS,-1.2238,0.0898,7568
PISA,2015,MEX,HOMEPOS,-1.5914,0.097,7568
PISA,2015,MEX,BELONG,-0.1444,0.0797,7568
PISA,2015,MKD,ESCS,-0.2301,0.52,5324
PISA,2015,MKD,HOMEPOS,-0.6664,0.5014,5324
PISA,2015,MKD,BELONG,0.3456,0.5358,5324
PISA,2015,MLT,ESCS,-0.051,0.8742,3634
PISA,2015,MLT,HOMEPOS,0.2372,0.7704,3634
PISA,2015,MLT,BELONG,-0.0211,0.748,3634
PISA,2015,MNE,ESCS,-0.1754,0.7594,5665
PISA,2015,MNE,HOMEPOS,-0.4746,0.8475,5665
PISA,2015,MNE,BELONG,-0.1005,0.832,5665
PISA,2015,NLD,ESCS,0.161,0.1276,5385
PISA,2015,NLD,HOMEPOS,0.2677,0.1074,5385
PISA,2015,NLD,BELONG,0.1662,0.1484,5385
PISA,2015,NOR,ESCS,0.4811,0.2254,5456
PISA,2015,NOR,HOMEPOS,0.6271,0.246,5456
PISA,2015,NOR,BELONG,0.2104,0.3475,5456
PISA,2015,NZL,ESCS,0.1652,0.2264,4520
PISA,2015,NZL,HOMEPOS,0.3554,0.283,4520
PISA,2015,NZL,BELONG,-0.1684,0.2522,4520
PISA,2015,PER,ESCS,-1.0804,0.153,6971
PISA,2015,PER,HOMEPOS,-1.7261,0.1711,6971
PISA,2015,PER,BELONG,-0.2188,0.102,6971
PISA,2015,POL,ESCS,-0.3931,0.0937,4478
PISA,2015,POL,HOMEPOS,-0.1878,0.0874,4478
PISA,2015,POL,BELONG,-0.2524,0.1081,4478
PISA,2015,PRT,ESCS,-0.389,0.316,7325
PISA,2015,PRT,HOMEPOS,-0.0257,0.2365,7325
PISA,2015,PRT,BELONG,0.1038,0.2726,7325
PISA,2015,QAR,ESCS,0.0103,0.2653,1657
PISA,2015,QAR,HOMEPOS,-0.4049,0.223,1657
PISA,2015,QAR,BELONG,0.3764,0.206,1657
PISA,2015,QAT,ESCS,0.5767,0.749,12083
PISA,2015,QAT,HOMEPOS,0.4046,1.1802,12083
PISA,2015,QAT,BELONG,-0.1035,0.96,12083
PISA,2015,QCH,ESCS,-1.0736,0.0949,9841
PISA,2015,QCH,HOMEPOS,-1.1805,0.099,9841
PISA,2015,QCH,BELONG,-0.3306,0.0654,9841
PISA,2015,QES,ESCS,-0.5248,0.3392,32330
PISA,2015,QES,HOMEPOS,0.0689,0.2499,32330
PISA,2015,QES,BELONG,0.4594,0.3267,32330
PISA,2015,QUC,ESCS,0.212,0.1586,1652
PISA,2015,QUC,HOMEPOS,0.4577,0.1689,1652
PISA,2015,QUC,BELONG,-0.0211,0.1707,1652
PISA,2015,QUD,ESCS,-0.3039,0.1927,1398
PISA,2015,QUD,HOMEPOS,-0.7311,0.2143,1398
PISA,2015,QUD,BELONG,0.4433,0.2398,1398
PISA,2015,QUE,ESCS,0.0231,0.1353,1887
PISA,2015,QUE,HOMEPOS,0.4036,0.1489,1887
PISA,2015,QUE,BELONG,-0.0497,0.146,1887
PISA,2015,ROU,ESCS,-0.5823,0.1495,4876
PISA,2015,ROU,HOMEPOS,-0.7803,0.1604,4876
PISA,2015,ROU,BELONG,0.0007,0.1324,4876
PISA,2015,RUS,ESCS,0.0485,0.055,6036
PISA,2015,RUS,HOMEPOS,-0.3587,0.0592,6036
PISA,2015,RUS,BELONG,-0.3743,0.0584,6036
PISA,2015,SGP,ESCS,0.03,0.3303,6115
PISA,2015,SGP,HOMEPOS,-0.1069,0.3325,6115
PISA,2015,SGP,BELONG,-0.2125,0.3184,6115
PISA,2015,SVK,ESCS,-0.1081,0.3401,6350
PISA,2015,SVK,HOMEPOS,-0.2732,0.348,6350
PISA,2015,SVK,BELONG,-0.2781,0.2988,6350
PISA,2015,SVN,ESCS,0.0314,0.5053,6406
PISA,2015,SVN,HOMEPOS,0.112,0.4197,6406
PISA,2015,SVN,BELONG,-0.0976,0.5495,6406
PISA,2015,SWE,ESCS,0.3346,0.1996,5458
PISA,2015,SWE,HOMEPOS,0.4106,0.219,5458
PISA,2015,SWE,BELONG,0.0392,0.2989,5458
PISA,2015,TAP,ESCS,-0.2125,0.1456,7708
PISA,2015,TAP,HOMEPOS,-0.3826,0.1546,7708
PISA,2015,TAP,BELONG,0.0204,0.1662,7708
PISA,2015,THA,ESCS,-1.2267,0.1252,8249
PISA,2015,THA,HOMEPOS,-1.1557,0.1314,8249
PISA,2015,THA,BELONG,-0.3544,0.0741,8249
PISA,2015,TTO,ESCS,-0.2278,0.556,4692
PISA,2015,TTO,HOMEPOS,-0.3195,0.7107,4692
PISA,2015,TTO,BELONG,0.0491,0.5325,4692
PISA,2015,TUN,ESCS,-0.8341,0.2529,5375
PISA,2015,TUN,HOMEPOS,-1.4707,0.2613,5375
PISA,2015,TUN,BELONG,-0.1992,0.1599,5375
PISA,2015,TUR,ESCS,-1.4279,0.0935,5895
PISA,2015,TUR,HOMEPOS,-1.4184,0.0901,5895
PISA,2015,TUR,BELONG,-0.4368,0.089,5895
PISA,2015,URY,ESCS,-0.7778,0.4367,6062
PISA,2015,URY,HOMEPOS,-0.8194,0.3977,6062
PISA,2015,URY,BELONG,-0.0929,0.4397,6062
PISA,2015,USA,ESCS,0.1014,0.0404,5712
PISA,2015,USA,HOMEPOS,0.2423,0.0447,5712
PISA,2015,USA,BELONG,-0.0876,0.041,5712
PISA,2015,VNM,ESCS,-1.8674,0.0905,5826
PISA,2015,VNM,HOMEPOS,-2.0964,0.0923,5826
PISA,2015,VNM,BELONG,-0.0618,0.0489,5826
PISA,2022,ALB,ESCS,-0.7515,0.5056,6129
PISA,2022,ALB,HOMEPOS,-0.8704,0.4768,6129
PISA,2022,ALB,BELONG,0.2533,0.4894,6129
PISA,2022,ALB,ICTAVHOM,4.5188,1.0029,6129
PISA,2022,ALB,ICTAVSCH,4.6534,1.3215,6129
PISA,2022,ARE,ESCS,0.2967,0.4799,24600
PISA,2022,ARE,HOMEPOS,-0.1841,0.6631,24600
PISA,2022,ARE,BELONG,-0.2,0.5949,24600
PISA,2022,ARG,ESCS,-0.802,0.1637,12111
PISA,2022,ARG,HOMEPOS,-0.9277,0.1472,12111
PISA,2022,ARG,BELONG,-0.1967,0.1357,12111
PISA,2022,ARG,ICTAVHOM,4.883,0.2825,12111
PISA,2022,ARG,ICTAVSCH,5.6658,0.3133,12111
PISA,2022,AUS,ESCS,0.3794,0.1899,13437
PISA,2022,AUS,HOMEPOS,0.4765,0.1917,13437
PISA,2022,AUS,BELONG,-0.2267,0.1909,13437
PISA,2022,AUS,ICTAVHOM,5.7416,0.1913,13437
PISA,2022,AUS,ICTAVSCH,6.5701,0.272,13437
PISA,2022,AUT,ESCS,0.0691,0.2683,6151
PISA,2022,AUT,HOMEPOS,0.2485,0.2704,6151
PISA,2022,AUT,BELONG,0.445,0.3331,6151
PISA,2022,AUT,ICTAVHOM,5.7137,0.2601,6151
PISA,2022,AUT,ICTAVSCH,6.4934,0.3808,6151
PISA,2022,BEL,ESCS,0.0829,0.2348,8286
PISA,2022,BEL,HOMEPOS,0.0396,0.2243,8286
PISA,2022,BEL,BELONG,0.0219,0.2127,8286
PISA,2022,BEL,ICTAVHOM,5.6648,0.2497,8286
PISA,2022,BEL,ICTAVSCH,6.373,0.3811,8286
PISA,2022,BGR,ESCS,-0.2722,0.3562,6107
PISA,2022,BGR,HOMEPOS,-0.3708,0.3556,6107
PISA,2022,BGR,BELONG,-0.1904,0.3429,6107
PISA,2022,BGR,ICTAVHOM,4.9195,0.6512,6107
PISA,2022,BGR,ICTAVSCH,5.5914,0.7797,6107
PISA,2022,BRA,ESCS,-0.9915,0.0781,10798
PISA,2022,BRA,HOMEPOS,-1.2322,0.0667,10798
PISA,2022,BRA,BELONG,-0.2085,0.0632,10798
PISA,2022,BRA,ICTAVHOM,5.2948,0.1011,10798
PISA,2022,BRA,ICTAVSCH,5.6365,0.1609,10798
PISA,2022,BRN,ESCS,-0.2573,0.9124,5576
PISA,2022,BRN,HOMEPOS,-0.344,0.9803,5576
PISA,2022,BRN,BELONG,-0.5013,0.6406,5576
PISA,2022,BRN,ICTAVHOM,5.6,0.98,5576
PISA,2022,BRN,ICTAVSCH,5.7123,2.0999,5576
PISA,2022,CAN,ESCS,0.3811,0.1915,23073
PISA,2022,CAN,HOMEPOS,0.3795,0.2129,23073
PISA,2022,CAN,BELONG,-0.1617,0.2359,23073
PISA,2022,CHE,ESCS,0.1692,0.2784,6829
PISA,2022,CHE,HOMEPOS,0.2032,0.2686,6829
PISA,2022,CHE,BELONG,0.3573,0.3149,6829
PISA,2022,CHE,ICTAVHOM,5.6664,0.2898,6829
PISA,2022,CHE,ICTAVSCH,6.3562,0.4348,6829
PISA,2022,CHL,ESCS,-0.5086,0.1644,6488
PISA,2022,CHL,HOMEPOS,-0.6128,0.1546,6488
PISA,2022,CHL,BELONG,-0.2202,0.1707,6488
PISA,2022,CHL,ICTAVHOM,5.4953,0.1946,6488
PISA,2022,CHL,ICTAVSCH,6.2838,0.2754,6488
PISA,2022,COL,ESCS,-1.0651,0.1391,7804
PISA,2022,COL,HOMEPOS,-1.3778,0.1308,7804
PISA,2022,COL,BELONG,-0.1569,0.1097,7804
PISA,2022,CRI,HOMEPOS,-0.9703,0.4039,6113
PISA,2022,CRI,BELONG,-0.0942,0.3459,6113
PISA,2022,CRI,ICTAVHOM,5.4565,0.3909,6113
PISA,2022,CRI,ICTAVSCH,6.1621,0.5132,6113
PISA,2022,CZE,ESCS,-0.1041,0.2522,8460
PISA,2022,CZE,HOMEPOS,0.1319,0.2477,8460
PISA,2022,CZE,BELONG,-0.2799,0.2356,8460
PISA,2022,CZE,ICTAVHOM,5.5996,0.2921,8460
PISA,2022,CZE,ICTAVSCH,6.2016,0.4723,8460
PISA,2022,DEU,ESCS,-0.137,0.099,6116
PISA,2022,DEU,HOMEPOS,0.1313,0.0904,6116
PISA,2022,DEU,BELONG,0.2699,0.0951,6116
PISA,2022,DEU,ICTAVHOM,5.7104,0.0861,6116
PISA,2022,DEU,ICTAVSCH,6.4563,0.1299,6116
PISA,2022,DNK,ESCS,0.4761,0.2464,6200
PISA,2022,DNK,HOMEPOS,0.3764,0.2537,6200
PISA,2022,DNK,BELONG,0.1092,0.3235,6200
PISA,2022,DNK,ICTAVHOM,5.7827,0.2595,6200
PISA,2022,DNK,ICTAVSCH,6.5999,0.3685,6200
PISA,2022,DOM,ESCS,-0.7097,0.24,6868
PISA,2022,DOM,HOMEPOS,-1.3138,0.2334,6868
PISA,2022,DOM,BELONG,-0.2303,0.2497,6868
PISA,2022,DOM,ICTAVHOM,5.1207,0.3884,6868
PISA,2022,DOM,ICTAVSCH,5.4924,0.5433,6868
PISA,2022,ESP,ESCS,-0.0332,0.262,30800
PISA,2022,ESP,HOMEPOS,0.0056,0.2161,30800
PISA,2022,ESP,BELONG,0.2725,0.2953,30800
PISA,2022,ESP,ICTAVHOM,5.7014,0.2321,30800
PISA,2022,ESP,ICTAVSCH,6.2459,0.3936,30800
PISA,2022,EST,ESCS,0.1507,0.5476,6392
PISA,2022,EST,HOMEPOS,0.1569,0.512,6392
PISA,2022,EST,BELONG,-0.1375,0.5772,6392
PISA,2022,EST,ICTAVHOM,5.7202,0.6311,6392
PISA,2022,EST,ICTAVSCH,6.6468,0.7557,6392
PISA,2022,FIN,ESCS,0.2585,0.3379,10239
PISA,2022,FIN,HOMEPOS,0.2594,0.3361,10239
PISA,2022,FIN,BELONG,0.1012,0.4223,10239
PISA,2022,FIN,ICTAVHOM,5.7015,0.3744,10239
PISA,2022,FIN,ICTAVSCH,6.4895,0.5841,10239
PISA,2022,FRA,ESCS,0.0002,0.0858,6770
PISA,2022,FRA,HOMEPOS,-0.0718,0.0843,6770
PISA,2022,FRA,BELONG,-0.0269,0.0842,6770
PISA,2022,GBR,ESCS,0.1364,0.1239,12972
PISA,2022,GBR,HOMEPOS,0.1085,0.1284,12972
PISA,2022,GBR,BELONG,-0.2092,0.118,12972
PISA,2022,GBR,ICTAVHOM,5.736,0.1193,12972
PISA,2022,GBR,ICTAVSCH,6.4017,0.2042,12972
PISA,2022,GEO,ESCS,-0.4661,0.3775,6583
PISA,2022,GEO,HOMEPOS,-0.8319,0.3942,6583
PISA,2022,GEO,BELONG,-0.0491,0.3611,6583
PISA,2022,GEO,ICTAVHOM,5.0601,0.6903,6583
PISA,2022,GEO,ICTAVSCH,5.4035,0.9643,6583
PISA,2022,GRC,ESCS,-0.1549,0.236,6403
PISA,2022,GRC,HOMEPOS,-0.2908,0.214,6403
PISA,2022,GRC,BELONG,-0.0597,0.2259,6403
PISA,2022,GRC,ICTAVHOM,5.5759,0.2776,6403
PISA,2022,GRC,ICTAVSCH,6.13,0.4576,6403
PISA,2022,GTM,ESCS,-1.5129,0.2427,5190
PISA,2022,GTM,HOMEPOS,-1.5371,0.2329,5190
PISA,2022,GTM,BELONG,-0.1809,0.187,5190
PISA,2022,HKG,ESCS,-0.4619,0.3526,5907
PISA,2022,HKG,HOMEPOS,-0.2082,0.3104,5907
PISA,2022,HKG,BELONG,-0.3878,0.2486,5907
PISA,2022,HKG,ICTAVHOM,5.8065,0.2739,5907
PISA,2022,HKG,ICTAVSCH,6.1314,0.6602,5907
PISA,2022,HRV,ESCS,-0.152,0.3472,6135
PISA,2022,HRV,HOMEPOS,-0.1168,0.3009,6135
PISA,2022,HRV,BELONG,0.1331,0.4015,6135
PISA,2022,HRV,ICTAVHOM,5.6843,0.3959,6135
PISA,2022,HRV,ICTAVSCH,6.4376,0.5997,6135
PISA,2022,HUN,ESCS,0.003,0.2538,6198
PISA,2022,HUN,HOMEPOS,0.0502,0.248,6198
PISA,2022,HUN,BELONG,0.1386,0.2515,6198
PISA,2022,HUN,ICTAVHOM,5.6728,0.24,6198
PISA,2022,HUN,ICTAVSCH,6.4317,0.3539,6198
PISA,2022,IDN,ESCS,-1.5558,0.0632,13439
PISA,2022,IDN,HOMEPOS,-1.6918,0.0553,13439
PISA,2022,IDN,BELONG,-0.1347,0.0456,13439
PISA,2022,IRL,ESCS,0.333,0.2345,5569
PISA,2022,IRL,HOMEPOS,0.3068,0.2387,5569
PISA,2022,IRL,BELONG,-0.1321,0.2405,5569
PISA,2022,IRL,ICTAVHOM,5.8014,0.1867,5569
PISA,2022,IRL,ICTAVSCH,6.5863,0.3126,5569
PISA,2022,ISL,ESCS,0.3781,0.688,3360
PISA,2022,ISL,HOMEPOS,0.3439,0.7079,3360
PISA,2022,ISL,BELONG,0.1641,0.9887,3360
PISA,2022,ISL,ICTAVHOM,5.7387,0.7892,3360
PISA,2022,ISL,ICTAVSCH,6.5119,1.254,3360
PISA,2022,ISR,ESCS,0.28,0.201,6251
PISA,2022,ISR,HOMEPOS,0.0758,0.2243,6251
PISA,2022,ISR,ICTAVHOM,5.4636,0.2825,6251
PISA,2022,ISR,ICTAVSCH,6.202,0.3398,6251
PISA,2022,ITA,ESCS,-0.1002,0.1357,10552
PISA,2022,ITA,HOMEPOS,0.0739,0.1179,10552
PISA,2022,ITA,BELONG,-0.0647,0.126,10552
PISA,2022,ITA,ICTAVHOM,5.6246,0.1535,10552
PISA,2022,ITA,ICTAVSCH,6.3627,0.2188,10552
PISA,2022,JAM,ESCS,-0.5503,0.369,3873
PISA,2022,JAM,HOMEPOS,-0.79,0.4247,3873
PISA,2022,JAM,BELONG,-0.3392,0.3328,3873
PISA,2022,JOR,ESCS,-0.8165,0.2546,7799
PISA,2022,JOR,HOMEPOS,-1.3901,0.2748,7799
PISA,2022,JOR,BELONG,-0.2115,0.2127,7799
PISA,2022,JOR,ICTAVHOM,4.8765,0.434,7799
PISA,2022,JOR,ICTAVSCH,5.1093,0.5953,7799
PISA,2022,JPN,ESCS,-0.0068,0.0535,5760
PISA,2022,JPN,HOMEPOS,-0.2167,0.0569,5760
PISA,2022,JPN,BELONG,0.246,0.0767,5760
PISA,2022,JPN,ICTAVHOM,5.8351,0.0532,5760
PISA,2022,JPN,ICTAVSCH,6.5975,0.0895,5760
PISA,2022,KAZ,ESCS,-0.3724,0.2238,19769
PISA,2022,KAZ,HOMEPOS,-0.9941,0.2244,19769
PISA,2022,KAZ,BELONG,-0.1429,0.2467,19769
PISA,2022,KAZ,ICTAVHOM,5.61,0.3088,19769
PISA,2022,KAZ,ICTAVSCH,6.4437,0.3908,19769
PISA,2022,KHM,ESCS,-2.0113,0.2524,5279
PISA,2022,KHM,HOMEPOS,-2.3418,0.2221,5279
PISA,2022,KHM,BELONG,-0.427,0.1234,5279
PISA,2022,KOR,ESCS,0.2244,0.1012,6454
PISA,2022,KOR,HOMEPOS,0.3564,0.1234,6454
PISA,2022,KOR,BELONG,0.2625,0.1233,6454
PISA,2022,KOR,ICTAVHOM,5.8703,0.0854,6454
PISA,2022,KOR,ICTAVSCH,6.5679,0.1742,6454
PISA,2022,KSV,ESCS,-0.3432,0.4762,6027
PISA,2022,KSV,HOMEPOS,-0.6111,0.496,6027
PISA,2022,LTU,ESCS,0.0523,0.4856,7257
PISA,2022,LTU,HOMEPOS,-0.0362,0.4498,7257
PISA,2022,LTU,BELONG,-0.0234,0.5364,7257
PISA,2022,LTU,ICTAVHOM,5.6529,0.5696,7257
PISA,2022,LTU,ICTAVSCH,6.439,0.7569,7257
PISA,2022,LVA,ESCS,-0.0095,0.4696,5373
PISA,2022,LVA,HOMEPOS,0.0095,0.4405,5373
PISA,2022,LVA,BELONG,-0.2454,0.4685,5373
PISA,2022,LVA,ICTAVHOM,5.6926,0.4967,5373
PISA,2022,LVA,ICTAVSCH,6.4651,0.7012,5373
PISA,2022,MAC,ESCS,-0.4489,0.9041,4384
PISA,2022,MAC,HOMEPOS,-0.2534,0.8404,4384
PISA,2022,MAC,BELONG,-0.3115,0.7298,4384
PISA,2022,MAC,ICTAVHOM,5.8125,0.708,4384
PISA,2022,MAC,ICTAVSCH,6.1535,1.7111,4384
PISA,2022,MAR,ESCS,-1.7845,0.166,6867
PISA,2022,MAR,HOMEPOS,-1.7448,0.1479,6867
PISA,2022,MAR,BELONG,-0.2861,0.0966,6867
PISA,2022,MAR,ICTAVHOM,5.3604,0.1688,6867
PISA,2022,MAR,ICTAVSCH,6.1115,0.2106,6867
PISA,2022,MDA,ESCS,-0.5225,0.4457,6235
PISA,2022,MDA,HOMEPOS,-0.8613,0.4179,6235
PISA,2022,MDA,BELONG,-0.0596,0.4207,6235
PISA,2022,MEX,ESCS,-0.9524,0.0781,6288
PISA,2022,MEX,HOMEPOS,-1.0832,0.0672,6288
PISA,2022,MEX,BELONG,-0.1832,0.0704,6288
PISA,2022,MKD,ESCS,-0.2798,0.5897,6610
PISA,2022,MKD,HOMEPOS,-0.5,0.5808,6610
PISA,2022,MKD,BELONG,0.12,0.6142,6610
PISA,2022,MLT,ESCS,0.0192,0.8701,3127
PISA,2022,MLT,HOMEPOS,0.2844,0.7686,3127
PISA,2022,MLT,BELONG,-0.237,0.8072,3127
PISA,2022,MLT,ICTAVHOM,5.5006,1.074,3127
PISA,2022,MLT,ICTAVSCH,5.298,2.1653,3127
PISA,2022,MNE,ESCS,-0.2055,0.8212,5793
PISA,2022,MNE,HOMEPOS,-0.2828,0.8711,5793
PISA,2022,MNE,BELONG,0.1357,0.9536,5793
PISA,2022,MNG,ESCS,-0.7291,0.4413,6999
PISA,2022,MNG,HOMEPOS,-1.3049,0.3913,6999
PISA,2022,MNG,BELONG,-0.1504,0.3354,6999
PISA,2022,MYS,ESCS,-0.6849,0.1397,7069
PISA,2022,MYS,HOMEPOS,-0.9252,0.1303,7069
PISA,2022,MYS,BELONG,-0.2728,0.0973,7069
PISA,2022,MYS,ICTAVHOM,5.5201,0.1567,7069
PISA,2022,MYS,ICTAVSCH,6.0304,0.2574,7069
PISA,2022,NLD,ESCS,0.2535,0.1573,5046
PISA,2022,NLD,HOMEPOS,0.2653,0.1444,5046
PISA,2022,NLD,BELONG,0.1024,0.1552,5046
PISA,2022,NOR,ESCS,0.5215,0.2795,6611
PISA,2022,NOR,HOMEPOS,0.5462,0.326,6611
PISA,2022,NOR,BELONG,0.2258,0.38,6611
PISA,2022,NZL,ESCS,0.2191,0.2652,4682
PISA,2022,NZL,HOMEPOS,0.3636,0.2495,4682
PISA,2022,NZL,BELONG,-0.2878,0.2352,4682
PISA,2022,PAN,ESCS,-0.9468,0.4282,4544
PISA,2022,PAN,HOMEPOS,-1.3164,0.4141,4544
PISA,2022,PAN,BELONG,-0.1913,0.3328,4544
PISA,2022,PAN,ICTAVHOM,5.2967,0.4888,4544
PISA,2022,PAN,ICTAVSCH,5.7976,0.6705,4544
PISA,2022,PER,ESCS,-1.1535,0.1464,6968
PISA,2022,PER,HOMEPOS,-1.4398,0.1405,6968
PISA,2022,PER,BELONG,-0.2025,0.0978,6968
PISA,2022,PHL,ESCS,-1.3379,0.0719,7193
PISA,2022,PHL,HOMEPOS,-1.7504,0.0724,7193
PISA,2022,PHL,BELONG,-0.3776,0.0454,7193
PISA,2022,POL,ESCS,-0.1051,0.1177,6011
PISA,2022,POL,HOMEPOS,0.0532,0.1074,6011
PISA,2022,POL,BELONG,-0.3121,0.1083,6011
PISA,2022,POL,ICTAVHOM,5.6086,0.1428,6011
PISA,2022,POL,ICTAVSCH,6.1169,0.2332,6011
PISA,2022,PRT,ESCS,-0.2264,0.3019,6793
PISA,2022,PRT,HOMEPOS,0.0499,0.2416,6793
PISA,2022,PRT,BELONG,0.0844,0.2467,6793
PISA,2022,PRY,ESCS,-1.2449,0.3326,5084
PISA,2022,PRY,HOMEPOS,-1.563,0.2838,5084
PISA,2022,PRY,BELONG,-0.242,0.2483,5084
PISA,2022,PSE,ESCS,-0.9119,0.3175,7905
PISA,2022,PSE,HOMEPOS,-1.5273,0.3656,7905
PISA,2022,PSE,BELONG,-0.1668,0.27,7905
PISA,2022,QAT,ESCS,0.1075,0.5566,7676
PISA,2022,QAT,HOMEPOS,-0.4698,0.6681,7676
PISA,2022,QAT,BELONG,-0.1562,0.6211,7676
PISA,2022,QAZ,ESCS,-0.5093,0.4687,7720
PISA,2022,QAZ,HOMEPOS,-1.0171,0.4877,7720
PISA,2022,QAZ,BELONG,-0.1662,0.5168,7720
PISA,2022,QUR,ESCS,-0.3511,0.1315,3876
PISA,2022,QUR,HOMEPOS,-0.5973,0.122,3876
PISA,2022,QUR,BELONG,-0.0821,0.1409,3876
PISA,2022,QUR,ICTAVHOM,5.467,0.1981,3876
PISA,2022,QUR,ICTAVSCH,6.1845,0.262,3876
PISA,2022,ROU,ESCS,-0.3621,0.2197,7364
PISA,2022,ROU,HOMEPOS,-0.4783,0.2172,7364
PISA,2022,ROU,BELONG,-0.0173,0.2001,7364
PISA,2022,ROU,ICTAVHOM,5.5124,0.2622,7364
PISA,2022,ROU,ICTAVSCH,6.1784,0.3622,7364
PISA,2022,SAU,ESCS,-0.2896,0.155,6928
PISA,2022,SAU,HOMEPOS,-0.6948,0.154,6928
PISA,2022,SAU,BELONG,0.0021,0.1499,6928
PISA,2022,SAU,ICTAVHOM,5.2651,0.2394,6928
PISA,2022,SAU,ICTAVSCH,5.7248,0.3264,6928
PISA,2022,SGP,ESCS,0.3064,0.3301,6606
PISA,2022,SGP,HOMEPOS,0.144,0.3382,6606
PISA,2022,SGP,BELONG,-0.2249,0.3405,6606
PISA,2022,SGP,ICTAVHOM,5.7331,0.3087,6606
PISA,2022,SGP,ICTAVSCH,6.6022,0.3809,6606
PISA,2022,SLV,ESCS,-1.3916,0.3841,6705
PISA,2022,SLV,HOMEPOS,-1.626,0.3473,6705
PISA,2022,SLV,BELONG,-0.269,0.3118,6705
PISA,2022,SRB,ESCS,-0.2024,0.2768,6413
PISA,2022,SRB,HOMEPOS,-0.2305,0.2574,6413
PISA,2022,SRB,BELONG,0.1805,0.3368,6413
PISA,2022,SVK,ESCS,-0.303,0.3374,5824
PISA,2022,SVK,HOMEPOS,-0.2331,0.3557,5824
PISA,2022,SVK,BELONG,-0.2007,0.3064,5824
PISA,2022,SVK,ICTAVHOM,5.5267,0.4304,5824
PISA,2022,SVK,ICTAVSCH,6.2143,0.5999,5824
PISA,2022,SVN,ESCS,0.2258,0.5042,6721
PISA,2022,SVN,HOMEPOS,0.2309,0.4917,6721
PISA,2022,SVN,BELONG,0.0386,0.5352,6721
PISA,2022,SVN,ICTAVHOM,5.7017,0.5104,6721
PISA,2022,SVN,ICTAVSCH,6.5605,0.6839,6721
PISA,2022,SWE,ESCS,0.3266,0.2007,6072
PISA,2022,SWE,HOMEPOS,0.3194,0.2075,6072
PISA,2022,SWE,BELONG,0.0883,0.2575,6072
PISA,2022,SWE,ICTAVHOM,5.6096,0.2549,6072
PISA,2022,SWE,ICTAVSCH,6.1616,0.3797,6072
PISA,2022,TAP,ESCS,-0.1854,0.157,5857
PISA,2022,TAP,HOMEPOS,-0.3315,0.1674,5857
PISA,2022,TAP,BELONG,0.013,0.1633,5857
PISA,2022,TAP,ICTAVHOM,5.7912,0.138,5857
PISA,2022,TAP,ICTAVSCH,6.2615,0.3095,5857
PISA,2022,THA,ESCS,-1.231,0.1346,8495
PISA,2022,THA,HOMEPOS,-1.4271,0.1232,8495
PISA,2022,THA,BELONG,-0.3433,0.0783,8495
PISA,2022,THA,ICTAVHOM,5.6141,0.1338,8495
PISA,2022,THA,ICTAVSCH,6.4879,0.1707,8495
PISA,2022,TUR,ESCS,-1.1854,0.1033,7250
PISA,2022,TUR,HOMEPOS,-1.0345,0.0897,7250
PISA,2022,TUR,BELONG,-0.3005,0.0856,7250
PISA,2022,TUR,ICTAVHOM,5.5624,0.0976,7250
PISA,2022,TUR,ICTAVSCH,6.3446,0.1355,7250
PISA,2022,URY,ESCS,-0.8329,0.456,6618
PISA,2022,URY,HOMEPOS,-0.7676,0.3687,6618
PISA,2022,URY,BELONG,-0.0823,0.374,6618
PISA,2022,URY,ICTAVHOM,5.319,0.5916,6618
PISA,2022,URY,ICTAVSCH,5.9145,0.7992,6618
PISA,2022,USA,ESCS,0.0562,0.0346,4552
PISA,2022,USA,HOMEPOS,0.1247,0.0324,4552
PISA,2022,USA,BELONG,-0.262,0.0317,4552
PISA,2022,USA,ICTAVHOM,5.7192,0.0305,4552
PISA,2022,USA,ICTAVSCH,6.6162,0.0366,4552
PISA,2022,UZB,ESCS,-0.6887,0.1232,7293
PISA,2022,UZB,HOMEPOS,-1.3062,0.1174,7293
PISA,2022,UZB,BELONG,0.0831,0.126,7293
PISA,2022,VNM,ESCS,-1.2884,0.0926,6068
PISA,2022,VNM,HOMEPOS,-1.274,0.0754,6068
PISA,2022,VNM,BELONG,-0.2822,0.059,6068
PISA,2025,ALB,ESCS,-0.6182,0.5616,5959
PISA,2025,ALB,HOMEPOS,-0.6685,0.4318,5959
PISA,2025,ALB,BELONG,0.6748,0.5215,5959
PISA,2025,ARE,ESCS,0.6816,0.4637,34639
PISA,2025,ARE,HOMEPOS,0.6347,0.7624,34639
PISA,2025,ARE,BELONG,-0.0131,0.6356,34639
PISA,2025,ARE,ICTAVSCH,8.3998,1.6531,34639
PISA,2025,ARG,ESCS,-0.6325,0.1436,11092
PISA,2025,ARG,HOMEPOS,-0.7675,0.1423,11092
PISA,2025,ARG,BELONG,-0.0445,0.1287,11092
PISA,2025,ARG,ICTAVSCH,7.4266,0.4426,11092
PISA,2025,ARM,ESCS,-0.4588,0.4718,6804
PISA,2025,ARM,HOMEPOS,-0.9855,0.5301,6804
PISA,2025,ARM,BELONG,0.1909,0.4918,6804
PISA,2025,AUS,ESCS,0.4763,0.1969,14658
PISA,2025,AUS,HOMEPOS,0.6484,0.1983,14658
PISA,2025,AUS,BELONG,-0.1622,0.1958,14658
PISA,2025,AUS,ICTAVSCH,9.1748,0.3984,14658
PISA,2025,AUT,ESCS,0.0731,0.2803,6987
PISA,2025,AUT,HOMEPOS,0.3478,0.2881,6987
PISA,2025,AUT,BELONG,0.495,0.3445,6987
PISA,2025,AUT,ICTAVSCH,9.138,0.576,6987
PISA,2025,AZE,ESCS,-0.4818,0.2498,7432
PISA,2025,AZE,HOMEPOS,-1.0561,0.251,7432
PISA,2025,AZE,BELONG,0.2349,0.2854,7432
PISA,2025,BEL,ESCS,0.1369,0.2391,7456
PISA,2025,BEL,HOMEPOS,0.1516,0.2131,7456
PISA,2025,BEL,BELONG,0.1228,0.209,7456
PISA,2025,BEL,ICTAVSCH,8.9197,0.5011,7456
PISA,2025,BGR,ESCS,-0.182,0.3286,6830
PISA,2025,BGR,HOMEPOS,-0.2796,0.3653,6830
PISA,2025,BGR,BELONG,-0.0083,0.3537,6830
PISA,2025,BGR,ICTAVSCH,7.9629,1.0181,6830
PISA,2025,BRA,ESCS,-1.0994,0.1338,30140
PISA,2025,BRA,HOMEPOS,-1.527,0.1346,30140
PISA,2025,BRA,BELONG,-0.0451,0.1114,30140
PISA,2025,BRN,ESCS,-0.058,0.9678,5730
PISA,2025,BRN,HOMEPOS,0.1009,1.0932,5730
PISA,2025,BRN,BELONG,-0.4303,0.6371,5730
PISA,2025,BRN,ICTAVSCH,8.3886,2.7406,5730
PISA,2025,CAN,ESCS,0.434,0.2056,24601
PISA,2025,CAN,HOMEPOS,0.4772,0.2391,24601
PISA,2025,CAN,BELONG,-0.1147,0.2365,24601
PISA,2025,CHE,ESCS,0.1613,0.2974,7597
PISA,2025,CHE,HOMEPOS,0.2742,0.2768,7597
PISA,2025,CHE,BELONG,0.3769,0.318,7597
PISA,2025,CHE,ICTAVSCH,8.938,0.6429,7597
PISA,2025,CHL,ESCS,-0.4468,0.1636,6573
PISA,2025,CHL,HOMEPOS,-0.6038,0.1656,6573
PISA,2025,CHL,BELONG,-0.0442,0.156,6573
PISA,2025,COL,ESCS,-1.0828,0.1248,7268
PISA,2025,COL,HOMEPOS,-1.4688,0.1246,7268
PISA,2025,COL,BELONG,0.0521,0.1059,7268
PISA,2025,CRI,BELONG,0.2107,0.3743,6881
PISA,2025,CZE,ESCS,-0.1125,0.2345,8462
PISA,2025,CZE,HOMEPOS,-0.0503,0.2406,8462
PISA,2025,CZE,BELONG,-0.1904,0.228,8462
PISA,2025,DEU,ESCS,-0.1661,0.0983,6659
PISA,2025,DEU,HOMEPOS,0.1972,0.091,6659
PISA,2025,DEU,BELONG,0.2353,0.0906,6659
PISA,2025,DEU,ICTAVSCH,9.0766,0.1838,6659
PISA,2025,DNK,ESCS,0.3836,0.2439,5098
PISA,2025,DNK,HOMEPOS,0.4005,0.2495,5098
PISA,2025,DNK,BELONG,0.1396,0.2807,5098
PISA,2025,DOM,ESCS,-0.8019,0.2647,7080
PISA,2025,DOM,HOMEPOS,-1.4376,0.2704,7080
PISA,2025,DOM,BELONG,-0.0217,0.2462,7080
PISA,2025,DOM,ICTAVSCH,7.2601,0.8008,7080
PISA,2025,ECU,ESCS,-1.0724,0.2032,9128
PISA,2025,ECU,HOMEPOS,-1.2838,0.2131,9128
PISA,2025,ECU,BELONG,-0.0066,0.1762,9128
PISA,2025,ESP,ESCS,-0.0566,0.2621,29966
PISA,2025,ESP,HOMEPOS,-0.0254,0.22,29966
PISA,2025,ESP,BELONG,0.4586,0.2702,29966
PISA,2025,ESP,ICTAVSCH,8.7853,0.5468,29966
PISA,2025,EST,ESCS,0.1367,0.5349,6304
PISA,2025,EST,HOMEPOS,-0.0429,0.5113,6304
PISA,2025,EST,BELONG,-0.0363,0.5798,6304
PISA,2025,EST,ICTAVSCH,9.3881,0.9296,6304
PISA,2025,FIN,ESCS,0.1678,0.2873,7668
PISA,2025,FIN,HOMEPOS,0.0761,0.2761,7668
PISA,2025,FIN,BELONG,0.1656,0.3671,7668
PISA,2025,FIN,ICTAVSCH,9.2086,0.629,7668
PISA,2025,FRA,ESCS,-0.0942,0.0861,6501
PISA,2025,FRA,HOMEPOS,-0.091,0.0779,6501
PISA,2025,FRA,BELONG,0.0582,0.0889,6501
PISA,2025,GBR,ESCS,0.1081,0.1494,15546
PISA,2025,GBR,HOMEPOS,0.1891,0.1414,15546
PISA,2025,GBR,BELONG,-0.0994,0.1291,15546
PISA,2025,GBR,ICTAVSCH,9.0706,0.4422,15546
PISA,2025,GEO,ESCS,-0.3271,0.3253,6855
PISA,2025,GEO,HOMEPOS,-0.6125,0.3313,6855
PISA,2025,GEO,BELONG,0.0764,0.2992,6855
PISA,2025,GEO,ICTAVSCH,8.1629,1.0024,6855
PISA,2025,GRC,ESCS,-0.276,0.2444,6858
PISA,2025,GRC,HOMEPOS,-0.4975,0.2199,6858
PISA,2025,GRC,BELONG,-0.0402,0.2302,6858
PISA,2025,GRC,ICTAVSCH,8.7364,0.6174,6858
PISA,2025,GTM,ESCS,-1.3226,0.233,7014
PISA,2025,GTM,HOMEPOS,-1.2768,0.2259,7014
PISA,2025,HKG,ESCS,-0.3461,0.3568,6445
PISA,2025,HKG,HOMEPOS,-0.3441,0.3414,6445
PISA,2025,HKG,BELONG,-0.317,0.2805,6445
PISA,2025,HKG,ICTAVSCH,9.1135,0.7379,6445
PISA,2025,HRV,ESCS,-0.0981,0.3393,6424
PISA,2025,HRV,HOMEPOS,-0.0776,0.2993,6424
PISA,2025,HRV,BELONG,0.4597,0.4284,6424
PISA,2025,HUN,ESCS,-0.0602,0.255,6387
PISA,2025,HUN,HOMEPOS,-0.0421,0.237,6387
PISA,2025,HUN,BELONG,0.2283,0.2631,6387
PISA,2025,HUN,ICTAVSCH,9.0035,0.5974,6387
PISA,2025,IDN,ESCS,-1.4389,0.0608,14168
PISA,2025,IDN,HOMEPOS,-1.6773,0.0581,14168
PISA,2025,IDN,BELONG,-0.0749,0.0444,14168
PISA,2025,IRL,ESCS,0.3262,0.2639,6356
PISA,2025,IRL,HOMEPOS,0.4616,0.2562,6356
PISA,2025,IRL,BELONG,-0.1143,0.2408,6356
PISA,2025,IRL,ICTAVSCH,9.055,0.5393,6356
PISA,2025,ISL,ESCS,0.3519,0.7217,3974
PISA,2025,ISL,HOMEPOS,0.3013,0.7202,3974
PISA,2025,ISL,BELONG,0.3564,0.9884,3974
PISA,2025,ISL,ICTAVSCH,9.0418,1.7993,3974
PISA,2025,ISR,ESCS,0.3234,0.1912,7330
PISA,2025,ISR,HOMEPOS,0.0576,0.2273,7330
PISA,2025,ISR,BELONG,0.1827,0.23,7330
PISA,2025,ISR,ICTAVSCH,8.4734,0.5938,7330
PISA,2025,ITA,ESCS,-0.1394,0.131,8946
PISA,2025,ITA,HOMEPOS,0.0643,0.1147,8946
PISA,2025,ITA,BELONG,0.0147,0.1069,8946
PISA,2025,ITA,ICTAVSCH,9.0915,0.2425,8946
PISA,2025,JOR,ESCS,-0.6156,0.2424,8290
PISA,2025,JOR,HOMEPOS,-1.1389,0.2737,8290
PISA,2025,JOR,BELONG,-0.0515,0.2156,8290
PISA,2025,JOR,ICTAVSCH,7.3724,0.7196,8290
PISA,2025,JPN,ESCS,-0.0594,0.0591,6554
PISA,2025,JPN,HOMEPOS,-0.3467,0.0603,6554
PISA,2025,JPN,BELONG,0.4203,0.0866,6554
PISA,2025,JPN,ICTAVSCH,9.2298,0.1561,6554
PISA,2025,KAZ,ESCS,-0.3577,0.2365,22680
PISA,2025,KAZ,HOMEPOS,-0.9182,0.2243,22680
PISA,2025,KAZ,BELONG,0.1337,0.2419,22680
PISA,2025,KEN,ESCS,-1.3849,0.1087,6459
PISA,2025,KEN,HOMEPOS,-1.9341,0.1296,6459
PISA,2025,KEN,BELONG,-0.2131,0.0611,6459
PISA,2025,KGZ,ESCS,-0.7501,0.2438,6645
PISA,2025,KGZ,HOMEPOS,-1.4707,0.2298,6645
PISA,2025,KGZ,BELONG,0.0491,0.2273,6645
PISA,2025,KHM,ESCS,-2.2033,0.2558,5464
PISA,2025,KHM,HOMEPOS,-2.5311,0.2496,5464
PISA,2025,KOR,ESCS,0.173,0.0955,6859
PISA,2025,KOR,HOMEPOS,-0.065,0.0888,6859
PISA,2025,KOR,BELONG,0.3101,0.1305,6859
PISA,2025,KOR,ICTAVSCH,9.4845,0.1942,6859
PISA,2025,KSV,ESCS,-0.4352,0.5549,6632
PISA,2025,KSV,HOMEPOS,-0.4931,0.5282,6632
PISA,2025,KSV,BELONG,0.1395,0.4898,6632
PISA,2025,LBN,ESCS,-0.1231,0.365,7382
PISA,2025,LBN,HOMEPOS,-0.5079,0.4283,7382
PISA,2025,LBN,ICTAVSCH,6.9285,1.149,7382
PISA,2025,LTU,ESCS,0.1101,0.4356,7718
PISA,2025,LTU,HOMEPOS,-0.1477,0.4196,7718
PISA,2025,LTU,BELONG,-0.1131,0.4269,7718
PISA,2025,LUX,ESCS,0.1544,1.0725,6078
PISA,2025,LUX,HOMEPOS,0.4199,0.9759,6078
PISA,2025,LUX,BELONG,0.0942,0.8775,6078
PISA,2025,LUX,ICTAVSCH,9.0548,1.8739,6078
PISA,2025,LVA,ESCS,-0.0339,0.5344,6968
PISA,2025,LVA,HOMEPOS,-0.2839,0.5283,6968
PISA,2025,LVA,BELONG,-0.1059,0.5698,6968
PISA,2025,MAC,ESCS,-0.3428,0.8443,4953
PISA,2025,MAC,HOMEPOS,-0.2713,0.847,4953
PISA,2025,MAC,BELONG,-0.2687,0.7519,4953
PISA,2025,MAC,ICTAVSCH,8.917,2.204,4953
PISA,2025,MAR,ESCS,-1.655,0.143,6978
PISA,2025,MAR,HOMEPOS,-1.7103,0.1339,6978
PISA,2025,MAR,BELONG,-0.0782,0.0975,6978
PISA,2025,MAR,ICTAVSCH,8.0597,0.3121,6978
PISA,2025,MDA,ESCS,-0.6047,0.4579,6640
PISA,2025,MDA,HOMEPOS,-0.9158,0.4055,6640
PISA,2025,MDA,BELONG,-0.0046,0.4397,6640
PISA,2025,MEX,ESCS,-0.9021,0.083,7843
PISA,2025,MEX,HOMEPOS,-0.9141,0.0772,7843
PISA,2025,MEX,BELONG,0.0545,0.0673,7843
PISA,2025,MKD,ESCS,-0.2359,0.6298,6977
PISA,2025,MKD,HOMEPOS,-0.3147,0.5891,6977
PISA,2025,MKD,BELONG,0.256,0.6529,6977
PISA,2025,MLT,ESCS,0.1387,0.9075,3680
PISA,2025,MLT,HOMEPOS,0.3937,0.9027,3680
PISA,2025,MLT,BELONG,-0.1389,0.8151,3680
PISA,2025,MNE,ESCS,-0.3147,0.819,6436
PISA,2025,MNE,HOMEPOS,-0.4347,0.811,6436
PISA,2025,MNE,BELONG,0.3517,0.9981,6436
PISA,2025,MNG,ESCS,-0.777,0.3515,7146
PISA,2025,MNG,HOMEPOS,-1.4526,0.3422,7146
PISA,2025,MNG,BELONG,0.1905,0.319,7146
PISA,2025,MNG,ICTAVSCH,9.0476,0.6987,7146
PISA,2025,MUS,ESCS,-0.6896,0.7028,5360
PISA,2025,MUS,HOMEPOS,-0.8156,0.6874,5360
PISA,2025,MUS,BELONG,-0.2253,0.5574,5360
PISA,2025,MYS,ESCS,-0.731,0.1492,7624
PISA,2025,MYS,HOMEPOS,-1.0637,0.156,7624
PISA,2025,MYS,BELONG,-0.1947,0.0974,7624
PISA,2025,MYS,ICTAVSCH,8.4377,0.3672,7624
PISA,2025,NLD,ESCS,0.1533,0.184,6636
PISA,2025,NLD,HOMEPOS,0.3241,0.1632,6636
PISA,2025,NLD,BELONG,0.2294,0.1697,6636
PISA,2025,NLD,ICTAVSCH,8.9125,0.3926,6636
PISA,2025,NOR,ESCS,0.4201,0.2767,6469
PISA,2025,NOR,HOMEPOS,0.468,0.293,6469
PISA,2025,NOR,BELONG,0.3929,0.3687,6469
PISA,2025,NZL,ESCS,0.1941,0.2739,5004
PISA,2025,NZL,HOMEPOS,0.3342,0.2571,5004
PISA,2025,NZL,BELONG,-0.2293,0.2186,5004
PISA,2025,NZL,ICTAVSCH,8.9657,0.5654,5004
PISA,2025,PER,ESCS,-1.1907,0.1391,6991
PISA,2025,PER,HOMEPOS,-1.5815,0.1522,6991
PISA,2025,PER,BELONG,-0.1923,0.0851,6991
PISA,2025,PHL,ESCS,-1.5326,0.0819,8072
PISA,2025,PHL,HOMEPOS,-1.9371,0.0848,8072
PISA,2025,PHL,BELONG,-0.2873,0.0507,8072
PISA,2025,POL,ESCS,-0.0718,0.118,7103
PISA,2025,POL,HOMEPOS,-0.0179,0.1128,7103
PISA,2025,POL,BELONG,-0.1763,0.1094,7103
PISA,2025,POL,ICTAVSCH,8.8165,0.3023,7103
PISA,2025,PRT,ESCS,-0.1835,0.2977,6945
PISA,2025,PRT,HOMEPOS,0.0416,0.2537,6945
PISA,2025,PRT,BELONG,0.1597,0.2535,6945
PISA,2025,PRY,ESCS,-0.9837,0.3366,6507
PISA,2025,PRY,HOMEPOS,-1.1846,0.3126,6507
PISA,2025,PRY,BELONG,-0.154,0.2646,6507
PISA,2025,PSE,ESCS,-0.6173,0.4329,9647
PISA,2025,PSE,HOMEPOS,-0.8387,0.4664,9647
PISA,2025,PSE,BELONG,-0.1209,0.3951,9647
PISA,2025,QAT,ESCS,0.5928,0.4158,6674
PISA,2025,QAT,HOMEPOS,0.3455,0.6598,6674
PISA,2025,QAT,BELONG,-0.1444,0.5095,6674
PISA,2025,QAT,ICTAVSCH,7.989,1.6099,6674
PISA,2025,QCI,ESCS,-0.5242,0.0928,12385
PISA,2025,QCI,HOMEPOS,-0.4423,0.0774,12385
PISA,2025,QCI,BELONG,-0.0398,0.0855,12385
PISA,2025,QCI,ICTAVSCH,6.8524,0.3817,12385
PISA,2025,QKI,ESCS,-1.5108,0.2649,5732
PISA,2025,QKI,HOMEPOS,-1.7763,0.2481,5732
PISA,2025,QTJ,ESCS,-0.7002,0.4707,5771
PISA,2025,QTJ,HOMEPOS,-1.4049,0.4475,5771
PISA,2025,QTJ,BELONG,-0.1118,0.4223,5771
PISA,2025,QUA,ESCS,-0.3018,0.1411,7105
PISA,2025,QUA,HOMEPOS,-0.7677,0.1317,7105
PISA,2025,QUA,BELONG,0.0643,0.1617,7105
PISA,2025,QUA,ICTAVSCH,8.4643,0.4353,7105
PISA,2025,ROU,ESCS,-0.3412,0.2238,7725
PISA,2025,ROU,HOMEPOS,-0.3804,0.2137,7725
PISA,2025,ROU,BELONG,0.1395,0.2168,7725
PISA,2025,ROU,ICTAVSCH,8.5906,0.5193,7725
PISA,2025,RWA,ESCS,-2.1482,0.3431,6622
PISA,2025,RWA,HOMEPOS,-2.7184,0.4062,6622
PISA,2025,SAU,ESCS,0.3674,0.1429,7272
PISA,2025,SAU,HOMEPOS,0.2344,0.1982,7272
PISA,2025,SAU,BELONG,0.4314,0.1643,7272
PISA,2025,SGP,ESCS,0.4305,0.3206,6551
PISA,2025,SGP,HOMEPOS,0.2594,0.3602,6551
PISA,2025,SGP,BELONG,-0.1074,0.3484,6551
PISA,2025,SGP,ICTAVSCH,9.0587,0.6717,6551
PISA,2025,SLV,BELONG,-0.0825,0.2931,7073
PISA,2025,SRB,ESCS,-0.2004,0.3125,7041
PISA,2025,SRB,HOMEPOS,-0.2761,0.305,7041
PISA,2025,SRB,BELONG,0.3279,0.3895,7041
PISA,2025,SVK,ESCS,-0.158,0.3395,6682
PISA,2025,SVK,HOMEPOS,-0.138,0.3277,6682
PISA,2025,SVK,BELONG,-0.0419,0.3185,6682
PISA,2025,SVN,ESCS,0.1975,0.4739,7366
PISA,2025,SVN,HOMEPOS,0.0767,0.4952,7366
PISA,2025,SVN,BELONG,0.165,0.5152,7366
PISA,2025,SVN,ICTAVSCH,9.1002,1.0771,7366
PISA,2025,SWE,ESCS,0.3084,0.2083,6688
PISA,2025,SWE,HOMEPOS,0.284,0.2089,6688
PISA,2025,SWE,BELONG,0.3036,0.2572,6688
PISA,2025,TAP,ESCS,-0.0329,0.1739,7279
PISA,2025,TAP,HOMEPOS,-0.1231,0.1855,7279
PISA,2025,TAP,BELONG,0.013,0.1837,7279
PISA,2025,TAP,ICTAVSCH,9.3278,0.3613,7279
PISA,2025,THA,ESCS,-1.0997,0.136,8547
PISA,2025,THA,HOMEPOS,-1.2788,0.1346,8547
PISA,2025,THA,BELONG,-0.2585,0.0845,8547
PISA,2025,TUR,ESCS,-1.0046,0.1043,7702
PISA,2025,TUR,HOMEPOS,-1.1191,0.093,7702
PISA,2025,TUR,BELONG,0.0501,0.0884,7702
PISA,2025,TUR,ICTAVSCH,8.6579,0.218,7702
PISA,2025,URY,ESCS,-0.8739,0.5049,6572
PISA,2025,URY,HOMEPOS,-0.7563,0.4171,6572
PISA,2025,URY,BELONG,0.2751,0.4744,6572
PISA,2025,URY,ICTAVSCH,8.3403,1.1779,6572
PISA,2025,USA,ESCS,0.2567,0.0343,4623
PISA,2025,USA,HOMEPOS,0.5265,0.0338,4623
PISA,2025,USA,BELONG,-0.205,0.0299,4623
PISA,2025,USA,ICTAVSCH,9.0103,0.0647,4623
PISA,2025,UZB,ESCS,-0.6589,0.129,8652
PISA,2025,UZB,HOMEPOS,-0.9296,0.1377,8652
PISA,2025,UZB,BELONG,0.2385,0.1167,8652
PISA,2025,VNM,ESCS,-1.0146,0.0921,7368
PISA,2025,VNM,HOMEPOS,-1.1171,0.0788,7368
PISA,2025,VNM,BELONG,-0.2781,0.0522,7368
PISA,2025,ZMB,ESCS,-1.5022,0.1614,5735
PISA,2025,ZMB,HOMEPOS,-2.9764,0.2114,5735
TIMSS,2023,AAD,BSDGEDUP,3.3013,1.4476,12109
TIMSS,2023,ASH,BSDGEDUP,3.0326,1.3747,6385
TIMSS,2023,AUS,BSDGEDUP,3.0395,0.3532,8442
TIMSS,2023,AZE,BSDGEDUP,3.1518,0.3495,6174
TIMSS,2023,BHR,BSDGEDUP,3.4257,1.1114,5168
TIMSS,2023,BRA,BSDGEDUP,3.6637,0.1714,22770
TIMSS,2023,CHL,BSDGEDUP,2.7909,0.2508,4478
TIMSS,2023,CIV,BSDGEDUP,4.3895,0.2323,8284
TIMSS,2023,CYP,BSDGEDUP,2.6453,1.344,4200
TIMSS,2023,CZE,BSDGEDUP,2.8136,0.4658,8110
TIMSS,2023,ENG,BSDGEDUP,3.3173,0.1905,4239
TIMSS,2023,FIN,BSDGEDUP,3.2386,0.6898,5880
TIMSS,2023,FRA,BSDGEDUP,3.6206,0.1582,4511
TIMSS,2023,GEO,BSDGEDUP,3.077,0.6443,4872
TIMSS,2023,HKG,BSDGEDUP,3.4622,0.5725,4463
TIMSS,2023,HUN,BSDGEDUP,2.6095,0.4256,5426
TIMSS,2023,IRL,BSDGEDUP,3.2526,0.5702,5090
TIMSS,2023,IRN,BSDGEDUP,2.9552,0.1132,6226
TIMSS,2023,ITA,BSDGEDUP,2.8935,0.1585,4591
TIMSS,2023,JPN,BSDGEDUP,2.7786,0.1239,3905
TIMSS,2023,KAZ,BSDGEDUP,2.9517,0.2781,6362
TIMSS,2023,KOR,BSDGEDUP,2.9276,0.2273,4257
TIMSS,2023,KWT,BSDGEDUP,3.1814,0.6784,4332
TIMSS,2023,LTU,BSDGEDUP,2.9557,0.9685,5421
TIMSS,2023,MAR,BSDGEDUP,3.8886,0.1975,8745
TIMSS,2023,MYS,BSDGEDUP,3.115,0.2355,8780
TIMSS,2023,NOR,BSDGEDUP,2.9463,0.7288,6324
TIMSS,2023,NZL,BSDGEDUP,3.9211,0.5594,3930
TIMSS,2023,OMN,BSDGEDUP,3.2309,0.6985,8226
TIMSS,2023,PRT,BSDGEDUP,3.1143,0.4302,5414
TIMSS,2023,PSE,BSDGEDUP,2.9537,0.4467,6532
TIMSS,2023,ROM,BSDGEDUP,2.7239,0.258,3722
TIMSS,2023,SGP,BSDGEDUP,3.4224,0.7845,4772
TIMSS,2023,SWE,BSDGEDUP,3.111,0.4584,5082
TIMSS,2023,TUR,BSDGEDUP,3.1119,0.1122,4925
TIMSS,2023,TWN,BSDGEDUP,2.4588,0.3113,5543
TIMSS,2023,USA,BSDGEDUP,3.1166,0.0986,8074
TIMSS,2023,UZB,BSDGEDUP,2.9988,0.1454,4339
TIMSS,2019,AAD,ITSEX,1.5275,0.2942,8204
TIMSS,2019,AAD,BSDGEDUP,3.403,1.3003,8204
TIMSS,2019,AAD,ITSEX,1.5271,0.3146,9380
TIMSS,2019,AAD,BSDGEDUP,3.4147,1.3933,9380
TIMSS,2019,ADU,ITSEX,1.4972,0.2993,6544
TIMSS,2019,ADU,BSDGEDUP,2.8408,1.3007,6544
TIMSS,2019,ARE,ITSEX,1.481,0.0906,2089
TIMSS,2019,ARE,BSDGEDUP,3.2173,0.3973,2089
TIMSS,2019,ARE,ITSEX,1.5222,0.3072,25539
TIMSS,2019,ARE,BSDGEDUP,3.1687,1.3435,25539
TIMSS,2019,AUS,ITSEX,1.5051,0.0906,9060
TIMSS,2019,AUS,BSDGEDUP,3.2555,0.3847,9060
TIMSS,2019,BHR,ITSEX,1.5097,0.2887,5725
TIMSS,2019,BHR,BSDGEDUP,3.0313,1.152,5725
TIMSS,2019,CHL,ITSEX,1.5115,0.0663,4115
TIMSS,2019,CHL,BSDGEDUP,2.8193,0.2088,4115
TIMSS,2019,CHL,ITSEX,1.5114,0.0708,4697
TIMSS,2019,CHL,BSDGEDUP,2.813,0.2229,4697
TIMSS,2019,COT,ITSEX,1.5025,0.0833,3776
TIMSS,2019,COT,BSDGEDUP,3.217,0.3634,3776
TIMSS,2019,COT,ITSEX,1.5079,0.0892,4330
TIMSS,2019,COT,BSDGEDUP,3.1808,0.3879,4330
TIMSS,2019,CQU,ITSEX,1.4898,0.1103,3638
TIMSS,2019,CQU,BSDGEDUP,2.9913,0.4647,3638
TIMSS,2019,CYP,ITSEX,1.5064,0.3189,3521
TIMSS,2019,CYP,BSDGEDUP,2.7237,1.2762,3521
TIMSS,2019,EGY,ITSEX,1.4507,0.0351,7210
TIMSS,2019,EGY,BSDGEDUP,2.9302,0.1287,7210
TIMSS,2019,ENG,ITSEX,1.5056,0.0267,1592
TIMSS,2019,ENG,BSDGEDUP,3.8125,0.1182,1592
TIMSS,2019,ENG,ITSEX,1.4716,0.0407,3858
TIMSS,2019,ENG,BSDGEDUP,3.8306,0.1795,3858
TIMSS,2019,FIN,ITSEX,1.5157,0.1585,5570
TIMSS,2019,FIN,BSDGEDUP,3.4039,0.6835,5570
TIMSS,2019,FRA,ITSEX,1.5137,0.0347,3874
TIMSS,2019,FRA,BSDGEDUP,3.7504,0.1416,3874
TIMSS,2019,FRA,ITSEX,1.5122,0.037,4426
TIMSS,2019,FRA,BSDGEDUP,3.7456,0.1518,4426
TIMSS,2019,GEO,ITSEX,1.5133,0.0874,1314
TIMSS,2019,GEO,BSDGEDUP,3.2292,0.3457,1314
TIMSS,2019,GEO,ITSEX,1.5161,0.147,3789
TIMSS,2019,GEO,BSDGEDUP,3.0841,0.5623,3789
TIMSS,2019,HKG,ITSEX,1.5369,0.1226,3265
TIMSS,2019,HKG,BSDGEDUP,3.3747,0.4663,3265
TIMSS,2019,HUN,ITSEX,1.4993,0.0727,1751
TIMSS,2019,HUN,BSDGEDUP,2.596,0.2224,1751
TIMSS,2019,HUN,ITSEX,1.4978,0.1142,4569
TIMSS,2019,HUN,BSDGEDUP,2.6898,0.3624,4569
TIMSS,2019,HUN,ITSEX,1.4982,0.1221,5219
TIMSS,2019,HUN,BSDGEDUP,2.6936,0.3889,5219
TIMSS,2019,IRN,ITSEX,1.5313,0.0373,5980
TIMSS,2019,IRN,BSDGEDUP,2.9645,0.1118,5980
TIMSS,2019,ISR,ITSEX,1.4722,0.0647,1863
TIMSS,2019,ISR,BSDGEDUP,2.8421,0.2723,1863
TIMSS,2019,ISR,ITSEX,1.4871,0.1017,4268
TIMSS,2019,ISR,BSDGEDUP,2.7187,0.4147,4268
TIMSS,2019,ITA,ITSEX,1.4938,0.0295,2032
TIMSS,2019,ITA,BSDGEDUP,2.9729,0.0958,2032
TIMSS,2019,ITA,ITSEX,1.5035,0.0412,3619
TIMSS,2019,ITA,BSDGEDUP,2.9474,0.1326,3619
TIMSS,2019,ITA,ITSEX,1.5024,0.044,4138
TIMSS,2019,ITA,BSDGEDUP,2.9595,0.1418,4138
TIMSS,2019,JOR,ITSEX,1.52,0.1113,7176
TIMSS,2019,JOR,BSDGEDUP,2.6368,0.3363,7176
TIMSS,2019,KAZ,ITSEX,1.5133,0.0694,4453
TIMSS,2019,KAZ,BSDGEDUP,2.3987,0.2155,4453
TIMSS,2019,KOR,ITSEX,1.5223,0.05,4409
TIMSS,2019,KOR,BSDGEDUP,2.8911,0.2131,4409
TIMSS,2019,LTU,ITSEX,1.4974,0.1311,1687
TIMSS,2019,LTU,BSDGEDUP,3.0588,0.5458,1687
TIMSS,2019,LTU,ITSEX,1.4953,0.2094,4366
TIMSS,2019,LTU,BSDGEDUP,2.9967,0.8732,4366
TIMSS,2019,MAR,ITSEX,1.5021,0.0664,8458
TIMSS,2019,MAR,BSDGEDUP,3.8576,0.2142,8458
TIMSS,2019,MYS,ITSEX,1.4933,0.0659,7065
TIMSS,2019,MYS,BSDGEDUP,3.8801,0.2361,7065
TIMSS,2019,MYS,ITSEX,1.4959,0.0705,8077
TIMSS,2019,MYS,BSDGEDUP,3.8746,0.2528,8077
TIMSS,2019,NOR,ITSEX,1.4912,0.0918,2018
TIMSS,2019,NOR,BSDGEDUP,3.0674,0.4137,2018
TIMSS,2019,NOR,ITSEX,1.5118,0.1373,4575
TIMSS,2019,NOR,BSDGEDUP,3.0058,0.6177,4575
TIMSS,2019,NOR,ITSEX,1.5107,0.1466,5215
TIMSS,2019,NOR,BSDGEDUP,3.0125,0.6616,5215
TIMSS,2019,NZL,ITSEX,1.5152,0.1614,6051
TIMSS,2019,NZL,BSDGEDUP,4.1641,0.6841,6051
TIMSS,2019,PRT,ITSEX,1.5005,0.091,3377
TIMSS,2019,PRT,BSDGEDUP,3.3082,0.3271,3377
TIMSS,2019,PRT,ITSEX,1.4989,0.0973,3867
TIMSS,2019,PRT,BSDGEDUP,3.3161,0.35,3867
TIMSS,2019,QAT,ITSEX,1.4824,0.1391,1490
TIMSS,2019,QAT,BSDGEDUP,2.8627,0.6015,1490
TIMSS,2019,QAT,ITSEX,1.5027,0.2289,3884
TIMSS,2019,QAT,BSDGEDUP,2.9519,0.9805,3884
TIMSS,2019,RMO,ITSEX,1.5162,0.1017,3783
TIMSS,2019,RMO,BSDGEDUP,2.1879,0.3859,3783
TIMSS,2019,RMO,ITSEX,1.5194,0.1087,4324
TIMSS,2019,RMO,BSDGEDUP,2.1904,0.4124,4324
TIMSS,2019,RUS,ITSEX,1.4934,0.0194,2083
TIMSS,2019,RUS,BSDGEDUP,2.5061,0.0709,2083
TIMSS,2019,RUS,ITSEX,1.5156,0.0269,3901
TIMSS,2019,RUS,BSDGEDUP,2.5297,0.0969,3901
TIMSS,2019,RUS,ITSEX,1.5185,0.0287,4456
TIMSS,2019,RUS,BSDGEDUP,2.5233,0.1032,4456
TIMSS,2019,SAU,ITSEX,1.5067,0.0606,5680
TIMSS,2019,SAU,BSDGEDUP,3.2812,0.2249,5680
TIMSS,2019,SGP,ITSEX,1.508,0.1103,1871
TIMSS,2019,SGP,BSDGEDUP,3.0029,0.4586,1871
TIMSS,2019,SGP,ITSEX,1.5114,0.1775,4853
TIMSS,2019,SGP,BSDGEDUP,3.06,0.7494,4853
TIMSS,2019,SGP,ITSEX,1.5107,0.1897,5546
TIMSS,2019,SGP,BSDGEDUP,3.0687,0.8018,5546
TIMSS,2019,SWE,ITSEX,1.5155,0.0599,1582
TIMSS,2019,SWE,BSDGEDUP,3.5226,0.2703,1582
TIMSS,2019,SWE,ITSEX,1.5089,0.0972,3996
TIMSS,2019,SWE,BSDGEDUP,3.4815,0.4371,3996
TIMSS,2019,SWE,ITSEX,1.5101,0.1039,4565
TIMSS,2019,SWE,BSDGEDUP,3.4908,0.4676,4565
TIMSS,2019,TUR,ITSEX,1.4835,0.0198,1819
TIMSS,2019,TUR,BSDGEDUP,3.3424,0.0532,1819
TIMSS,2019,TUR,ITSEX,1.4948,0.0321,4662
TIMSS,2019,TUR,BSDGEDUP,3.4106,0.0873,4662
TIMSS,2019,TWN,ITSEX,1.5432,0.0446,1578
TIMSS,2019,TWN,BSDGEDUP,2.5683,0.1448,1578
TIMSS,2019,TWN,ITSEX,1.5046,0.0779,4915
TIMSS,2019,TWN,BSDGEDUP,2.507,0.2438,4915
TIMSS,2019,TWN,ITSEX,1.5054,0.0832,5610
TIMSS,2019,TWN,BSDGEDUP,2.5065,0.262,5610
TIMSS,2019,USA,ITSEX,1.5036,0.0261,9944
TIMSS,2019,USA,BSDGEDUP,2.8701,0.1052,9944
TIMSS,2019,ZAF,ITSEX,1.4799,0.077,20829
TIMSS,2019,ZAF,BSDGEDUP,3.1696,0.2628,20829
TIMSS,2015,AAD,ITSEX,1.5072,0.239,4838
TIMSS,2015,AAD,BSDGEDUP,3.061,0.9945,4838
TIMSS,2015,ABA,ITSEX,1.4943,0.1391,3253
TIMSS,2015,ABA,BSDGEDUP,3.0699,0.4787,3253
TIMSS,2015,ADU,ITSEX,1.481,0.3081,6149
TIMSS,2015,ADU,BSDGEDUP,2.6752,1.2952,6149
TIMSS,2015,ARE,ITSEX,1.4999,0.2803,18012
TIMSS,2015,ARE,BSDGEDUP,2.959,1.1739,18012
TIMSS,2015,ARM,ITSEX,1.5247,0.2153,5060
TIMSS,2015,ARM,BSDGEDUP,3.0483,0.7464,5060
TIMSS,2015,AUS,ITSEX,1.4885,0.0984,10338
TIMSS,2015,AUS,BSDGEDUP,3.451,0.4115,10338
TIMSS,2015,BHR,ITSEX,1.5181,0.2913,4918
TIMSS,2015,BHR,BSDGEDUP,3.1296,1.0737,4918
TIMSS,2015,CAN,ITSEX,1.4948,0.0977,8757
TIMSS,2015,CAN,BSDGEDUP,3.1566,0.417,8757
TIMSS,2015,CHL,ITSEX,1.5244,0.0707,4849
TIMSS,2015,CHL,BSDGEDUP,2.8246,0.2013,4849
TIMSS,2015,COT,ITSEX,1.5029,0.0903,4520
TIMSS,2015,COT,BSDGEDUP,3.2661,0.3924,4520
TIMSS,2015,CQU,ITSEX,1.4739,0.1161,3950
TIMSS,2015,CQU,BSDGEDUP,2.8386,0.4738,3950
TIMSS,2015,HKG,ITSEX,1.5251,0.1322,4155
TIMSS,2015,HKG,BSDGEDUP,3.3357,0.4576,4155
TIMSS,2015,HUN,ITSEX,1.5034,0.1199,4893
TIMSS,2015,HUN,BSDGEDUP,2.7367,0.3414,4893
TIMSS,2015,IRL,ITSEX,1.4963,0.1417,4704
TIMSS,2015,IRL,BSDGEDUP,2.9056,0.5471,4704
TIMSS,2015,IRN,ITSEX,1.524,0.0399,6130
TIMSS,2015,IRN,BSDGEDUP,2.9949,0.1179,6130
TIMSS,2015,ISR,ITSEX,1.5089,0.1199,5512
TIMSS,2015,ISR,BSDGEDUP,2.6455,0.4572,5512
TIMSS,2015,ITA,ITSEX,1.5084,0.046,4481
TIMSS,2015,ITA,BSDGEDUP,3.0766,0.1368,4481
TIMSS,2015,JOR,ITSEX,1.4955,0.1256,7865
TIMSS,2015,JOR,BSDGEDUP,2.6279,0.3616,7865
TIMSS,2015,JPN,ITSEX,1.49,0.0322,4745
TIMSS,2015,JPN,BSDGEDUP,2.8203,0.1227,4745
TIMSS,2015,KAZ,ITSEX,1.5054,0.0727,4887
TIMSS,2015,KAZ,BSDGEDUP,2.3064,0.2007,4887
TIMSS,2015,KWT,ITSEX,1.4979,0.1701,4503
TIMSS,2015,KWT,BSDGEDUP,2.6697,0.6294,4503
TIMSS,2015,LBN,ITSEX,1.4664,0.1273,3873
TIMSS,2015,LBN,BSDGEDUP,3.1123,0.5084,3873
TIMSS,2015,LTU,ITSEX,1.5028,0.1997,4347
TIMSS,2015,LTU,BSDGEDUP,2.5523,0.6901,4347
TIMSS,2015,MAR,ITSEX,1.5391,0.0848,13035
TIMSS,2015,MAR,BSDGEDUP,3.7555,0.2638,13035
TIMSS,2015,MLT,ITSEX,1.5108,0.4895,3817
TIMSS,2015,MLT,BSDGEDUP,4.0096,1.8308,3817
TIMSS,2015,MYS,ITSEX,1.5028,0.0738,9726
TIMSS,2015,MYS,BSDGEDUP,3.6499,0.2494,9726
TIMSS,2015,NO8,ITSEX,1.5008,0.1432,4795
TIMSS,2015,NO8,BSDGEDUP,3.4289,0.658,4795
TIMSS,2015,OMN,ITSEX,1.5203,0.2184,8883
TIMSS,2015,OMN,BSDGEDUP,3.4014,0.8253,8883
TIMSS,2015,QAT,ITSEX,1.4967,0.2938,5403
TIMSS,2015,QAT,BSDGEDUP,2.6552,1.1907,5403
TIMSS,2015,RUS,ITSEX,1.5132,0.0308,4780
TIMSS,2015,RUS,BSDGEDUP,2.438,0.1028,4780
TIMSS,2015,SAU,ITSEX,1.4887,0.0505,3759
TIMSS,2015,SAU,BSDGEDUP,2.9931,0.1714,3759
TIMSS,2015,SGP,ITSEX,1.5149,0.1792,6116
TIMSS,2015,SGP,BSDGEDUP,2.9987,0.6852,6116
TIMSS,2015,SVN,ITSEX,1.516,0.2496,4257
TIMSS,2015,SVN,BSDGEDUP,3.23,0.9524,4257
TIMSS,2015,THA,ITSEX,1.4626,0.0489,6482
TIMSS,2015,THA,BSDGEDUP,3.6099,0.161,6482
TIMSS,2015,TUR,ITSEX,1.5173,0.0357,6079
TIMSS,2015,TUR,BSDGEDUP,3.5082,0.0948,6079
TIMSS,2015,ZAF,ITSEX,1.4868,0.06,12514
TIMSS,2015,ZAF,BSDGEDUP,3.1367,0.2075,12514
TIMSS,2011,AAD,ITSEX,1.527,0.2416,4373
TIMSS,2011,AAD,BSDGEDUP,2.0511,0.6223,4373
TIMSS,2011,ADU,ITSEX,1.5225,0.332,5571
TIMSS,2011,ADU,BSDGEDUP,1.7667,0.7073,5571
TIMSS,2011,ARM,ITSEX,1.5107,0.2009,5846
TIMSS,2011,ARM,BSDGEDUP,1.6219,0.3437,5846
TIMSS,2011,AUS,ITSEX,1.5017,0.0866,7556
TIMSS,2011,AUS,BSDGEDUP,2.112,0.1615,7556
TIMSS,2011,BHR,ITSEX,1.5028,0.3031,4640
TIMSS,2011,BHR,BSDGEDUP,2.4309,0.7067,4640
TIMSS,2011,CAB,ITSEX,1.4953,0.1808,4799
TIMSS,2011,CAB,BSDGEDUP,1.7207,0.311,4799
TIMSS,2011,COT,ITSEX,1.5074,0.0929,4756
TIMSS,2011,COT,BSDGEDUP,1.6854,0.1541,4756
TIMSS,2011,CQU,ITSEX,1.4852,0.1381,6149
TIMSS,2011,CQU,BSDGEDUP,1.6793,0.2178,6149
TIMSS,2011,ENG,ITSEX,1.5168,0.0397,3842
TIMSS,2011,ENG,BSDGEDUP,2.2576,0.0835,3842
TIMSS,2011,GEO,ITSEX,1.5254,0.1596,4563
TIMSS,2011,GEO,BSDGEDUP,2.0852,0.2907,4563
TIMSS,2011,GHA,ITSEX,1.526,0.0679,7323
TIMSS,2011,GHA,BSDGEDUP,3.3806,0.1686,7323
TIMSS,2011,HND,ITSEX,1.4486,0.1203,4418
TIMSS,2011,HND,BSDGEDUP,3.194,0.3138,4418
TIMSS,2011,HUN,ITSEX,1.511,0.1205,5178
TIMSS,2011,HUN,BSDGEDUP,2.4719,0.2402,5178
TIMSS,2011,IDN,ITSEX,1.5029,0.0198,5795
TIMSS,2011,IDN,BSDGEDUP,3.5964,0.0519,5795
TIMSS,2011,IRN,ITSEX,1.5378,0.038,6029
TIMSS,2011,IRN,BSDGEDUP,3.2484,0.1085,6029
TIMSS,2011,ISR,ITSEX,1.4964,0.1131,4699
TIMSS,2011,ISR,BSDGEDUP,1.9641,0.2457,4699
TIMSS,2011,ITA,ITSEX,1.5138,0.042,3979
TIMSS,2011,ITA,BSDGEDUP,2.6773,0.0951,3979
TIMSS,2011,JOR,ITSEX,1.5146,0.1273,7694
TIMSS,2011,JOR,BSDGEDUP,2.3093,0.2995,7694
TIMSS,2011,JPN,ITSEX,1.5066,0.0306,4414
TIMSS,2011,JPN,BSDGEDUP,1.9867,0.0568,4414
TIMSS,2011,KAZ,ITSEX,1.5077,0.0716,4390
TIMSS,2011,KAZ,BSDGEDUP,2.0213,0.1353,4390
TIMSS,2011,KOR,ITSEX,1.483,0.0452,5166
TIMSS,2011,KOR,BSDGEDUP,1.9832,0.0925,5166
TIMSS,2011,MAR,ITSEX,1.5305,0.0763,8986
TIMSS,2011,MAR,BSDGEDUP,3.6828,0.2429,8986
TIMSS,2011,MYS,ITSEX,1.4935,0.0599,5733
TIMSS,2011,MYS,BSDGEDUP,2.841,0.1341,5733
TIMSS,2011,NOR,ITSEX,1.5062,0.1249,3862
TIMSS,2011,NOR,BSDGEDUP,1.5696,0.219,3862
TIMSS,2011,NZL,ITSEX,1.5305,0.1534,5336
TIMSS,2011,NZL,BSDGEDUP,2.2819,0.3357,5336
TIMSS,2011,PSE,ITSEX,1.4842,0.1489,7812
TIMSS,2011,PSE,BSDGEDUP,2.5846,0.3797,7812
TIMSS,2011,QAT,ITSEX,1.5048,0.3035,4422
TIMSS,2011,QAT,BSDGEDUP,1.7971,0.7389,4422
TIMSS,2011,ROM,ITSEX,1.5192,0.0784,5523
TIMSS,2011,ROM,BSDGEDUP,2.6035,0.1545,5523
TIMSS,2011,SAU,ITSEX,1.516,0.0553,4344
TIMSS,2011,SAU,BSDGEDUP,2.6883,0.1626,4344
TIMSS,2011,SYR,ITSEX,1.4976,0.0571,4413
TIMSS,2011,SYR,BSDGEDUP,2.8133,0.1633,4413
TIMSS,2011,THA,ITSEX,1.452,0.0423,6124
TIMSS,2011,THA,BSDGEDUP,3.4239,0.1173,6124
TIMSS,2011,TUN,ITSEX,1.4795,0.094,5128
TIMSS,2011,TUN,BSDGEDUP,2.9934,0.2509,5128
TIMSS,2011,TUR,ITSEX,1.5055,0.0385,6928
TIMSS,2011,TUR,BSDGEDUP,3.9042,0.0999,6928
TIMSS,2011,TWN,ITSEX,1.5157,0.0644,5042
TIMSS,2011,TWN,BSDGEDUP,2.4762,0.1356,5042
TIMSS,2011,UKR,ITSEX,1.4965,0.0473,3378
TIMSS,2011,UKR,BSDGEDUP,1.9525,0.0888,3378
TIMSS,2011,USA,ITSEX,1.49,0.0281,10477
TIMSS,2011,USA,BSDGEDUP,1.9192,0.0648,10477
TIMSS,2011,ZAF,ITSEX,1.5195,0.056,11969
TIMSS,2011,ZAF,BSDGEDUP,2.872,0.1441,11969
TIMSS,2007,BHR,ITSEX,1.5109,0.3049,4230
TIMSS,2007,BHR,BSDGEDUP,3.299,1.0217,4230
TIMSS,2007,BIH,ITSEX,1.5117,0.1671,4220
TIMSS,2007,BIH,BSDGEDUP,2.7799,0.3535,4220
TIMSS,2007,BSQ,ITSEX,1.5204,0.1894,2296
TIMSS,2007,CBC,ITSEX,1.49,0.1596,4256
TIMSS,2007,CBC,BSDGEDUP,2.9377,0.6606,4256
TIMSS,2007,COL,ITSEX,1.4903,0.0436,4873
TIMSS,2007,COL,BSDGEDUP,3.3711,0.1351,4873
TIMSS,2007,COT,ITSEX,1.4982,0.0774,3448
TIMSS,2007,COT,BSDGEDUP,3.0301,0.3269,3448
TIMSS,2007,CQU,ITSEX,1.5068,0.1077,3956
TIMSS,2007,CQU,BSDGEDUP,2.6531,0.3961,3956
TIMSS,2007,CYP,ITSEX,1.4994,0.345,4399
TIMSS,2007,CYP,BSDGEDUP,2.6694,1.0059,4399
TIMSS,2007,DZA,ITSEX,1.5083,0.0455,5447
TIMSS,2007,DZA,BSDGEDUP,3.4072,0.1322,5447
TIMSS,2007,EGY,ITSEX,1.5052,0.0394,6582
TIMSS,2007,EGY,BSDGEDUP,3.3789,0.1209,6582
TIMSS,2007,GEO,ITSEX,1.5043,0.1411,4178
TIMSS,2007,GEO,BSDGEDUP,2.6247,0.5203,4178
TIMSS,2007,GHA,ITSEX,1.546,0.0623,5294
TIMSS,2007,GHA,BSDGEDUP,3.2806,0.1717,5294
TIMSS,2007,HKG,ITSEX,1.5035,0.1025,3470
TIMSS,2007,HKG,BSDGEDUP,3.4354,0.3087,3470
TIMSS,2007,HUN,ITSEX,1.5047,0.098,4111
TIMSS,2007,HUN,BSDGEDUP,2.5383,0.2495,4111
TIMSS,2007,IRN,ITSEX,1.5448,0.028,3981
TIMSS,2007,IRN,BSDGEDUP,3.6796,0.0755,3981
TIMSS,2007,ISR,ITSEX,1.469,0.0989,3294
TIMSS,2007,ISR,BSDGEDUP,3.043,0.4005,3294
TIMSS,2007,ITA,ITSEX,1.5187,0.0447,4408
TIMSS,2007,ITA,BSDGEDUP,3.1119,0.1307,4408
TIMSS,2007,JOR,ITSEX,1.5213,0.109,5251
TIMSS,2007,JOR,BSDGEDUP,2.7165,0.3333,5251
TIMSS,2007,JPN,ITSEX,1.4993,0.0306,4312
TIMSS,2007,JPN,BSDGEDUP,2.807,0.1129,4312
TIMSS,2007,KWT,ITSEX,1.4598,0.2061,4091
TIMSS,2007,KWT,BSDGEDUP,2.2988,0.5899,4091
TIMSS,2007,LTU,ITSEX,1.5027,0.1489,3991
TIMSS,2007,LTU,BSDGEDUP,3.1512,0.5271,3991
TIMSS,2007,MAR,ITSEX,1.4651,0.046,3060
TIMSS,2007,MAR,BSDGEDUP,3.7786,0.152,3060
TIMSS,2007,MLT,ITSEX,1.4916,0.4859,4670
TIMSS,2007,MLT,BSDGEDUP,3.8854,1.6022,4670
TIMSS,2007,MNG,ITSEX,1.4852,0.152,4499
TIMSS,2007,MNG,BSDGEDUP,2.8728,0.4703,4499
TIMSS,2007,MYS,ITSEX,1.4674,0.0501,4466
TIMSS,2007,MYS,BSDGEDUP,3.2439,0.1452,4466
TIMSS,2007,NOR,ITSEX,1.5058,0.1402,4627
TIMSS,2007,NOR,BSDGEDUP,3.5518,0.6572,4627
TIMSS,2007,OMN,ITSEX,1.4841,0.1528,4752
TIMSS,2007,OMN,BSDGEDUP,3.8381,0.4931,4752
TIMSS,2007,QAT,ITSEX,1.4982,0.4917,7184
TIMSS,2007,QAT,BSDGEDUP,2.563,1.7051,7184
TIMSS,2007,ROM,ITSEX,1.5081,0.0718,4198
TIMSS,2007,ROM,BSDGEDUP,3.2521,0.2199,4198
TIMSS,2007,RUS,ITSEX,1.4817,0.0293,4472
TIMSS,2007,RUS,BSDGEDUP,2.259,0.0894,4472
TIMSS,2007,SAU,ITSEX,1.5209,0.0534,4243
TIMSS,2007,SAU,BSDGEDUP,3.1296,0.179,4243
TIMSS,2007,SCG,ITSEX,1.5073,0.1142,4045
TIMSS,2007,SCG,BSDGEDUP,2.6633,0.2677,4045
TIMSS,2007,SCO,ITSEX,1.4909,0.131,4070
TIMSS,2007,SGP,ITSEX,1.5124,0.1503,4599
TIMSS,2007,SGP,BSDGEDUP,3.2244,0.5307,4599
TIMSS,2007,SLV,ITSEX,1.4757,0.1059,4063
TIMSS,2007,SLV,BSDGEDUP,3.474,0.2816,4063
TIMSS,2007,SWE,ITSEX,1.5237,0.1053,5215
TIMSS,2007,SWE,BSDGEDUP,4.0507,0.4396,5215
TIMSS,2007,THA,ITSEX,1.5035,0.0411,5412
TIMSS,2007,THA,BSDGEDUP,4.0102,0.1264,5412
TIMSS,2007,TUN,ITSEX,1.4794,0.0776,4080
TIMSS,2007,TUN,BSDGEDUP,3.3229,0.2214,4080
TIMSS,2007,TWN,ITSEX,1.5164,0.0573,4046
TIMSS,2007,TWN,BSDGEDUP,2.9377,0.1598,4046
TIMSS,2007,UKR,ITSEX,1.4796,0.0479,4424
TIMSS,2007,UKR,BSDGEDUP,2.1509,0.1364,4424
TIMSS,2003,ARM,ITSEX,1.4724,0.1618,5726
TIMSS,2003,ARM,BSDGEDUP,1.7998,0.3027,5726
TIMSS,2003,BFL,ITSEX,1.4636,0.1323,4970
TIMSS,2003,BFL,BSDGEDUP,2.4712,0.3092,4970
TIMSS,2003,BGR,ITSEX,1.5177,0.1083,4117
TIMSS,2003,BGR,BSDGEDUP,2.1764,0.2084,4117
TIMSS,2003,BHR,ITSEX,1.4957,0.3155,4199
TIMSS,2003,BHR,BSDGEDUP,2.8084,0.9433,4199
TIMSS,2003,BSQ,ITSEX,1.505,0.1833,2514
TIMSS,2003,BSQ,BSDGEDUP,2.5953,0.5171,2514
TIMSS,2003,CHL,ITSEX,1.5204,0.0774,6377
TIMSS,2003,CHL,BSDGEDUP,3.1099,0.1887,6377
TIMSS,2003,COT,ITSEX,1.4905,0.0851,4217
TIMSS,2003,COT,BSDGEDUP,1.7855,0.1552,4217
TIMSS,2003,CQU,ITSEX,1.5032,0.1158,4411
TIMSS,2003,CQU,BSDGEDUP,2.1204,0.2335,4411
TIMSS,2003,CYP,ITSEX,1.5124,0.3291,4002
TIMSS,2003,CYP,BSDGEDUP,2.5734,0.8115,4002
TIMSS,2003,EGY,ITSEX,1.5355,0.036,7095
TIMSS,2003,EGY,BSDGEDUP,3.534,0.1137,7095
TIMSS,2003,ENG,ITSEX,1.4991,0.0327,2830
TIMSS,2003,ENG,BSDGEDUP,2.3638,0.0671,2830
TIMSS,2003,EST,ITSEX,1.5012,0.2193,4040
TIMSS,2003,EST,BSDGEDUP,1.8309,0.3555,4040
TIMSS,2003,GHA,ITSEX,1.5499,0.0676,5100
TIMSS,2003,GHA,BSDGEDUP,3.2862,0.1608,5100
TIMSS,2003,HKG,ITSEX,1.5011,0.1226,4972
TIMSS,2003,HKG,BSDGEDUP,3.1948,0.2935,4972
TIMSS,2003,HUN,ITSEX,1.4956,0.0906,3302
TIMSS,2003,HUN,BSDGEDUP,2.4135,0.2043,3302
TIMSS,2003,ISR,ITSEX,1.4808,0.1122,4318
TIMSS,2003,ISR,BSDGEDUP,2.0446,0.2643,4318
TIMSS,2003,ITA,ITSEX,1.5029,0.0434,4278
TIMSS,2003,ITA,BSDGEDUP,2.9303,0.1015,4278
TIMSS,2003,KOR,ITSEX,1.5171,0.0482,5309
TIMSS,2003,KOR,BSDGEDUP,2.2649,0.1052,5309
TIMSS,2003,LBN,ITSEX,1.4266,0.1271,3814
TIMSS,2003,LBN,BSDGEDUP,3.0784,0.3755,3814
TIMSS,2003,LTU,ITSEX,1.5039,0.1624,4964
TIMSS,2003,LTU,BSDGEDUP,2.0047,0.2953,4964
TIMSS,2003,LVA,ITSEX,1.5068,0.1641,3630
TIMSS,2003,LVA,BSDGEDUP,2.3847,0.4161,3630
TIMSS,2003,MAR,ITSEX,1.5034,0.0597,2943
TIMSS,2003,MAR,BSDGEDUP,3.8486,0.1739,2943
TIMSS,2003,MDA,ITSEX,1.4886,0.1278,4033
TIMSS,2003,MDA,BSDGEDUP,2.5044,0.349,4033
TIMSS,2003,MKD,ITSEX,1.5064,0.1936,3893
TIMSS,2003,MKD,BSDGEDUP,2.5827,0.4305,3893
TIMSS,2003,MYS,ITSEX,1.4992,0.0566,5314
TIMSS,2003,MYS,BSDGEDUP,3.1844,0.1414,5314
TIMSS,2003,NLD,ITSEX,1.5056,0.0637,3065
TIMSS,2003,NLD,BSDGEDUP,2.299,0.1162,3065
TIMSS,2003,PHL,ITSEX,1.4239,0.0348,6917
TIMSS,2003,PHL,BSDGEDUP,2.8133,0.0897,6917
TIMSS,2003,PSE,ITSEX,1.452,0.143,5357
TIMSS,2003,PSE,BSDGEDUP,2.6232,0.3524,5357
TIMSS,2003,ROM,ITSEX,1.4825,0.059,4104
TIMSS,2003,ROM,BSDGEDUP,2.7632,0.1289,4104
TIMSS,2003,RUS,ITSEX,1.5077,0.0246,4667
TIMSS,2003,RUS,BSDGEDUP,1.9374,0.0483,4667
TIMSS,2003,SVK,ITSEX,1.5247,0.1178,4215
TIMSS,2003,SVK,BSDGEDUP,2.3472,0.2338,4215
TIMSS,2003,SVN,ITSEX,1.4965,0.1973,3578
TIMSS,2003,SVN,BSDGEDUP,2.2703,0.3779,3578
TIMSS,2003,SWE,ITSEX,1.4938,0.0989,4256
TIMSS,2003,SWE,BSDGEDUP,2.0144,0.2295,4256
TIMSS,2003,SYR,ITSEX,1.456,0.0774,4895
TIMSS,2003,SYR,BSDGEDUP,3.365,0.2431,4895
TIMSS,2003,TUN,ITSEX,1.4736,0.0817,4931
TIMSS,2003,TUN,BSDGEDUP,3.715,0.2296,4931
TIMSS,2003,ZAF,ITSEX,1.4864,0.0535,8952
TIMSS,2003,ZAF,BSDGEDUP,3.3735,0.1398,8952
PIRLS,2021,AAD,ASDHEDUP,1.7386,1.2289,10381
PIRLS,2021,AAD,ASDHELA,1.6573,0.525,10381
PIRLS,2021,ALB,ASDHEDUP,2.8065,1.4044,4213
PIRLS,2021,ALB,ASDHELA,1.3854,0.5117,4213
PIRLS,2021,ARE,ASDHEDUP,1.7323,1.1904,27448
PIRLS,2021,ARE,ASDHELA,1.6032,0.5303,27448
PIRLS,2021,AZE,ASDHEDUP,2.3748,1.2236,5209
PIRLS,2021,AZE,ASDHELA,1.599,0.5186,5209
PIRLS,2021,BFL,ASDHEDUP,1.7209,1.1051,5114
PIRLS,2021,BFL,ASDHELA,1.7556,0.482,5114
PIRLS,2021,BFR,ASDHEDUP,1.7829,1.1848,4279
PIRLS,2021,BFR,ASDHELA,1.7273,0.5042,4279
PIRLS,2021,BRA,ASDHEDUP,2.7741,1.3983,4941
PIRLS,2021,BRA,ASDHELA,1.728,0.5378,4941
PIRLS,2021,CAB,ASDHEDUP,1.5567,0.7457,3020
PIRLS,2021,CAB,ASDHELA,1.4518,0.5119,3020
PIRLS,2021,CBC,ASDHEDUP,1.4467,0.7311,4675
PIRLS,2021,CBC,ASDHELA,1.4545,0.5162,4675
PIRLS,2021,CNL,ASDHEDUP,1.7098,0.7556,2445
PIRLS,2021,CNL,ASDHELA,1.3159,0.4706,2445
PIRLS,2021,CQU,ASDHEDUP,1.5585,0.7811,3739
PIRLS,2021,CQU,ASDHELA,1.5374,0.5126,3739
PIRLS,2021,CYP,ASDHEDUP,1.6287,0.9134,4589
PIRLS,2021,CYP,ASDHELA,1.4963,0.5187,4589
PIRLS,2021,DEU,ASDHEDUP,2.0493,1.0706,4611
PIRLS,2021,DEU,ASDHELA,1.6118,0.5039,4611
PIRLS,2021,DNK,ASDHEDUP,1.5719,1.0197,1403
PIRLS,2021,DNK,ASDHELA,1.6587,0.4957,1403
PIRLS,2021,DNK,ASDHEDUP,1.4748,0.934,4821
PIRLS,2021,DNK,ASDHELA,1.6016,0.5117,4821
PIRLS,2021,EGY,ASDHEDUP,2.7324,1.4187,7979
PIRLS,2021,EGY,ASDHELA,1.8025,0.5479,7979
PIRLS,2021,ESP,ASDHEDUP,2.0993,1.2851,1572
PIRLS,2021,ESP,ASDHELA,1.5096,0.5188,1572
PIRLS,2021,FIN,ASDHEDUP,1.6857,0.9416,2069
PIRLS,2021,FIN,ASDHELA,1.6641,0.4842,2069
PIRLS,2021,FIN,ASDHEDUP,1.5989,0.913,7018
PIRLS,2021,FIN,ASDHELA,1.677,0.4889,7018
PIRLS,2021,FRA,ASDHEDUP,2.0552,1.0973,5339
PIRLS,2021,FRA,ASDHELA,1.6013,0.5179,5339
PIRLS,2021,GEO,ASDHEDUP,1.9174,1.075,5241
PIRLS,2021,GEO,ASDHELA,1.417,0.5129,5241
PIRLS,2021,HKG,ASDHEDUP,2.236,1.215,3830
PIRLS,2021,HKG,ASDHELA,1.8591,0.4213,3830
PIRLS,2021,HRV,ASDHEDUP,1.9833,0.9596,1226
PIRLS,2021,HRV,ASDHELA,1.3991,0.4984,1226
PIRLS,2021,HRV,ASDHEDUP,1.9602,0.9745,3937
PIRLS,2021,HRV,ASDHELA,1.4163,0.5022,3937
PIRLS,2021,IRL,ASDHEDUP,1.7078,0.9815,4663
PIRLS,2021,IRL,ASDHELA,1.4512,0.5128,4663
PIRLS,2021,IRN,ASDHEDUP,2.9407,1.363,5962
PIRLS,2021,IRN,ASDHELA,1.8211,0.5054,5962
PIRLS,2021,ISR,ASDHEDUP,1.6381,0.9795,4890
PIRLS,2021,ISR,ASDHELA,1.5299,0.5153,4890
PIRLS,2021,ITA,ASDHEDUP,2.399,1.1367,1979
PIRLS,2021,ITA,ASDHELA,1.4917,0.5157,1979
PIRLS,2021,JOR,ASDHEDUP,2.5415,1.3938,6150
PIRLS,2021,JOR,ASDHELA,1.7646,0.5323,6150
PIRLS,2021,KAZ,ASDHEDUP,1.7094,0.8609,3207
PIRLS,2021,KAZ,ASDHELA,1.3806,0.4942,3207
PIRLS,2021,KAZ,ASDHEDUP,1.7109,0.8756,7023
PIRLS,2021,KAZ,ASDHELA,1.3499,0.487,7023
PIRLS,2021,LTU,ASDHEDUP,1.3636,0.7829,4623
PIRLS,2021,LTU,ASDHELA,1.548,0.5107,4623
PIRLS,2021,MAR,ASDHEDUP,4.2757,1.2474,7017
PIRLS,2021,MAR,ASDHELA,2.0281,0.5488,7017
PIRLS,2021,MKD,ASDHEDUP,2.2789,1.1907,2929
PIRLS,2021,MKD,ASDHELA,1.4569,0.5271,2929
PIRLS,2021,MLT,ASDHEDUP,2.3525,1.2894,3030
PIRLS,2021,MLT,ASDHELA,1.4335,0.5052,3030
PIRLS,2021,MNE,ASDHEDUP,2.269,1.0265,4489
PIRLS,2021,MNE,ASDHELA,1.4584,0.5046,4489
PIRLS,2021,NIR,ASDHEDUP,2.112,1.2645,4050
PIRLS,2021,NIR,ASDHELA,1.3546,0.4886,4050
PIRLS,2021,NLD,ASDHEDUP,1.7535,1.0479,4313
PIRLS,2021,NLD,ASDHELA,1.6071,0.5053,4313
PIRLS,2021,NOR,ASDHEDUP,1.5202,0.8804,1673
PIRLS,2021,NOR,ASDHELA,1.6156,0.5003,1673
PIRLS,2021,OMN,ASDHEDUP,2.2354,1.232,5321
PIRLS,2021,OMN,ASDHELA,1.6911,0.5021,5321
PIRLS,2021,PRT,ASDHEDUP,2.3293,1.3429,2098
PIRLS,2021,PRT,ASDHELA,1.6054,0.5203,2098
PIRLS,2021,QAT,ASDHEDUP,1.4857,0.954,1343
PIRLS,2021,QAT,ASDHELA,1.679,0.5157,1343
PIRLS,2021,QAT,ASDHEDUP,1.5241,1.0261,5258
PIRLS,2021,QAT,ASDHELA,1.69,0.5016,5258
PIRLS,2021,RMO,ASDHEDUP,1.2455,0.6838,1695
PIRLS,2021,RMO,ASDHELA,1.3064,0.4778,1695
PIRLS,2021,RMO,ASDHEDUP,1.1995,0.5847,5745
PIRLS,2021,RMO,ASDHELA,1.2936,0.4643,5745
PIRLS,2021,RUS,ASDHEDUP,1.4977,0.7434,2187
PIRLS,2021,RUS,ASDHELA,1.3563,0.5006,2187
PIRLS,2021,SAU,ASDHEDUP,1.8263,1.222,1872
PIRLS,2021,SAU,ASDHELA,1.6067,0.535,1872
PIRLS,2021,SAU,ASDHEDUP,1.8512,1.2059,4778
PIRLS,2021,SAU,ASDHELA,1.6151,0.5363,4778
PIRLS,2021,SGP,ASDHEDUP,1.643,0.9487,1988
PIRLS,2021,SGP,ASDHELA,1.6612,0.5294,1988
PIRLS,2021,SGP,ASDHEDUP,1.6599,0.9758,6719
PIRLS,2021,SGP,ASDHELA,1.6942,0.5376,6719
PIRLS,2021,SRB,ASDHEDUP,2.096,1.0264,4037
PIRLS,2021,SRB,ASDHELA,1.4436,0.5019,4037
PIRLS,2021,SVK,ASDHEDUP,2.1995,1.1169,4841
PIRLS,2021,SVK,ASDHELA,1.5366,0.5538,4841
PIRLS,2021,SVN,ASDHEDUP,1.7488,0.9222,1414
PIRLS,2021,SVN,ASDHELA,1.4899,0.5045,1414
PIRLS,2021,SWE,ASDHEDUP,1.6206,0.9273,1863
PIRLS,2021,SWE,ASDHELA,1.6248,0.516,1863
PIRLS,2021,SWE,ASDHEDUP,1.5887,0.9395,5175
PIRLS,2021,SWE,ASDHELA,1.6222,0.5091,5175
PIRLS,2021,TUR,ASDHEDUP,3.1352,1.411,6032
PIRLS,2021,TUR,ASDHELA,1.7665,0.6107,6032
PIRLS,2021,TWN,ASDHEDUP,1.79,0.9887,1669
PIRLS,2021,TWN,ASDHELA,1.8799,0.4589,1669
PIRLS,2021,TWN,ASDHEDUP,1.6617,0.9273,5555
PIRLS,2021,TWN,ASDHELA,1.8567,0.4737,5555
PIRLS,2021,UZB,ASDHEDUP,2.2391,1.0169,5846
PIRLS,2021,UZB,ASDHELA,1.449,0.5033,5846
PIRLS,2021,XKX,ASDHEDUP,2.4544,1.2881,4557
PIRLS,2021,XKX,ASDHELA,1.4426,0.5057,4557
PIRLS,2021,ZA6,ASDHEDUP,2.9243,1.2506,9317
PIRLS,2021,ZA6,ASDHELA,1.6927,0.5341,9317
PIRLS,2016,AAD,ASDHEDUP,1.8244,1.2387,4188
PIRLS,2016,AAD,ASDHELA,1.742,0.4891,4188
PIRLS,2016,ADU,ASDHEDUP,1.514,1.0137,7859
PIRLS,2016,ADU,ASDHELA,1.6566,0.5067,7859
PIRLS,2016,ARE,ASDHEDUP,1.73,1.175,16471
PIRLS,2016,ARE,ASDHELA,1.6996,0.4992,16471
PIRLS,2016,AUT,ASDHEDUP,2.2618,1.0188,4360
PIRLS,2016,AUT,ASDHELA,1.6307,0.5075,4360
PIRLS,2016,BFL,ASDHEDUP,1.7588,1.0931,5198
PIRLS,2016,BFL,ASDHELA,1.7875,0.4801,5198
PIRLS,2016,BFR,ASDHEDUP,1.9212,1.2766,4623
PIRLS,2016,BFR,ASDHELA,1.7227,0.4926,4623
PIRLS,2016,BGR,ASDHEDUP,2.1035,1.2023,4281
PIRLS,2016,BGR,ASDHELA,1.5915,0.5923,4281
PIRLS,2016,BHR,ASDHEDUP,2.1524,1.1937,5480
PIRLS,2016,BHR,ASDHELA,1.702,0.4892,5480
PIRLS,2016,CAN,ASDHEDUP,1.6959,0.8142,18245
PIRLS,2016,CAN,ASDHELA,1.4949,0.5186,18245
PIRLS,2016,CQU,ASDHEDUP,1.5872,0.7752,3179
PIRLS,2016,CQU,ASDHELA,1.5906,0.517,3179
PIRLS,2016,CZE,ASDHEDUP,2.3019,0.9848,5537
PIRLS,2016,CZE,ASDHELA,1.5401,0.5104,5537
PIRLS,2016,DEU,ASDHEDUP,2.172,1.0893,3959
PIRLS,2016,DEU,ASDHELA,1.6191,0.5068,3959
PIRLS,2016,DNK,ASDHEDUP,1.6082,1.0083,3508
PIRLS,2016,DNK,ASDHELA,1.6506,0.505,3508
PIRLS,2016,EAN,ASDHEDUP,2.46,1.4399,4169
PIRLS,2016,EAN,ASDHELA,1.4819,0.517,4169
PIRLS,2016,ESP,ASDHEDUP,2.1736,1.349,14595
PIRLS,2016,ESP,ASDHELA,1.4769,0.5132,14595
PIRLS,2016,FIN,ASDHEDUP,1.7304,0.9281,4896
PIRLS,2016,FIN,ASDHELA,1.685,0.4821,4896
PIRLS,2016,GEO,ASDHEDUP,1.9625,0.9838,5741
PIRLS,2016,GEO,ASDHELA,1.4674,0.5344,5741
PIRLS,2016,HKG,ASDHEDUP,2.5523,1.235,3349
PIRLS,2016,HKG,ASDHELA,1.9221,0.4248,3349
PIRLS,2016,HUN,ASDHEDUP,2.1445,1.0715,4623
PIRLS,2016,HUN,ASDHELA,1.576,0.5143,4623
PIRLS,2016,IRL,ASDHEDUP,1.8627,1.0403,4607
PIRLS,2016,IRL,ASDHELA,1.4585,0.5144,4607
PIRLS,2016,IRN,ASDHEDUP,3.0359,1.3539,4385
PIRLS,2016,IRN,ASDHELA,1.8469,0.4977,4385
PIRLS,2016,KAZ,ASDHEDUP,1.7739,0.8913,4925
PIRLS,2016,KAZ,ASDHELA,1.3582,0.4858,4925
PIRLS,2016,LTU,ASDHEDUP,1.7306,0.9869,4317
PIRLS,2016,LTU,ASDHELA,1.5706,0.5138,4317
PIRLS,2016,MAC,ASDHEDUP,2.6188,1.3381,4059
PIRLS,2016,MAC,ASDHELA,1.993,0.4266,4059
PIRLS,2016,MAR,ASDHEDUP,4.2018,1.2713,5489
PIRLS,2016,MAR,ASDHELA,2.0858,0.5804,5489
PIRLS,2016,MLT,ASDHEDUP,2.6116,1.3242,3647
PIRLS,2016,MLT,ASDHELA,1.4982,0.5141,3647
PIRLS,2016,NIR,ASDHEDUP,1.9136,1.1086,3693
PIRLS,2016,NIR,ASDHELA,1.3395,0.4836,3693
PIRLS,2016,NLD,ASDHEDUP,1.7013,0.9602,4206
PIRLS,2016,NLD,ASDHELA,1.5909,0.5067,4206
PIRLS,2016,NO4,ASDHEDUP,1.5541,0.8853,4354
PIRLS,2016,NO4,ASDHELA,1.6404,0.4963,4354
PIRLS,2016,NOR,ASDHEDUP,1.5664,0.896,4232
PIRLS,2016,NOR,ASDHELA,1.6214,0.5011,4232
PIRLS,2016,NZL,ASDHEDUP,1.8501,1.0908,5646
PIRLS,2016,NZL,ASDHELA,1.431,0.5127,5646
PIRLS,2016,OMN,ASDHEDUP,2.5174,1.4249,9234
PIRLS,2016,OMN,ASDHELA,1.8072,0.4749,9234
PIRLS,2016,POL,ASDHEDUP,2.1313,1.2177,4413
PIRLS,2016,POL,ASDHELA,1.4827,0.5053,4413
PIRLS,2016,PRT,ASDHEDUP,2.6191,1.368,4642
PIRLS,2016,PRT,ASDHELA,1.6442,0.5064,4642
PIRLS,2016,QAT,ASDHEDUP,1.6854,1.1333,9077
PIRLS,2016,QAT,ASDHELA,1.7326,0.5017,9077
PIRLS,2016,RUS,ASDHEDUP,1.6235,0.8574,4577
PIRLS,2016,RUS,ASDHELA,1.3378,0.4859,4577
PIRLS,2016,SAU,ASDHEDUP,2.415,1.4478,4741
PIRLS,2016,SAU,ASDHELA,1.795,0.4804,4741
PIRLS,2016,SGP,ASDHEDUP,1.8614,1.0485,6488
PIRLS,2016,SGP,ASDHELA,1.7464,0.5184,6488
PIRLS,2016,SVN,ASDHEDUP,2.0671,0.9707,4499
PIRLS,2016,SVN,ASDHELA,1.519,0.5134,4499
PIRLS,2016,TTO,ASDHEDUP,2.3012,1.1155,4177
PIRLS,2016,TTO,ASDHELA,1.4747,0.5157,4177
PIRLS,2016,TWN,ASDHEDUP,2.0482,1.0237,4326
PIRLS,2016,TWN,ASDHELA,1.888,0.4808,4326
PIRLS,2016,ZA5,ASDHEDUP,2.8962,1.1827,5282
PIRLS,2016,ZA5,ASDHELA,1.6863,0.5129,5282
PIRLS,2011,AAD,ASDHEDUP,2.0897,1.3203,4146
PIRLS,2011,AAD,ASDHELA,1.7941,0.4743,4146
PIRLS,2011,ADU,ASDHEDUP,1.7663,1.1777,6061
PIRLS,2011,ADU,ASDHELA,1.6942,0.5079,6061
PIRLS,2011,ARE,ASDHEDUP,1.98,1.2815,14618
PIRLS,2011,ARE,ASDHELA,1.7521,0.4911,14618
PIRLS,2011,AUS,ASDHEDUP,1.8282,0.8919,6126
PIRLS,2011,AUS,ASDHELA,1.4715,0.5216,6126
PIRLS,2011,AUT,ASDHEDUP,2.4214,0.9614,4670
PIRLS,2011,AUT,ASDHELA,1.6533,0.5078,4670
PIRLS,2011,AZE,ASDHEDUP,2.3611,1.1339,4881
PIRLS,2011,AZE,ASDHELA,1.7926,0.496,4881
PIRLS,2011,BGR,ASDHEDUP,2.394,1.2282,5261
PIRLS,2011,BGR,ASDHELA,1.6722,0.6202,5261
PIRLS,2011,BWA,ASDHEDUP,3.6711,1.4063,4393
PIRLS,2011,BWA,ASDHELA,1.9644,0.4901,4393
PIRLS,2011,BWA,ASDHEDUP,3.7085,1.4345,4197
PIRLS,2011,BWA,ASDHELA,1.955,0.499,4197
PIRLS,2011,CAB,ASDHEDUP,1.7743,0.8771,3789
PIRLS,2011,CAB,ASDHELA,1.4906,0.5198,3789
PIRLS,2011,CAN,ASDHEDUP,1.7945,0.8745,23206
PIRLS,2011,CAN,ASDHELA,1.4788,0.5172,23206
PIRLS,2011,COL,ASDHEDUP,3.391,1.5322,3964
PIRLS,2011,COL,ASDHELA,1.6733,0.5251,3964
PIRLS,2011,COL,ASDHEDUP,3.3843,1.5348,3966
PIRLS,2011,COL,ASDHELA,1.6732,0.5252,3966
PIRLS,2011,COT,ASDHEDUP,1.6931,0.9103,4561
PIRLS,2011,COT,ASDHELA,1.4871,0.5214,4561
PIRLS,2011,CQU,ASDHEDUP,1.7211,0.8334,4244
PIRLS,2011,CQU,ASDHELA,1.5922,0.5179,4244
PIRLS,2011,DEU,ASDHEDUP,2.5408,1.2816,4000
PIRLS,2011,DEU,ASDHELA,1.6309,0.5041,4000
PIRLS,2011,EAN,ASDHEDUP,2.7702,1.4004,4333
PIRLS,2011,EAN,ASDHELA,1.5626,0.5199,4333
PIRLS,2011,FIN,ASDHEDUP,1.8909,0.968,4640
PIRLS,2011,FIN,ASDHELA,1.7298,0.4635,4640
PIRLS,2011,FRA,ASDHEDUP,2.333,1.1097,4438
PIRLS,2011,FRA,ASDHELA,1.658,0.5061,4438
PIRLS,2011,GEO,ASDHEDUP,1.9399,1.0005,4796
PIRLS,2011,GEO,ASDHELA,1.4722,0.5183,4796
PIRLS,2011,HKG,ASDHEDUP,3.0506,1.2078,3875
PIRLS,2011,HKG,ASDHELA,1.9614,0.4431,3875
PIRLS,2011,HND,ASDHEDUP,3.9899,1.3603,3893
PIRLS,2011,HND,ASDHELA,1.7415,0.5482,3893
PIRLS,2011,HUN,ASDHEDUP,2.8242,1.3847,5204
PIRLS,2011,HUN,ASDHELA,1.5808,0.5152,5204
PIRLS,2011,IRL,ASDHEDUP,2.1077,1.1153,4524
PIRLS,2011,IRL,ASDHELA,1.489,0.5133,4524
PIRLS,2011,IRN,ASDHEDUP,3.2674,1.3677,5758
PIRLS,2011,IRN,ASDHELA,1.9107,0.471,5758
PIRLS,2011,ISR,ASDHEDUP,2.0124,1.1341,4186
PIRLS,2011,ISR,ASDHELA,1.5293,0.5178,4186
PIRLS,2011,LTU,ASDHEDUP,2.1249,1.0922,4661
PIRLS,2011,LTU,ASDHELA,1.6421,0.5066,4661
PIRLS,2011,MAR,ASDHEDUP,3.8277,1.3313,7805
PIRLS,2011,MAR,ASDHELA,1.9546,0.5597,7805
PIRLS,2011,MLN,ASDHEDUP,3.0388,1.2107,3548
PIRLS,2011,MLN,ASDHELA,1.5668,0.5227,3548
PIRLS,2011,NIR,ASDHEDUP,2.4538,1.3412,3586
PIRLS,2011,NIR,ASDHELA,1.4139,0.503,3586
PIRLS,2011,NZL,ASDHEDUP,2.119,1.1818,5644
PIRLS,2011,NZL,ASDHELA,1.4576,0.5141,5644
PIRLS,2011,OMN,ASDHEDUP,3.0235,1.4531,10394
PIRLS,2011,OMN,ASDHELA,1.8658,0.4654,10394
PIRLS,2011,POL,ASDHEDUP,2.5565,1.2693,5005
PIRLS,2011,POL,ASDHELA,1.5606,0.5104,5005
PIRLS,2011,PRT,ASDHEDUP,2.775,1.3873,4085
PIRLS,2011,PRT,ASDHELA,1.6457,0.5111,4085
PIRLS,2011,QAT,ASDHEDUP,1.942,1.298,4120
PIRLS,2011,QAT,ASDHELA,1.7589,0.4954,4120
PIRLS,2011,ROM,ASDHEDUP,2.7609,1.1953,4665
PIRLS,2011,ROM,ASDHELA,1.6209,0.5931,4665
PIRLS,2011,SVK,ASDHEDUP,2.4567,0.9915,5630
PIRLS,2011,SVK,ASDHELA,1.543,0.5376,5630
PIRLS,2011,SVN,ASDHEDUP,2.3517,0.8951,4512
PIRLS,2011,SVN,ASDHELA,1.5087,0.51,4512
PIRLS,2011,SWE,ASDHEDUP,1.9631,1.0233,4622
PIRLS,2011,SWE,ASDHELA,1.6818,0.5083,4622
PIRLS,2011,TTO,ASDHEDUP,2.6077,1.1907,3948
PIRLS,2011,TTO,ASDHELA,1.5227,0.5241,3948
PIRLS,2011,TWN,ASDHEDUP,2.3849,0.9905,4293
PIRLS,2011,TWN,ASDHELA,1.9538,0.4828,4293
PIRLS,2011,ZAF,ASDHEDUP,3.2544,1.2203,15744
PIRLS,2011,ZAF,ASDHELA,1.6847,0.5322,15744
PIRLS,2011,ZAF,ASDHEDUP,2.9006,1.2627,3515
PIRLS,2011,ZAF,ASDHELA,1.6788,0.5406,3515
PISA,2003,AUS,ESCS,0.2270618042707386,,12389
PISA,2003,AUS,HOMEPOS,0.4418990462155581,,12487
PISA,2003,AUS,BELONG,0.0408363156845903,,12456
PISA,2003,AUT,ESCS,0.0610114384205731,,4548
PISA,2003,AUT,HOMEPOS,0.3644835668034877,,4559
PISA,2003,AUT,BELONG,0.4429332442127361,,4548
PISA,2003,BEL,ESCS,0.1522770665061282,,8548
PISA,2003,BEL,HOMEPOS,0.2492513356494882,,8633
PISA,2003,BEL,BELONG,-0.2841239566539923,,8595
PISA,2003,BRA,ESCS,-0.9492624504146472,,4356
PISA,2003,BRA,HOMEPOS,-0.8638098363082346,,4367
PISA,2003,BRA,BELONG,0.1304362617315885,,4333
PISA,2003,CAN,ESCS,0.4526426897180394,,26590
PISA,2003,CAN,HOMEPOS,0.5125222579391411,,26681
PISA,2003,CAN,BELONG,0.0169766280910463,,26637
PISA,2003,CZE,ESCS,0.1640862428176488,,6155
PISA,2003,CZE,HOMEPOS,0.236953793918897,,6166
PISA,2003,CZE,BELONG,-0.2743562033280163,,6162
PISA,2003,DNK,ESCS,0.2022069408311536,,4178
PISA,2003,DNK,HOMEPOS,0.2970292334134539,,4193
PISA,2003,DNK,BELONG,0.0124947991169335,,4155
PISA,2003,FIN,ESCS,0.2473150040414742,,5778
PISA,2003,FIN,HOMEPOS,0.4425366803809402,,5788
PISA,2003,FIN,BELONG,-0.0174718824364245,,5783
PISA,2003,FRA,ESCS,-0.0777329456945863,,4244
PISA,2003,FRA,HOMEPOS,0.2750484497489493,,4263
PISA,2003,FRA,BELONG,-0.1806823512646628,,4240
PISA,2003,DEU,ESCS,0.1602319363421634,,4399
PISA,2003,DEU,HOMEPOS,0.5033795520637417,,4452
PISA,2003,DEU,BELONG,0.2413154660576403,,4425
PISA,2003,GRC,ESCS,-0.1504257420668089,,4614
PISA,2003,GRC,HOMEPOS,-0.0967302779414689,,4613
PISA,2003,GRC,BELONG,0.0377050066882579,,4600
PISA,2003,HKG,ESCS,-0.7578567776264036,,4448
PISA,2003,HKG,HOMEPOS,-0.2195596338026458,,4466
PISA,2003,HKG,BELONG,-0.6070759681451213,,4464
PISA,2003,HUN,ESCS,-0.0680970650504805,,4744
PISA,2003,HUN,HOMEPOS,0.1019678184864939,,4755
PISA,2003,HUN,BELONG,0.0793916375481371,,4740
PISA,2003,ISL,ESCS,0.6908836773282258,,3320
PISA,2003,ISL,HOMEPOS,1.034073452492018,,3327
PISA,2003,ISL,BELONG,0.1598374194315297,,3319
PISA,2003,IDN,ESCS,-1.2574812283865318,,10733
PISA,2003,IDN,HOMEPOS,-0.923536796327649,,10751
PISA,2003,IDN,BELONG,-0.303402962597012,,10668
PISA,2003,IRL,ESCS,-0.0816291735457012,,3830
PISA,2003,IRL,HOMEPOS,0.1159468420901623,,3843
PISA,2003,IRL,BELONG,0.0782063510681194,,3831
PISA,2003,ITA,ESCS,-0.111061402867511,,11607
PISA,2003,ITA,HOMEPOS,0.1367604712590719,,11622
PISA,2003,ITA,BELONG,0.0509047180049275,,11575
PISA,2003,JPN,ESCS,-0.0761573319394795,,4671
PISA,2003,JPN,HOMEPOS,-0.3224835843454401,,4670
PISA,2003,JPN,BELONG,-0.525602545706312,,4690
PISA,2003,KOR,ESCS,-0.0991659679908825,,5419
PISA,2003,KOR,HOMEPOS,0.2014337071040692,,5431
PISA,2003,KOR,BELONG,-0.3895518087530454,,5436
PISA,2003,LVA,ESCS,0.1151813431635813,,4595
PISA,2003,LVA,HOMEPOS,-0.0777339806042747,,4610
PISA,2003,LVA,BELONG,-0.2113813836661182,,4597
PISA,2003,LIE,ESCS,0.0099785850266633,,328
PISA,2003,LIE,HOMEPOS,0.3192623060611231,,331
PISA,2003,LIE,BELONG,0.1934633326426401,,330
PISA,2003,LUX,ESCS,0.1849799774663588,,3865
PISA,2003,LUX,HOMEPOS,0.5048137580115527,,3911
PISA,2003,LUX,BELONG,0.2272938136342048,,3896
PISA,2003,MAC,ESCS,-0.9023806936748614,,1250
PISA,2003,MAC,HOMEPOS,-0.3991355691149464,,1250
PISA,2003,MAC,BELONG,-0.6115840165864362,,1249
PISA,2003,MEX,ESCS,-1.1292350284091142,,29810
PISA,2003,MEX,HOMEPOS,-0.9808571149852668,,29829
PISA,2003,MEX,BELONG,0.0773290834411513,,29699
PISA,2003,NLD,ESCS,0.097788461305755,,3868
PISA,2003,NLD,HOMEPOS,0.2750008402286971,,3902
PISA,2003,NLD,BELONG,-0.0575483280248686,,3895
PISA,2003,NZL,ESCS,0.2135067613258737,,4401
PISA,2003,NZL,HOMEPOS,0.324302228148018,,4480
PISA,2003,NZL,BELONG,-0.0080631803301932,,4452
PISA,2003,NOR,ESCS,0.6066050746723949,,4012
PISA,2003,NOR,HOMEPOS,0.7368727934763561,,4030
PISA,2003,NOR,BELONG,0.2378420021687337,,4003
PISA,2003,POL,ESCS,-0.2008851937781181,,4382
PISA,2003,POL,HOMEPOS,0.0545906788418912,,4380
PISA,2003,POL,BELONG,-0.1659567615838278,,4369
PISA,2003,PRT,ESCS,-0.6295700099927111,,4578
PISA,2003,PRT,HOMEPOS,0.0885548501982273,,4588
PISA,2003,PRT,BELONG,0.0934500511638716,,4582
PISA,2003,RUS,ESCS,-0.0947864048552994,,5960
PISA,2003,RUS,HOMEPOS,-0.2331310451205095,,5967
PISA,2003,RUS,BELONG,-0.2881867662579967,,5944
PISA,2003,SVK,ESCS,-0.0830243702008905,,7335
PISA,2003,SVK,HOMEPOS,-0.1438947540635008,,7342
PISA,2003,SVK,BELONG,-0.1604787731181633,,7331
PISA,2003,ESP,ESCS,-0.2966860979736281,,10687
PISA,2003,ESP,HOMEPOS,0.2621322813022453,,10772
PISA,2003,ESP,BELONG,0.2018814399925719,,10737
PISA,2003,SWE,ESCS,0.2541745613505481,,4586
PISA,2003,SWE,HOMEPOS,0.5352771736337494,,4611
PISA,2003,SWE,BELONG,0.2465491823969099,,4567
PISA,2003,CHE,ESCS,-0.057619387118595,,8340
PISA,2003,CHE,HOMEPOS,0.1932152199776817,,8388
PISA,2003,CHE,BELONG,0.1925176148359923,,8352
PISA,2003,THA,ESCS,-1.182920684988647,,5225
PISA,2003,THA,HOMEPOS,-0.6812405868824801,,5236
PISA,2003,THA,BELONG,-0.2855118882523674,,5222
PISA,2003,TUN,ESCS,-1.340395691334822,,4708
PISA,2003,TUN,HOMEPOS,-1.222776105385851,,4714
PISA,2003,TUN,BELONG,-0.0869760332046431,,4684
PISA,2003,TUR,ESCS,-0.9798281630483544,,4845
PISA,2003,TUR,HOMEPOS,-0.5287116052748442,,4850
PISA,2003,TUR,BELONG,-0.4426211813489595,,4825
PISA,2003,GBR,ESCS,0.1240468635819278,,9233
PISA,2003,GBR,HOMEPOS,0.4148515626346683,,9347
PISA,2003,GBR,BELONG,0.0822468507701472,,9326
PISA,2003,USA,ESCS,0.2960707886467874,,5392
PISA,2003,USA,HOMEPOS,0.340279384378795,,5414
PISA,2003,URY,ESCS,-0.3463179258757933,,5790
PISA,2003,URY,HOMEPOS,-0.2538164100606015,,5814
PISA,2003,URY,BELONG,0.2414992116438825,,5769
PISA,2003,YUG,ESCS,-0.2298639408030974,,4377
PISA,2003,YUG,HOMEPOS,-0.2832505579484561,,4378
PISA,2003,YUG,BELONG,0.0327092442515657,,4316
PISA,2009,ALB,ESCS,-0.8506078592523914,,4553
PISA,2009,ALB,HOMEPOS,-1.5399595713148495,,4582
PISA,2009,AZE,ESCS,-0.5708989562145769,,4643
PISA,2009,AZE,HOMEPOS,-1.5961541479349532,,4671
PISA,2009,ARG,ESCS,-0.4658588338679255,,4681
PISA,2009,ARG,HOMEPOS,-0.8121578745589881,,4687
PISA,2009,AUS,ESCS,0.3721603382690234,,13933
PISA,2009,AUS,HOMEPOS,0.6017467746887963,,14071
PISA,2009,AUT,ESCS,0.1467721331854135,,6420
PISA,2009,AUT,HOMEPOS,0.0937909519943036,,6510
PISA,2009,BEL,ESCS,0.2919930819588537,,8382
PISA,2009,BEL,HOMEPOS,0.1797520491119041,,8447
PISA,2009,BRA,ESCS,-1.0931538984016071,,19915
PISA,2009,BRA,HOMEPOS,-1.379248477392956,,18857
PISA,2009,BGR,ESCS,0.003008112658973,,4407
PISA,2009,BGR,HOMEPOS,-0.3226939305852858,,4451
PISA,2009,CAN,ESCS,0.5058304779209916,,22616
PISA,2009,CAN,HOMEPOS,0.3935663653442346,,22680
PISA,2009,CHL,ESCS,-0.4113731461290743,,5580
PISA,2009,CHL,HOMEPOS,-0.5786210527910146,,5570
PISA,2009,QCN,ESCS,-0.4283103234005319,,5113
PISA,2009,QCN,HOMEPOS,-0.9632291402247884,,5115
PISA,2009,TAP,ESCS,-0.2538645397870861,,5808
PISA,2009,TAP,HOMEPOS,-0.4377176253297471,,5824
PISA,2009,COL,ESCS,-0.905450235467092,,7882
PISA,2009,COL,HOMEPOS,-1.1975712654770658,,7873
PISA,2009,HRV,ESCS,-0.1332179809899394,,4987
PISA,2009,HRV,HOMEPOS,-0.3629649499991693,,4990
PISA,2009,CZE,ESCS,0.0761905005218968,,6026
PISA,2009,CZE,HOMEPOS,-0.125699506410503,,6055
PISA,2009,DNK,ESCS,0.2035217581954834,,5797
PISA,2009,DNK,HOMEPOS,0.2083958723326768,,5855
PISA,2009,EST,ESCS,0.2150291651191981,,4703
PISA,2009,EST,HOMEPOS,0.1149949005063374,,4714
PISA,2009,FIN,ESCS,0.4470381241692402,,5776
PISA,2009,FIN,HOMEPOS,0.1755540430269295,,5777
PISA,2009,FRA,ESCS,-0.0449968223896247,,4227
PISA,2009,FRA,HOMEPOS,0.0686164026102193,,4282
PISA,2009,DEU,ESCS,0.2468614776194473,,4561
PISA,2009,DEU,HOMEPOS,0.1697655300341008,,4633
PISA,2009,GRC,ESCS,0.0909317476984337,,4949
PISA,2009,GRC,HOMEPOS,-0.0833328223312708,,4951
PISA,2009,HKG,ESCS,-0.7682438265261012,,4813
PISA,2009,HKG,HOMEPOS,-0.8549774578329985,,4829
PISA,2009,HUN,ESCS,-0.0781192736863072,,4589
PISA,2009,HUN,HOMEPOS,-0.105022501751747,,4601
PISA,2009,ISL,ESCS,0.7586301002094146,,3595
PISA,2009,ISL,HOMEPOS,0.5476359591891663,,3602
PISA,2009,IDN,ESCS,-1.476588604584061,,5122
PISA,2009,IDN,HOMEPOS,-1.828567794459818,,5129
PISA,2009,IRL,ESCS,0.1161348196545306,,3841
PISA,2009,IRL,HOMEPOS,0.1205967166176851,,3852
PISA,2009,ISR,ESCS,0.0581959960668857,,5596
PISA,2009,ISR,HOMEPOS,-0.2563429130219506,,5658
PISA,2009,ITA,ESCS,-0.0402469606185762,,30817
PISA,2009,ITA,HOMEPOS,0.0328595907521947,,30863
PISA,2009,JPN,ESCS,0.0304930314473572,,5984
PISA,2009,JPN,HOMEPOS,-0.4415022348141206,,6066
PISA,2009,KAZ,ESCS,-0.3998893215318924,,5400
PISA,2009,KAZ,HOMEPOS,-1.3744828102838709,,5410
PISA,2009,JOR,ESCS,-0.4324539563966087,,6424
PISA,2009,JOR,HOMEPOS,-1.1431026226334664,,6461
PISA,2009,KOR,ESCS,-0.0940629524712708,,4982
PISA,2009,KOR,HOMEPOS,-0.5510529134606923,,4985
PISA,2009,KGZ,ESCS,-0.5024439647040883,,4958
PISA,2009,KGZ,HOMEPOS,-1.3027721358068023,,4975
PISA,2009,LVA,ESCS,-0.0058601261727565,,4481
PISA,2009,LVA,HOMEPOS,-0.2598577166270454,,4496
PISA,2009,LIE,ESCS,0.1410376556086292,,326
PISA,2009,LIE,HOMEPOS,0.1642789795490033,,328
PISA,2009,LTU,ESCS,0.026331819897095,,4481
PISA,2009,LTU,HOMEPOS,-0.1470547774283936,,4510
PISA,2009,LUX,ESCS,0.3166031825330963,,4548
PISA,2009,LUX,HOMEPOS,0.5571140502955931,,4609
PISA,2009,MAC,ESCS,-0.6860456129393264,,5943
PISA,2009,MAC,HOMEPOS,-0.316003309132415,,5949
PISA,2009,MEX,ESCS,-1.0614617212350266,,38091
PISA,2009,MEX,HOMEPOS,-1.5102275117312831,,38095
PISA,2009,MNE,ESCS,-0.2106713651787785,,4797
PISA,2009,MNE,HOMEPOS,-0.2734947812809797,,4808
PISA,2009,NLD,ESCS,0.3642541099839658,,4714
PISA,2009,NLD,HOMEPOS,0.3804167793965476,,4735
PISA,2009,NZL,ESCS,0.1584157359497393,,4553
PISA,2009,NZL,HOMEPOS,0.1875663968740052,,4603
PISA,2009,NOR,ESCS,0.5150739833840402,,4620
PISA,2009,NOR,HOMEPOS,0.5716736382098289,,4635
PISA,2009,PAN,ESCS,-0.6290008375173446,,3760
PISA,2009,PAN,HOMEPOS,-1.4503793579582018,,3816
PISA,2009,PER,ESCS,-1.1340693682794365,,5949
PISA,2009,PER,HOMEPOS,-1.9504068217144868,,5947
PISA,2009,POL,ESCS,-0.1582195668896577,,4870
PISA,2009,POL,HOMEPOS,0.0955159808636035,,4902
PISA,2009,PRT,ESCS,-0.2195923172794654,,6272
PISA,2009,PRT,HOMEPOS,0.4954620152728907,,6284
PISA,2009,QAT,ESCS,0.5548019864251503,,8955
PISA,2009,QAT,HOMEPOS,0.3216416211366793,,8975
PISA,2009,ROU,ESCS,-0.2562989413558623,,4766
PISA,2009,ROU,HOMEPOS,-0.3864974488631514,,4771
PISA,2009,RUS,ESCS,-0.1125434869476616,,5284
PISA,2009,RUS,HOMEPOS,-0.4813149778842197,,5298
PISA,2009,SRB,ESCS,0.1232979876197815,,5496
PISA,2009,SRB,HOMEPOS,0.2948209972134082,,5506
PISA,2009,SGP,ESCS,-0.3607644262134998,,5264
PISA,2009,SGP,HOMEPOS,-0.493159559897503,,5275
PISA,2009,SVK,ESCS,-0.0341981479902473,,4536
PISA,2009,SVK,HOMEPOS,0.083886246628057,,4547
PISA,2009,SVN,ESCS,0.0015021367337516,,6086
PISA,2009,SVN,HOMEPOS,0.2265444504482408,,6112
PISA,2009,ESP,ESCS,-0.185961082603786,,25634
PISA,2009,ESP,HOMEPOS,-0.1146041743385551,,25724
PISA,2009,SWE,ESCS,0.3941384841799122,,4512
PISA,2009,SWE,HOMEPOS,0.4960702647144114,,4539
PISA,2009,CHE,ESCS,0.0793655559382421,,11738
PISA,2009,CHE,HOMEPOS,-0.1413401076053805,,11790
PISA,2009,THA,ESCS,-1.0709430828411732,,6205
PISA,2009,THA,HOMEPOS,-0.9952304902650322,,6219
PISA,2009,TTO,ESCS,-0.4783184371702857,,4642
PISA,2009,TTO,HOMEPOS,-0.8156677071055524,,4724
PISA,2009,TUN,ESCS,-1.1543173432054772,,4942
PISA,2009,TUN,HOMEPOS,-1.2062609093203167,,4952
PISA,2009,TUR,ESCS,-1.0789402695447758,,4967
PISA,2009,TUR,HOMEPOS,-0.6438927290720454,,4988
PISA,2009,GBR,ESCS,0.2359424297609694,,11936
PISA,2009,GBR,HOMEPOS,0.1879421440047878,,12080
PISA,2009,USA,ESCS,0.2232420363284103,,5190
PISA,2009,USA,HOMEPOS,0.16569904145778,,5193
PISA,2009,URY,ESCS,-0.6094562924046192,,5893
PISA,2009,URY,HOMEPOS,-0.5457066782876573,,5875
PISA,2009,CRI,ESCS,-0.8446372440475435,,4546
PISA,2009,CRI,HOMEPOS,-1.11249861201046,,4559
PISA,2009,GEO,ESCS,-0.1884614250744934,,4525
PISA,2009,GEO,HOMEPOS,-0.9333797702991792,,4584
PISA,2009,MDA,ESCS,-0.4868843680100769,,5158
PISA,2009,MDA,HOMEPOS,-1.087710482173971,,5191
PISA,2009,MLT,ESCS,0.1115115445662288,,3357
PISA,2009,MLT,HOMEPOS,0.656254621152875,,3394
PISA,2009,MUS,ESCS,-0.5734076597859274,,4636
PISA,2009,MUS,HOMEPOS,-0.7558001252157958,,4649
PISA,2009,MYS,ESCS,-0.4401179143573326,,4981
PISA,2009,MYS,HOMEPOS,-0.8556827151451303,,4989
PISA,2009,QHP,ESCS,-1.367898309265243,,1509
PISA,2009,QHP,HOMEPOS,-1.8287463315298913,,1521
PISA,2009,QTN,ESCS,-1.7596273309414447,,2988
PISA,2009,QTN,HOMEPOS,-2.269076885763461,,2999
PISA,2009,QVE,ESCS,0.1918484270558293,,2808
PISA,2009,QVE,HOMEPOS,0.1148336854081664,,2804
PISA,2009,ARE,ESCS,0.3148592414921476,,10716
PISA,2009,ARE,HOMEPOS,-0.1854300197168374,,10833
