program,cycle,country_iso3,variable,mean,n_students
PISA,2003,AUS,ESCS,0.22706180427073863,12389
PISA,2003,AUS,HOMEPOS,0.44189904621555814,12487
PISA,2003,AUS,BELONG,0.04083631568459038,12456
PISA,2003,AUT,ESCS,0.061011438420573175,4548
PISA,2003,AUT,HOMEPOS,0.36448356680348776,4559
PISA,2003,AUT,BELONG,0.4429332442127361,4548
PISA,2003,BEL,ESCS,0.1522770665061282,8548
PISA,2003,BEL,HOMEPOS,0.2492513356494882,8633
PISA,2003,BEL,BELONG,-0.28412395665399237,8595
PISA,2003,BRA,ESCS,-0.9492624504146472,4356
PISA,2003,BRA,HOMEPOS,-0.8638098363082346,4367
PISA,2003,BRA,BELONG,0.13043626173158854,4333
PISA,2003,CAN,ESCS,0.45264268971803945,26590
PISA,2003,CAN,HOMEPOS,0.5125222579391411,26681
PISA,2003,CAN,BELONG,0.016976628091046306,26637
PISA,2003,CZE,ESCS,0.1640862428176488,6155
PISA,2003,CZE,HOMEPOS,0.23695379391889707,6166
PISA,2003,CZE,BELONG,-0.27435620332801636,6162
PISA,2003,DNK,ESCS,0.20220694083115368,4178
PISA,2003,DNK,HOMEPOS,0.29702923341345394,4193
PISA,2003,DNK,BELONG,0.012494799116933589,4155
PISA,2003,FIN,ESCS,0.24731500404147425,5778
PISA,2003,FIN,HOMEPOS,0.4425366803809402,5788
PISA,2003,FIN,BELONG,-0.017471882436424575,5783
PISA,2003,FRA,ESCS,-0.07773294569458636,4244
PISA,2003,FRA,HOMEPOS,0.2750484497489493,4263
PISA,2003,FRA,BELONG,-0.18068235126466284,4240
PISA,2003,DEU,ESCS,0.1602319363421634,4399
PISA,2003,DEU,HOMEPOS,0.5033795520637417,4452
PISA,2003,DEU,BELONG,0.24131546605764034,4425
PISA,2003,GRC,ESCS,-0.15042574206680898,4614
PISA,2003,GRC,HOMEPOS,-0.09673027794146899,4613
PISA,2003,GRC,BELONG,0.03770500668825795,4600
PISA,2003,HKG,ESCS,-0.7578567776264036,4448
PISA,2003,HKG,HOMEPOS,-0.21955963380264584,4466
PISA,2003,HKG,BELONG,-0.6070759681451213,4464
PISA,2003,HUN,ESCS,-0.06809706505048056,4744
PISA,2003,HUN,HOMEPOS,0.10196781848649394,4755
PISA,2003,HUN,BELONG,0.07939163754813716,4740
PISA,2003,ISL,ESCS,0.6908836773282258,3320
PISA,2003,ISL,HOMEPOS,1.0340734524920179,3327
PISA,2003,ISL,BELONG,0.15983741943152974,3319
PISA,2003,IDN,ESCS,-1.2574812283865318,10733
PISA,2003,IDN,HOMEPOS,-0.923536796327649,10751
PISA,2003,IDN,BELONG,-0.30340296259701205,10668
PISA,2003,IRL,ESCS,-0.08162917354570126,3830
PISA,2003,IRL,HOMEPOS,0.11594684209016234,3843
PISA,2003,IRL,BELONG,0.0782063510681194,3831
PISA,2003,ITA,ESCS,-0.11106140286751105,11607
PISA,2003,ITA,HOMEPOS,0.1367604712590719,11622
PISA,2003,ITA,BELONG,0.05090471800492753,11575
PISA,2003,JPN,ESCS,-0.07615733193947957,4671
PISA,2003,JPN,HOMEPOS,-0.3224835843454401,4670
PISA,2003,JPN,BELONG,-0.525602545706312,4690
PISA,2003,KOR,ESCS,-0.09916596799088252,5419
PISA,2003,KOR,HOMEPOS,0.20143370710406927,5431
PISA,2003,KOR,BELONG,-0.38955180875304546,5436
PISA,2003,LVA,ESCS,0.11518134316358138,4595
PISA,2003,LVA,HOMEPOS,-0.07773398060427479,4610
PISA,2003,LVA,BELONG,-0.2113813836661182,4597
PISA,2003,LIE,ESCS,0.009978585026663317,328
PISA,2003,LIE,HOMEPOS,0.31926230606112316,331
PISA,2003,LIE,BELONG,0.1934633326426401,330
PISA,2003,LUX,ESCS,0.18497997746635883,3865
PISA,2003,LUX,HOMEPOS,0.5048137580115527,3911
PISA,2003,LUX,BELONG,0.2272938136342048,3896
PISA,2003,MAC,ESCS,-0.9023806936748614,1250
PISA,2003,MAC,HOMEPOS,-0.3991355691149464,1250
PISA,2003,MAC,BELONG,-0.6115840165864362,1249
PISA,2003,MEX,ESCS,-1.1292350284091142,29810
PISA,2003,MEX,HOMEPOS,-0.9808571149852668,29829
PISA,2003,MEX,BELONG,0.07732908344115134,29699
PISA,2003,NLD,ESCS,0.09778846130575505,3868
PISA,2003,NLD,HOMEPOS,0.27500084022869714,3902
PISA,2003,NLD,BELONG,-0.05754832802486861,3895
PISA,2003,NZL,ESCS,0.2135067613258737,4401
PISA,2003,NZL,HOMEPOS,0.324302228148018,4480
PISA,2003,NZL,BELONG,-0.008063180330193213,4452
PISA,2003,NOR,ESCS,0.6066050746723949,4012
PISA,2003,NOR,HOMEPOS,0.7368727934763561,4030
PISA,2003,NOR,BELONG,0.23784200216873377,4003
PISA,2003,POL,ESCS,-0.2008851937781181,4382
PISA,2003,POL,HOMEPOS,0.05459067884189129,4380
PISA,2003,POL,BELONG,-0.16595676158382786,4369
PISA,2003,PRT,ESCS,-0.6295700099927111,4578
PISA,2003,PRT,HOMEPOS,0.08855485019822737,4588
PISA,2003,PRT,BELONG,0.09345005116387162,4582
PISA,2003,RUS,ESCS,-0.0947864048552994,5960
PISA,2003,RUS,HOMEPOS,-0.23313104512050956,5967
PISA,2003,RUS,BELONG,-0.2881867662579967,5944
PISA,2003,SVK,ESCS,-0.08302437020089053,7335
PISA,2003,SVK,HOMEPOS,-0.14389475406350083,7342
PISA,2003,SVK,BELONG,-0.16047877311816336,7331
PISA,2003,ESP,ESCS,-0.29668609797362816,10687
PISA,2003,ESP,HOMEPOS,0.2621322813022453,10772
PISA,2003,ESP,BELONG,0.2018814399925719,10737
PISA,2003,SWE,ESCS,0.25417456135054817,4586
PISA,2003,SWE,HOMEPOS,0.5352771736337494,4611
PISA,2003,SWE,BELONG,0.24654918239690993,4567
PISA,2003,CHE,ESCS,-0.05761938711859508,8340
PISA,2003,CHE,HOMEPOS,0.19321521997768173,8388
PISA,2003,CHE,BELONG,0.1925176148359923,8352
PISA,2003,THA,ESCS,-1.1829206849886473,5225
PISA,2003,THA,HOMEPOS,-0.6812405868824801,5236
PISA,2003,THA,BELONG,-0.28551188825236745,5222
PISA,2003,TUN,ESCS,-1.340395691334822,4708
PISA,2003,TUN,HOMEPOS,-1.222776105385851,4714
PISA,2003,TUN,BELONG,-0.08697603320464314,4684
PISA,2003,TUR,ESCS,-0.9798281630483545,4845
PISA,2003,TUR,HOMEPOS,-0.5287116052748442,4850
PISA,2003,TUR,BELONG,-0.44262118134895956,4825
PISA,2003,GBR,ESCS,0.12404686358192789,9233
PISA,2003,GBR,HOMEPOS,0.4148515626346683,9347
PISA,2003,GBR,BELONG,0.08224685077014729,9326
PISA,2003,USA,ESCS,0.29607078864678743,5392
PISA,2003,USA,HOMEPOS,0.340279384378795,5414
PISA,2003,URY,ESCS,-0.34631792587579335,5790
PISA,2003,URY,HOMEPOS,-0.2538164100606015,5814
PISA,2003,URY,BELONG,0.24149921164388252,5769
PISA,2003,YUG,ESCS,-0.22986394080309747,4377
PISA,2003,YUG,HOMEPOS,-0.2832505579484561,4378
PISA,2003,YUG,BELONG,0.0327092442515657,4316
PISA,2009,ALB,ESCS,-0.8506078592523914,4553
PISA,2009,ALB,HOMEPOS,-1.5399595713148495,4582
PISA,2009,AZE,ESCS,-0.5708989562145769,4643
PISA,2009,AZE,HOMEPOS,-1.5961541479349532,4671
PISA,2009,ARG,ESCS,-0.46585883386792554,4681
PISA,2009,ARG,HOMEPOS,-0.8121578745589881,4687
PISA,2009,AUS,ESCS,0.3721603382690234,13933
PISA,2009,AUS,HOMEPOS,0.6017467746887963,14071
PISA,2009,AUT,ESCS,0.1467721331854135,6420
PISA,2009,AUT,HOMEPOS,0.0937909519943036,6510
PISA,2009,BEL,ESCS,0.2919930819588537,8382
PISA,2009,BEL,HOMEPOS,0.17975204911190418,8447
PISA,2009,BRA,ESCS,-1.0931538984016071,19915
PISA,2009,BRA,HOMEPOS,-1.3792484773929559,18857
PISA,2009,BGR,ESCS,0.0030081126589730947,4407
PISA,2009,BGR,HOMEPOS,-0.32269393058528584,4451
PISA,2009,CAN,ESCS,0.5058304779209916,22616
PISA,2009,CAN,HOMEPOS,0.39356636534423467,22680
PISA,2009,CHL,ESCS,-0.4113731461290743,5580
PISA,2009,CHL,HOMEPOS,-0.5786210527910146,5570
PISA,2009,QCN,ESCS,-0.4283103234005319,5113
PISA,2009,QCN,HOMEPOS,-0.9632291402247883,5115
PISA,2009,TAP,ESCS,-0.2538645397870861,5808
PISA,2009,TAP,HOMEPOS,-0.4377176253297471,5824
PISA,2009,COL,ESCS,-0.9054502354670921,7882
PISA,2009,COL,HOMEPOS,-1.1975712654770658,7873
PISA,2009,HRV,ESCS,-0.13321798098993948,4987
PISA,2009,HRV,HOMEPOS,-0.36296494999916934,4990
PISA,2009,CZE,ESCS,0.0761905005218968,6026
PISA,2009,CZE,HOMEPOS,-0.12569950641050304,6055
PISA,2009,DNK,ESCS,0.20352175819548343,5797
PISA,2009,DNK,HOMEPOS,0.20839587233267684,5855
PISA,2009,EST,ESCS,0.21502916511919815,4703
PISA,2009,EST,HOMEPOS,0.11499490050633746,4714
PISA,2009,FIN,ESCS,0.44703812416924027,5776
PISA,2009,FIN,HOMEPOS,0.17555404302692956,5777
PISA,2009,FRA,ESCS,-0.04499682238962471,4227
PISA,2009,FRA,HOMEPOS,0.06861640261021935,4282
PISA,2009,DEU,ESCS,0.24686147761944732,4561
PISA,2009,DEU,HOMEPOS,0.16976553003410083,4633
PISA,2009,GRC,ESCS,0.0909317476984337,4949
PISA,2009,GRC,HOMEPOS,-0.0833328223312708,4951
PISA,2009,HKG,ESCS,-0.7682438265261012,4813
PISA,2009,HKG,HOMEPOS,-0.8549774578329985,4829
PISA,2009,HUN,ESCS,-0.0781192736863072,4589
PISA,2009,HUN,HOMEPOS,-0.10502250175174702,4601
PISA,2009,ISL,ESCS,0.7586301002094146,3595
PISA,2009,ISL,HOMEPOS,0.5476359591891663,3602
PISA,2009,IDN,ESCS,-1.476588604584061,5122
PISA,2009,IDN,HOMEPOS,-1.828567794459818,5129
PISA,2009,IRL,ESCS,0.11613481965453061,3841
PISA,2009,IRL,HOMEPOS,0.12059671661768519,3852
PISA,2009,ISR,ESCS,0.058195996066885754,5596
PISA,2009,ISR,HOMEPOS,-0.25634291302195067,5658
PISA,2009,ITA,ESCS,-0.0402469606185762,30817
PISA,2009,ITA,HOMEPOS,0.032859590752194766,30863
PISA,2009,JPN,ESCS,0.030493031447357297,5984
PISA,2009,JPN,HOMEPOS,-0.44150223481412065,6066
PISA,2009,KAZ,ESCS,-0.3998893215318924,5400
PISA,2009,KAZ,HOMEPOS,-1.3744828102838709,5410
PISA,2009,JOR,ESCS,-0.4324539563966087,6424
PISA,2009,JOR,HOMEPOS,-1.1431026226334664,6461
PISA,2009,KOR,ESCS,-0.09406295247127087,4982
PISA,2009,KOR,HOMEPOS,-0.5510529134606923,4985
PISA,2009,KGZ,ESCS,-0.5024439647040883,4958
PISA,2009,KGZ,HOMEPOS,-1.3027721358068025,4975
PISA,2009,LVA,ESCS,-0.005860126172756594,4481
PISA,2009,LVA,HOMEPOS,-0.25985771662704543,4496
PISA,2009,LIE,ESCS,0.14103765560862924,326
PISA,2009,LIE,HOMEPOS,0.16427897954900336,328
PISA,2009,LTU,ESCS,0.026331819897095064,4481
PISA,2009,LTU,HOMEPOS,-0.14705477742839368,4510
PISA,2009,LUX,ESCS,0.31660318253309633,4548
PISA,2009,LUX,HOMEPOS,0.5571140502955931,4609
PISA,2009,MAC,ESCS,-0.6860456129393264,5943
PISA,2009,MAC,HOMEPOS,-0.316003309132415,5949
PISA,2009,MEX,ESCS,-1.0614617212350266,38091
PISA,2009,MEX,HOMEPOS,-1.5102275117312831,38095
PISA,2009,MNE,ESCS,-0.21067136517877855,4797
PISA,2009,MNE,HOMEPOS,-0.27349478128097976,4808
PISA,2009,NLD,ESCS,0.36425410998396585,4714
PISA,2009,NLD,HOMEPOS,0.38041677939654767,4735
PISA,2009,NZL,ESCS,0.15841573594973932,4553
PISA,2009,NZL,HOMEPOS,0.18756639687400525,4603
PISA,2009,NOR,ESCS,0.5150739833840402,4620
PISA,2009,NOR,HOMEPOS,0.5716736382098289,4635
PISA,2009,PAN,ESCS,-0.6290008375173446,3760
PISA,2009,PAN,HOMEPOS,-1.4503793579582018,3816
PISA,2009,PER,ESCS,-1.1340693682794365,5949
PISA,2009,PER,HOMEPOS,-1.9504068217144868,5947
PISA,2009,POL,ESCS,-0.15821956688965771,4870
PISA,2009,POL,HOMEPOS,0.0955159808636035,4902
PISA,2009,PRT,ESCS,-0.21959231727946546,6272
PISA,2009,PRT,HOMEPOS,0.49546201527289074,6284
PISA,2009,QAT,ESCS,0.5548019864251503,8955
PISA,2009,QAT,HOMEPOS,0.3216416211366793,8975
PISA,2009,ROU,ESCS,-0.25629894135586234,4766
PISA,2009,ROU,HOMEPOS,-0.3864974488631514,4771
PISA,2009,RUS,ESCS,-0.11254348694766161,5284
PISA,2009,RUS,HOMEPOS,-0.4813149778842197,5298
PISA,2009,SRB,ESCS,0.12329798761978153,5496
PISA,2009,SRB,HOMEPOS,0.2948209972134082,5506
PISA,2009,SGP,ESCS,-0.3607644262134998,5264
PISA,2009,SGP,HOMEPOS,-0.493159559897503,5275
PISA,2009,SVK,ESCS,-0.03419814799024732,4536
PISA,2009,SVK,HOMEPOS,0.083886246628057,4547
PISA,2009,SVN,ESCS,0.001502136733751627,6086
PISA,2009,SVN,HOMEPOS,0.22654445044824087,6112
PISA,2009,ESP,ESCS,-0.18596108260378602,25634
PISA,2009,ESP,HOMEPOS,-0.11460417433855512,25724
PISA,2009,SWE,ESCS,0.3941384841799122,4512
PISA,2009,SWE,HOMEPOS,0.49607026471441146,4539
PISA,2009,CHE,ESCS,0.07936555593824218,11738
PISA,2009,CHE,HOMEPOS,-0.14134010760538052,11790
PISA,2009,THA,ESCS,-1.0709430828411732,6205
PISA,2009,THA,HOMEPOS,-0.9952304902650322,6219
PISA,2009,TTO,ESCS,-0.4783184371702857,4642
PISA,2009,TTO,HOMEPOS,-0.8156677071055524,4724
PISA,2009,TUN,ESCS,-1.1543173432054772,4942
PISA,2009,TUN,HOMEPOS,-1.2062609093203167,4952
PISA,2009,TUR,ESCS,-1.0789402695447758,4967
PISA,2009,TUR,HOMEPOS,-0.6438927290720454,4988
PISA,2009,GBR,ESCS,0.23594242976096946,11936
PISA,2009,GBR,HOMEPOS,0.18794214400478784,12080
PISA,2009,USA,ESCS,0.2232420363284103,5190
PISA,2009,USA,HOMEPOS,0.16569904145778008,5193
PISA,2009,URY,ESCS,-0.6094562924046192,5893
PISA,2009,URY,HOMEPOS,-0.5457066782876573,5875
PISA,2009,CRI,ESCS,-0.8446372440475435,4546
PISA,2009,CRI,HOMEPOS,-1.1124986120104599,4559
PISA,2009,GEO,ESCS,-0.18846142507449343,4525
PISA,2009,GEO,HOMEPOS,-0.9333797702991792,4584
PISA,2009,MDA,ESCS,-0.4868843680100769,5158
PISA,2009,MDA,HOMEPOS,-1.087710482173971,5191
PISA,2009,MLT,ESCS,0.11151154456622885,3357
PISA,2009,MLT,HOMEPOS,0.656254621152875,3394
PISA,2009,MUS,ESCS,-0.5734076597859274,4636
PISA,2009,MUS,HOMEPOS,-0.7558001252157958,4649
PISA,2009,MYS,ESCS,-0.4401179143573326,4981
PISA,2009,MYS,HOMEPOS,-0.8556827151451303,4989
PISA,2009,QHP,ESCS,-1.367898309265243,1509
PISA,2009,QHP,HOMEPOS,-1.8287463315298913,1521
PISA,2009,QTN,ESCS,-1.7596273309414447,2988
PISA,2009,QTN,HOMEPOS,-2.269076885763461,2999
PISA,2009,QVE,ESCS,0.1918484270558293,2808
PISA,2009,QVE,HOMEPOS,0.11483368540816644,2804
PISA,2009,ARE,ESCS,0.31485924149214767,10716
PISA,2009,ARE,HOMEPOS,-0.18543001971683742,10833
