canonical_construct,programs,n_studies,n_rows,years
SES_COMPOSITE,PISA,207,663,2020-2026
GENDER,PISA,199,487,2013-2026
ICT_HOME_ACCESS,PISA,194,677,1999-2026
MOTIVATION,PISA,189,906,2004-2026
INSTRUCTIONAL_TIME,PISA,181,753,2020-2026
SCHOOL_RESOURCES,PISA,149,622,2020-2026
TEACHER_SELF_EFFICACY_CLS_MGMT,PISA,137,546,2020-2026
PRIOR_ACHIEVEMENT,PISA,135,442,2006-2026
HOME_RESOURCES,PISA,110,277,2020-2026
AGE_GRADE,PISA,90,183,2020-2026
SELF_EFFICACY,PISA,76,195,2020-2026
DISCIPLINARY_CLIMATE,PISA,72,150,2018-2026
GDP_EXPENDITURE,PISA,65,247,2020-2026
TEACHER_SELF_EFFICACY_CLS_MGMT,TALIS,59,335,2020-2026
ICT_HOME_ACCESS,TIMSS,56,72,1994-2026
SCHOOL_RESOURCES,TALIS,50,175,2020-2026
ICT_HOME_ACCESS,PIRLS,49,82,2001-2026
SCHOOL_BELONGING,PISA,42,65,2020-2026
GENDER,TALIS,40,96,2021-2026
ICT_HOME_ACCESS,PIAAC,40,72,2009-2026
IMMIGRANT_STATUS,PISA,39,64,2020-2026
SES_COMPOSITE,TIMSS,39,94,2021-2026
GENDER,,37,110,2020-2026
INSTRUCTIONAL_TIME,,35,97,2020-2026
PRIOR_ACHIEVEMENT,TIMSS,35,143,2016-2026
INSTRUCTIONAL_TIME,TALIS,34,105,2020-2026
SCHOOL_RESOURCES,TIMSS,34,111,1995-2026
GENDER,TIMSS,32,78,2021-2026
TEACHER_SELF_EFFICACY_CLS_MGMT,TIMSS,32,162,2020-2026
INSTRUCTIONAL_TIME,TIMSS,31,116,2021-2026
PARENTAL_EDUCATION,PISA,31,59,2019-2026
MOTIVATION,TALIS,30,91,2020-2026
MOTIVATION,TIMSS,30,118,2021-2026
MOTIVATION,PIRLS,29,129,2011-2026
AGE_GRADE,PIAAC,27,68,2018-2026
HOME_RESOURCES,TIMSS,27,54,2020-2026
PRIOR_ACHIEVEMENT,PIAAC,26,90,2020-2026
PRIOR_ACHIEVEMENT,,25,122,2020-2026
AGE_GRADE,,24,58,2020-2026
GENDER,PIAAC,24,72,2020-2026
SCHOOL_RESOURCES,PIRLS,24,77,2020-2026
SES_COMPOSITE,PIRLS,24,68,2020-2026
GENDER,PIRLS,23,58,2020-2026
MOTIVATION,,23,80,2020-2026
ANXIETY,PISA,22,36,2019-2026
HOME_RESOURCES,PIRLS,22,71,2020-2026
INSTRUCTIONAL_TIME,PIRLS,22,67,2020-2026
ICT_HOME_ACCESS,ICCS,21,24,2009-2025
SCHOOL_RESOURCES,,21,44,2020-2026
SES_COMPOSITE,PIAAC,21,55,2020-2026
AGE_GRADE,PIRLS,20,28,2013-2026
AGE_GRADE,TIMSS,20,44,2021-2026
INSTRUCTIONAL_TIME,PIAAC,20,46,2020-2026
AGE_GRADE,TALIS,19,37,2020-2026
ICT_HOME_ACCESS,ICILS,19,77,2019-2026
ICT_HOME_ACCESS,TALIS,19,29,2009-2026
SES_COMPOSITE,,19,48,2020-2026
PRIOR_ACHIEVEMENT,PIRLS,18,48,2013-2026
ICT_HOME_ACCESS,,17,39,2021-2026
GENDER,ICCS,16,40,2014-2026
TEACHER_SELF_EFFICACY_CLS_MGMT,,16,67,2020-2026
GENDER,ICILS,15,35,2020-2026
TEACHER_SELF_EFFICACY_CLS_MGMT,PIRLS,15,59,2020-2026
LANGUAGE_BACKGROUND,PISA,14,23,2020-2026
MOTIVATION,ICCS,14,49,2014-2026
PROF_COLLABORATION,TALIS,14,37,2021-2025
SES_COMPOSITE,ICCS,13,35,2014-2026
INSTRUCTIONAL_TIME,ICCS,12,36,2017-2026
JOB_SATISFACTION_PROFESSION,TALIS,12,17,2020-2026
PARENTAL_EDUCATION,TIMSS,12,24,2021-2026
SES_COMPOSITE,ICILS,12,24,2020-2026
GDP_EXPENDITURE,PIAAC,11,52,2020-2026
MOTIVATION,PIAAC,11,26,2020-2026
PARENTAL_EDUCATION,TALIS,11,21,2021-2026
SES_COMPOSITE,TALIS,11,26,2022-2026
EFFECTIVE_PD,PISA,10,18,2019-2025
EFFECTIVE_PD,TALIS,10,16,2021-2026
GDP_EXPENDITURE,TIMSS,10,26,2021-2026
SCHOOL_BELONGING,TIMSS,10,21,2021-2026
SCHOOL_RESOURCES,PIAAC,10,35,2020-2026
DISCIPLINARY_CLIMATE,TALIS,9,21,2021-2026
MOTIVATION,ICILS,9,29,2020-2026
SCHOOL_RESOURCES,ICCS,9,33,2017-2025
SELF_EFFICACY,TALIS,9,28,2021-2026
EFFECTIVE_PD,TIMSS,8,17,2020-2026
GDP_EXPENDITURE,TALIS,8,20,2021-2026
HOME_RESOURCES,ICCS,8,14,2016-2026
INSTRUCTIONAL_TIME,ICILS,8,20,2021-2026
AGE_GRADE,ICCS,7,14,2016-2026
GDP_EXPENDITURE,PIRLS,7,20,2020-2026
HOME_RESOURCES,,7,22,2023-2025
PARENTAL_EDUCATION,,7,9,2022-2026
PROF_COLLABORATION,PISA,7,20,2020-2026
SELF_EFFICACY,PIRLS,7,11,2020-2026
TEACHER_SELF_EFFICACY_CLS_MGMT,ICILS,7,16,2021-2025
CURRICULUM_TYPE,PISA,6,12,2020-2026
GDP_EXPENDITURE,,6,17,2020-2025
GDP_EXPENDITURE,ICCS,6,15,2017-2026
HOME_RESOURCES,ICILS,6,12,2020-2026
HOME_RESOURCES,PIAAC,6,8,2020-2025
JOB_SATISFACTION_PROFESSION,PISA,6,10,2021-2026
PARENTAL_EDUCATION,PIAAC,6,20,2020-2024
AGE_GRADE,ICILS,5,7,2020-2025
DISCIPLINARY_CLIMATE,,5,20,2020-2025
DISCIPLINARY_CLIMATE,TIMSS,5,11,2022-2025
IMMIGRANT_STATUS,ICCS,5,9,2020-2026
PRIOR_ACHIEVEMENT,ICCS,5,5,2010-2025
SCHOOL_RESOURCES,ICILS,5,14,2021-2026
SELF_EFFICACY,,5,14,2023-2026
SELF_EFFICACY,ICILS,5,12,2022-2026
SELF_EFFICACY,TIMSS,5,12,2022-2024
TEACHER_SELF_EFFICACY_CLS_MGMT,ICCS,5,11,2019-2023
CURRICULUM_TYPE,TIMSS,4,13,2025-2026
MOTIVATION,PISA|TALIS,4,5,2021-2026
SCHOOL_RESOURCES,PISA|TALIS,4,11,2021-2026
AGE_GRADE,PISA|TALIS,3,4,2021-2024
ANXIETY,,3,6,2020-2025
ANXIETY,TALIS,3,3,2023-2026
CIVIC_KNOWLEDGE,ICCS,3,3,2010-2021
DISCIPLINARY_CLIMATE,ICCS,3,12,2023-2025
GDP_EXPENDITURE,PISA|TALIS,3,11,2021-2026
JOB_SATISFACTION_PROFESSION,,3,6,2025-2026
JOB_SATISFACTION_PROFESSION,TIMSS,3,7,2024-2025
LANGUAGE_BACKGROUND,PIRLS,3,7,2020-2026
PARENTAL_EDUCATION,ICCS,3,5,2021-2026
PRIOR_ACHIEVEMENT,ICILS,3,6,2020-2023
PRIOR_ACHIEVEMENT,TALIS,3,3,2021-2023
SELF_EFFICACY,ICCS,3,5,2014-2024
SES_COMPOSITE,PISA|TALIS,3,5,2022-2026
TEACHER_SELF_EFFICACY_CLS_MGMT,PISA|TALIS,3,27,2021-2024
TEACHER_SELF_EFFICACY_ENGAGEMENT,TALIS,3,3,2024-2025
GDP_EXPENDITURE,PISA|TIMSS,2,6,2020-2025
GENDER,PISA|PIRLS,2,3,2024-2024
GENDER,PISA|TALIS,2,6,2021-2024
GENDER,PISA|TIMSS|PIAAC,2,2,2021-2025
HOME_RESOURCES,PISA|TIMSS|PIAAC,2,2,2021-2025
IMMIGRANT_STATUS,,2,4,2024-2024
IMMIGRANT_STATUS,ICILS,2,4,2023-2024
INSTRUCTIONAL_TIME,PISA|TALIS,2,3,2021-2022
INSTRUCTIONAL_TIME,PISA|TIMSS|PIRLS,2,2,2022-2024
JOB_SATISFACTION_PROFESSION,PIAAC,2,2,2023-2026
LANGUAGE_BACKGROUND,,2,6,2022-2022
LANGUAGE_BACKGROUND,TIMSS,2,2,2024-2025
PARENTAL_EDUCATION,ICILS,2,2,2022-2026
PARENTAL_EDUCATION,PIRLS,2,9,2026-2026
PRIOR_ACHIEVEMENT,PISA|TIMSS,2,9,2020-2025
PROF_COLLABORATION,,2,7,2025-2026
PROF_COLLABORATION,ICILS,2,5,2021-2024
PROF_COLLABORATION,TIMSS,2,2,2024-2026
SES_COMPOSITE,PISA|TIMSS,2,4,2020-2022
SES_COMPOSITE,PISA|TIMSS|PIRLS,2,4,2022-2024
TEACHER_SELF_EFFICACY_CLS_MGMT,PISA|TIMSS,2,6,2020-2022
AGE_GRADE,PISA|PIAAC,1,1,2023-2023
AGE_GRADE,PISA|TIMSS|PIAAC,1,2,2025-2025
AGE_GRADE,TALIS|PIAAC,1,1,2021-2021
ANXIETY,ICCS,1,3,2024-2024
CURRICULUM_TYPE,PIRLS,1,5,2026-2026
DISCIPLINARY_CLIMATE,ICILS,1,2,2023-2023
DISCIPLINARY_CLIMATE,PIAAC,1,1,2026-2026
DISCIPLINARY_CLIMATE,PISA|TIMSS|PIRLS,1,1,2022-2022
EFFECTIVE_PD,ICILS,1,4,2024-2024
EFFECTIVE_PD,PIRLS,1,1,2025-2025
GDP_EXPENDITURE,ICILS,1,5,2024-2024
GDP_EXPENDITURE,PISA|PIRLS,1,17,2024-2024
GDP_EXPENDITURE,PISA|TIMSS|PIAAC,1,6,2025-2025
GDP_EXPENDITURE,TIMSS|PIRLS,1,6,2023-2023
GENDER,ICILS|ICCS,1,1,2022-2022
GENDER,PISA|PIAAC,1,1,2023-2023
GENDER,PISA|PIRLS|PIAAC,1,1,2021-2021
GENDER,PISA|TIMSS,1,1,2022-2022
GENDER,PISA|TIMSS|PIRLS,1,1,2024-2024
GENDER,PISA|TIMSS|PIRLS|PIAAC,1,1,2021-2021
GENDER,TALIS|ICILS,1,2,2022-2022
GENDER,TALIS|PIAAC,1,1,2021-2021
GENDER,TIMSS_G4|TIMSS,1,1,2022-2022
GENDER,TIMSS|PIRLS,1,1,2023-2023
HOME_LITERACY_ACTIVITIES,ICCS,1,2,2023-2023
HOME_LITERACY_ACTIVITIES,ICILS,1,1,2026-2026
HOME_LITERACY_ACTIVITIES,PIRLS,1,1,2026-2026
HOME_RESOURCES,PISA|ICILS,1,11,2021-2021
HOME_RESOURCES,PISA|PIAAC,1,1,2023-2023
HOME_RESOURCES,PISA|PIRLS,1,2,2024-2024
HOME_RESOURCES,PISA|TIMSS,1,1,2020-2020
HOME_RESOURCES,PISA|TIMSS|PIRLS,1,1,2022-2022
HOME_RESOURCES,TIMSS|PIRLS,1,1,2022-2022
ICT_HOME_ACCESS,ICILS|ICCS,1,4,2022-2022
ICT_HOME_ACCESS,PISA|PIRLS,1,2,2024-2024
ICT_HOME_ACCESS,PISA|TALIS,1,1,2015-2015
ICT_HOME_ACCESS,PISA|TIMSS,1,2,2010-2010
ICT_HOME_ACCESS,PISA|TIMSS|PIRLS,1,1,2024-2024
ICT_HOME_ACCESS,TALIS|PIAAC,1,2,2021-2021
ICT_SCHOOL_ACCESS,PISA,1,1,2024-2024
IMMIGRANT_STATUS,PIAAC,1,2,2022-2022
IMMIGRANT_STATUS,PIRLS,1,1,2026-2026
IMMIGRANT_STATUS,PISA|PIAAC,1,1,2023-2023
IMMIGRANT_STATUS,PISA|TALIS,1,1,2022-2022
INSTRUCTIONAL_TIME,PISA|PIRLS,1,14,2024-2024
INSTRUCTIONAL_TIME,PISA|TIMSS,1,1,2020-2020
INSTRUCTIONAL_TIME,PISA|TIMSS|PIRLS|PIAAC,1,2,2021-2021
INSTRUCTIONAL_TIME,TALIS|ICILS,1,1,2022-2022
INSTRUCTIONAL_TIME,TALIS|PIAAC,1,1,2021-2021
INSTRUCTIONAL_TIME,TIMSS_G4|TIMSS,1,1,2022-2022
INSTRUCTIONAL_TIME,TIMSS|PIRLS,1,1,2023-2023
JOB_SATISFACTION_ENVIRONMENT,TALIS,1,1,2025-2025
JOB_SATISFACTION_PROFESSION,PISA|TALIS,1,1,2021-2021
LANGUAGE_BACKGROUND,PIAAC,1,1,2021-2021
LANGUAGE_BACKGROUND,TALIS|PIAAC,1,1,2021-2021
MOTIVATION,ICILS|ICCS,1,1,2022-2022
MOTIVATION,PISA|PIAAC,1,2,2023-2023
MOTIVATION,PISA|PIRLS|PIAAC,1,2,2021-2021
MOTIVATION,PISA|TIMSS,1,1,2020-2020
MOTIVATION,TALIS|PIAAC,1,1,2021-2021
MOTIVATION,TIMSS_G4|TIMSS,1,3,2022-2022
PARENTAL_EDUCATION,PISA|PIRLS,1,2,2024-2024
PARENTAL_EDUCATION,PISA|TIMSS|PIRLS,1,1,2022-2022
PARENTAL_EDUCATION,TIMSS|PIRLS,1,1,2022-2022
PRIOR_ACHIEVEMENT,PISA|PIAAC,1,1,2023-2023
PRIOR_ACHIEVEMENT,PISA|PIRLS,1,1,2024-2024
PRIOR_ACHIEVEMENT,PISA|TIMSS|PIAAC,1,2,2025-2025
PRIOR_ACHIEVEMENT,PISA|TIMSS|PIRLS|PIAAC,1,6,2021-2021
PRIOR_ACHIEVEMENT,TIMSS_G4|TIMSS,1,3,2022-2022
PROF_COLLABORATION,PIRLS,1,1,2025-2025
SCHOOL_RESOURCES,ICILS|ICCS,1,1,2022-2022
SCHOOL_RESOURCES,PISA|PIAAC,1,1,2023-2023
SCHOOL_RESOURCES,PISA|PIRLS,1,2,2024-2024
SCHOOL_RESOURCES,PISA|TIMSS,1,2,2020-2020
SCHOOL_RESOURCES,PISA|TIMSS|PIRLS,1,2,2022-2022
SCHOOL_RESOURCES,TALIS|ICILS,1,1,2022-2022
SCHOOL_RESOURCES,TIMSS_G4|TIMSS,1,1,2022-2022
SCHOOL_RESOURCES,TIMSS|PIRLS,1,2,2022-2022
SELF_EFFICACY,ICILS|ICCS,1,4,2022-2022
SES_COMPOSITE,ICILS|ICCS,1,1,2022-2022
SES_COMPOSITE,PISA|PIAAC,1,1,2023-2023
SES_COMPOSITE,PISA|PIRLS,1,2,2024-2024
SES_COMPOSITE,TALIS|ICILS,1,2,2022-2022
SES_COMPOSITE,TALIS|PIAAC,1,4,2021-2021
TEACHER_SELF_EFFICACY_CLS_MGMT,ICILS|ICCS,1,1,2022-2022
TEACHER_SELF_EFFICACY_CLS_MGMT,PIAAC,1,1,2026-2026
TEACHER_SELF_EFFICACY_CLS_MGMT,PISA|PIRLS,1,1,2024-2024
TEACHER_SELF_EFFICACY_CLS_MGMT,TALIS|ICILS,1,4,2022-2022
TEACHER_SELF_EFFICACY_INSTRUCTION,TALIS,1,1,2025-2025
