program,domain,dropped_feature,n_remaining,rho_lit,trivial
PISA,mathematics,none (baseline),3,-1.0,False
PISA,mathematics,HOME_RESOURCES,2,-1.0,True
PISA,mathematics,SCHOOL_BELONGING,2,-1.0,True
PISA,mathematics,SES_COMPOSITE,2,-1.0,True
PISA,reading,none (baseline),3,0.5,False
PISA,reading,HOME_RESOURCES,2,1.0,True
PISA,reading,SCHOOL_BELONGING,2,-1.0,True
PISA,reading,SES_COMPOSITE,2,1.0,True
PISA,science,none (baseline),3,-0.5,False
PISA,science,HOME_RESOURCES,2,-1.0,True
PISA,science,SCHOOL_BELONGING,2,-1.0,True
PISA,science,SES_COMPOSITE,2,1.0,True
