program,domain,test_cycle,model,canonical_feature,tier,literature_weight,ridge_coef,effective_coef,effectively_zero,train_n,test_n,alpha_selected
PISA,mathematics,2025,M0B,lag_Y,A,1.0,50.6419141787314,50.6419141787314,False,59,72,1.0
PISA,mathematics,2025,M0B,HOME_RESOURCES,A,1.0,0.4506333750333437,0.4506333750333437,False,59,72,1.0
PISA,mathematics,2025,M0B,SCHOOL_BELONGING,A,1.0,-4.065942038870382,-4.065942038870382,False,59,72,1.0
PISA,mathematics,2025,M0B,SES_COMPOSITE,A,1.0,0.17713305447871777,0.17713305447871777,False,59,72,1.0
PISA,mathematics,2025,M1A,lag_Y,A,1.0,50.6419141787314,50.6419141787314,False,59,72,1.0
PISA,mathematics,2025,M1A,HOME_RESOURCES,A,1.0,0.4506333750333437,0.4506333750333437,False,59,72,1.0
PISA,mathematics,2025,M1A,SCHOOL_BELONGING,A,1.0,-4.065942038870382,-4.065942038870382,False,59,72,1.0
PISA,mathematics,2025,M1A,SES_COMPOSITE,A,1.0,0.17713305447871777,0.17713305447871777,False,59,72,1.0
PISA,reading,2025,M0B,lag_Y,A,1.0,42.01936341593083,42.01936341593083,False,59,72,1.0
PISA,reading,2025,M0B,HOME_RESOURCES,A,1.0,10.308183834100856,10.308183834100856,False,59,72,1.0
PISA,reading,2025,M0B,SCHOOL_BELONGING,A,1.0,-5.205478246243686,-5.205478246243686,False,59,72,1.0
PISA,reading,2025,M0B,SES_COMPOSITE,A,1.0,-6.206546396056806,-6.206546396056806,False,59,72,1.0
PISA,reading,2025,M1A,lag_Y,A,1.0,42.01936341593083,42.01936341593083,False,59,72,1.0
PISA,reading,2025,M1A,HOME_RESOURCES,A,1.0,10.308183834100856,10.308183834100856,False,59,72,1.0
PISA,reading,2025,M1A,SCHOOL_BELONGING,A,1.0,-5.205478246243686,-5.205478246243686,False,59,72,1.0
PISA,reading,2025,M1A,SES_COMPOSITE,A,1.0,-6.206546396056806,-6.206546396056806,False,59,72,1.0
PISA,science,2025,M0B,lag_Y,A,1.0,43.89751321926245,43.89751321926245,False,59,73,1.0
PISA,science,2025,M0B,HOME_RESOURCES,A,1.0,10.05060054344236,10.05060054344236,False,59,73,1.0
PISA,science,2025,M0B,SCHOOL_BELONGING,A,1.0,-6.892030749831905,-6.892030749831905,False,59,73,1.0
PISA,science,2025,M0B,SES_COMPOSITE,A,1.0,-5.657159500446204,-5.657159500446204,False,59,73,1.0
PISA,science,2025,M1A,lag_Y,A,1.0,43.89751321926245,43.89751321926245,False,59,73,1.0
PISA,science,2025,M1A,HOME_RESOURCES,A,1.0,10.05060054344236,10.05060054344236,False,59,73,1.0
PISA,science,2025,M1A,SCHOOL_BELONGING,A,1.0,-6.892030749831905,-6.892030749831905,False,59,73,1.0
PISA,science,2025,M1A,SES_COMPOSITE,A,1.0,-5.657159500446204,-5.657159500446204,False,59,73,1.0
TIMSS,mathematics,2003,M0B,lag_Y,A,1.0,3.415517156822707,3.415517156822707,False,15,23,100.0
TIMSS,mathematics,2003,M1A,lag_Y,A,1.0,3.415517156822707,3.415517156822707,False,15,23,100.0
TIMSS,mathematics,2007,M0B,lag_Y,A,1.0,39.7410686997339,39.7410686997339,False,38,25,1.0
TIMSS,mathematics,2007,M1A,lag_Y,A,1.0,39.7410686997339,39.7410686997339,False,38,25,1.0
TIMSS,mathematics,2011,M0B,lag_Y,A,1.0,59.90581743338059,59.90581743338059,False,17,21,0.01
TIMSS,mathematics,2011,M0B,PARENTAL_EDUCATION,A,1.0,4.682861017105097,4.682861017105097,False,17,21,0.01
TIMSS,mathematics,2011,M1A,lag_Y,A,1.0,59.90581743338059,59.90581743338059,False,17,21,0.01
TIMSS,mathematics,2011,M1A,PARENTAL_EDUCATION,A,1.0,4.682861017105097,4.682861017105097,False,17,21,0.01
TIMSS,mathematics,2015,M0B,lag_Y,A,1.0,45.392951112467415,45.392951112467415,False,38,21,10.0
TIMSS,mathematics,2015,M0B,PARENTAL_EDUCATION,A,1.0,9.488527110612566,9.488527110612566,False,38,21,10.0
TIMSS,mathematics,2015,M1A,lag_Y,A,1.0,45.392951112467415,45.392951112467415,False,38,21,10.0
TIMSS,mathematics,2015,M1A,PARENTAL_EDUCATION,A,1.0,9.488527110612566,9.488527110612566,False,38,21,10.0
TIMSS,mathematics,2019,M0B,lag_Y,A,1.0,55.173251027800056,55.173251027800056,False,59,24,1.0
TIMSS,mathematics,2019,M0B,PARENTAL_EDUCATION,A,1.0,7.11615884933481,7.11615884933481,False,59,24,1.0
TIMSS,mathematics,2019,M1A,lag_Y,A,1.0,55.173251027800056,55.173251027800056,False,59,24,1.0
TIMSS,mathematics,2019,M1A,PARENTAL_EDUCATION,A,1.0,7.11615884933481,7.11615884933481,False,59,24,1.0
TIMSS,science,2003,M0B,lag_Y,A,1.0,13.45256346600092,13.45256346600092,False,15,23,10.0
TIMSS,science,2003,M1A,lag_Y,A,1.0,13.45256346600092,13.45256346600092,False,15,23,10.0
TIMSS,science,2007,M0B,lag_Y,A,1.0,36.73000691076268,36.73000691076268,False,38,25,1.0
TIMSS,science,2007,M1A,lag_Y,A,1.0,36.73000691076268,36.73000691076268,False,38,25,1.0
TIMSS,science,2011,M0B,lag_Y,A,1.0,52.777906402688075,52.777906402688075,False,17,21,0.01
TIMSS,science,2011,M0B,PARENTAL_EDUCATION,A,1.0,5.826175441162994,5.826175441162994,False,17,21,0.01
TIMSS,science,2011,M1A,lag_Y,A,1.0,52.777906402688075,52.777906402688075,False,17,21,0.01
TIMSS,science,2011,M1A,PARENTAL_EDUCATION,A,1.0,5.826175441162994,5.826175441162994,False,17,21,0.01
TIMSS,science,2015,M0B,lag_Y,A,1.0,40.19528533654557,40.19528533654557,False,38,21,10.0
TIMSS,science,2015,M0B,PARENTAL_EDUCATION,A,1.0,9.342786319754797,9.342786319754797,False,38,21,10.0
TIMSS,science,2015,M1A,lag_Y,A,1.0,40.19528533654557,40.19528533654557,False,38,21,10.0
TIMSS,science,2015,M1A,PARENTAL_EDUCATION,A,1.0,9.342786319754797,9.342786319754797,False,38,21,10.0
TIMSS,science,2019,M0B,lag_Y,A,1.0,48.37406842270159,48.37406842270159,False,59,24,1.0
TIMSS,science,2019,M0B,PARENTAL_EDUCATION,A,1.0,7.866803527986078,7.866803527986078,False,59,24,1.0
TIMSS,science,2019,M1A,lag_Y,A,1.0,48.37406842270159,48.37406842270159,False,59,24,1.0
TIMSS,science,2019,M1A,PARENTAL_EDUCATION,A,1.0,7.866803527986078,7.866803527986078,False,59,24,1.0
TIMSS_G4,mathematics,2007,M0B,lag_Y,A,1.0,26.323612916336128,26.323612916336128,False,10,16,1.0
TIMSS_G4,mathematics,2007,M1A,lag_Y,A,1.0,26.323612916336128,26.323612916336128,False,10,16,1.0
TIMSS_G4,mathematics,2011,M0B,lag_Y,A,1.0,39.791469968736344,39.791469968736344,False,26,27,10.0
TIMSS_G4,mathematics,2011,M1A,lag_Y,A,1.0,39.791469968736344,39.791469968736344,False,26,27,10.0
TIMSS_G4,mathematics,2015,M0B,lag_Y,A,1.0,50.01611440813655,50.01611440813655,False,53,30,10.0
TIMSS_G4,mathematics,2015,M1A,lag_Y,A,1.0,50.01611440813655,50.01611440813655,False,53,30,10.0
TIMSS_G4,mathematics,2019,M0B,lag_Y,A,1.0,58.28003992873528,58.28003992873528,False,10,30,0.1
TIMSS_G4,mathematics,2019,M0B,PARENTAL_EDUCATION,A,1.0,-6.477384915495869,-6.477384915495869,False,10,30,0.1
TIMSS_G4,mathematics,2019,M1A,lag_Y,A,1.0,58.28003992873528,58.28003992873528,False,10,30,0.1
TIMSS_G4,mathematics,2019,M1A,PARENTAL_EDUCATION,A,1.0,-6.477384915495869,-6.477384915495869,False,10,30,0.1
TIMSS_G4,science,2007,M0B,lag_Y,A,1.0,8.025845133368543,8.025845133368543,False,10,16,10.0
TIMSS_G4,science,2007,M1A,lag_Y,A,1.0,8.025845133368543,8.025845133368543,False,10,16,10.0
TIMSS_G4,science,2011,M0B,lag_Y,A,1.0,36.23447759907528,36.23447759907528,False,26,27,10.0
TIMSS_G4,science,2011,M1A,lag_Y,A,1.0,36.23447759907528,36.23447759907528,False,26,27,10.0
TIMSS_G4,science,2015,M0B,lag_Y,A,1.0,49.608935928729665,49.608935928729665,False,53,30,10.0
TIMSS_G4,science,2015,M1A,lag_Y,A,1.0,49.608935928729665,49.608935928729665,False,53,30,10.0
TIMSS_G4,science,2019,M0B,lag_Y,A,1.0,43.99901921747329,43.99901921747329,False,10,30,0.01
TIMSS_G4,science,2019,M0B,PARENTAL_EDUCATION,A,1.0,1.2133541060056834,1.2133541060056834,False,10,30,0.01
TIMSS_G4,science,2019,M1A,lag_Y,A,1.0,43.99901921747329,43.99901921747329,False,10,30,0.01
TIMSS_G4,science,2019,M1A,PARENTAL_EDUCATION,A,1.0,1.2133541060056834,1.2133541060056834,False,10,30,0.01
PIRLS,reading,2011,M0B,lag_Y,A,1.0,51.47360789498624,51.47360789498624,False,19,21,0.01
PIRLS,reading,2011,M1A,lag_Y,A,1.0,51.47360789498624,51.47360789498624,False,19,21,0.01
PIRLS,reading,2016,M0B,lag_Y,A,1.0,42.63445458916386,42.63445458916386,False,40,33,0.01
PIRLS,reading,2016,M1A,lag_Y,A,1.0,42.63445458916386,42.63445458916386,False,40,33,0.01
PIRLS,reading,2021,M0B,lag_Y,A,1.0,63.67696855478853,63.67696855478853,False,15,24,0.01
PIRLS,reading,2021,M0B,HOME_LITERACY_ACTIVITIES,B,1.0,0.3485019125549893,0.3485019125549893,False,15,24,0.01
PIRLS,reading,2021,M0B,PARENTAL_EDUCATION,A,1.0,-2.8465300165390626,-2.8465300165390626,False,15,24,0.01
PIRLS,reading,2021,M1A,lag_Y,A,1.0,63.67805802953617,63.67805802953617,False,15,24,0.01
PIRLS,reading,2021,M1A,HOME_LITERACY_ACTIVITIES,B,0.5,0.6936582451618262,0.3468291225809131,False,15,24,0.01
PIRLS,reading,2021,M1A,PARENTAL_EDUCATION,A,1.0,-2.8462434007790143,-2.8462434007790143,False,15,24,0.01
