component,status,count,source,validation,notes
corpus_on_disk_json,verified,1756,"outputs/{OECD,IEA,Scopus,Web of Science,ilsa_survey_articles}",rglob json count,1756 JSON files
effect_sizes_rows,verified,13385,outputs/stage5/effect_sizes.csv,row count,unique_papers=1011; OTHER=0.067
evidence_matrix_matched,verified,11576,outputs/stage5/evidence_matrix.csv,row count,studies=881
W_j_constructs,verified,28,literature_priority.csv,exists,W_j_forecast; not causal effect sizes
temporal_OOS_folds_program_level,verified,23,loco_results + iccs/icils side files,ridge test_cycle nunique + ICCS1 + ICILS1,"{""PIRLS"": 3, ""PISA"": 7, ""TIMSS"": 6, ""TIMSS_G4"": 5, ""ICCS"": 1, ""ICILS"": 1, ""PIAAC"": 0}"
loco_results_row_decomposition,verified,262,loco_results.csv,model×fold expansion,Prior '115 rows' (claimed 5×24) is NOT reconstructible from current loco_results.csv. Verified: 46 obs × 5 models = 230; plus 8 M2-only obs; non-DM total=238; with DM rows=262.
forecast_ledger,verified,10543,forecast_ledger.csv,built from loco+side preds,OOS=10483; diagnostic=60
pisa_2025_forecast_vs_actual,verified,226,pisa_2025_forecast_vs_actual_final.csv,M0/M1/M2 present; actual present,MAE_M0=12.57; MAE_M1=12.58; MAE_M2=12.39
pisa_2022_ridge,verified,210,pisa_2022_forecast_vs_actual_final.csv,y_M0/y_M1 non-null for test_cycle=2022,PUBLISHED_WB 2000–2012 + BRR_FAY 2015/2018/2022/2025; Ridge n_train≈326
temporal_leakage_pisa_2025_train,pass,0,forecast_ledger training_cycles,2025 not in training_cycles,training_cycles=2000|2003|2006|2009|2012|2015|2018|2022
PIAAC,diagnostic_only,2,piaac_holdout_predictions_*.csv,is_diagnostic=True; no forward,LOOCV 2012→2017; not comparable to LOCO MAE
ICILS,holdout_oos,1,icils_holdout_predictions.csv,pooled hold-out,Not LOCO
TALIS,covariate_source,0,talis_covariate_estimates / enriched_panel lag_SECLSS etc.,present as lag covariates,Not a forecasting target
expert_supervised_revision,scaffolded,5,model_revision_log.csv,recommendations logged; no auto-rewrite,Researcher decisions pending/accepted as recorded
forward_forecasts,verified,605,forward_predictions.csv + iccs_forward,labeled FORWARD not historical,"PISA→2028 (official 3y), TIMSS→2027, PIRLS→2026, ICILS→2028, ICCS→2029; PIAAC blocked"
