program,cycle,country_iso3,domain,mean,se,ci_lo,ci_hi,n_pv,n_total,method
ICCS,2009,AUT,civic_knowledge,502.9293,3.9785,495.13,510.73,5,3385,JRR_zone
ICCS,2009,AUT,PARENTAL_EDUCATION,3.4392,,,,1,3303,weighted_mean
ICCS,2009,BGR,civic_knowledge,466.458,5.0376,456.58,476.33,5,3257,JRR_zone
ICCS,2009,BGR,PARENTAL_EDUCATION,3.7451,,,,1,3218,weighted_mean
ICCS,2009,CHE,civic_knowledge,531.402,3.8671,523.82,538.98,5,2924,JRR_zone
ICCS,2009,CHE,PARENTAL_EDUCATION,3.3595,,,,1,2826,weighted_mean
ICCS,2009,CYP,civic_knowledge,453.4629,2.4077,448.74,458.18,5,3194,JRR_zone
ICCS,2009,CYP,PARENTAL_EDUCATION,3.758,,,,1,3129,weighted_mean
ICCS,2009,CZE,civic_knowledge,510.2221,2.3766,505.56,514.88,5,4630,JRR_zone
ICCS,2009,CZE,PARENTAL_EDUCATION,3.5883,,,,1,4549,weighted_mean
ICCS,2009,DNK,civic_knowledge,576.3772,3.5879,569.34,583.41,5,4508,JRR_zone
ICCS,2009,DNK,PARENTAL_EDUCATION,3.9049,,,,1,4215,weighted_mean
ICCS,2009,DOM,civic_knowledge,380.2528,2.4115,375.53,384.98,5,4589,JRR_zone
ICCS,2009,DOM,PARENTAL_EDUCATION,3.0057,,,,1,4535,weighted_mean
ICCS,2009,GBR,civic_knowledge,518.7232,4.3978,510.1,527.34,5,2916,JRR_zone
ICCS,2009,GBR,PARENTAL_EDUCATION,3.7914,,,,1,2473,weighted_mean
ICCS,2009,ESP,civic_knowledge,504.81,4.1325,496.71,512.91,5,3309,JRR_zone
ICCS,2009,ESP,PARENTAL_EDUCATION,3.3401,,,,1,3241,weighted_mean
ICCS,2009,EST,civic_knowledge,525.3077,4.5388,516.41,534.2,5,2743,JRR_zone
ICCS,2009,EST,PARENTAL_EDUCATION,3.9631,,,,1,2674,weighted_mean
ICCS,2009,GRC,civic_knowledge,476.0291,4.39,467.42,484.63,5,3153,JRR_zone
ICCS,2009,GRC,PARENTAL_EDUCATION,3.7211,,,,1,3108,weighted_mean
ICCS,2009,GTM,civic_knowledge,434.5675,3.7607,427.2,441.94,5,4002,JRR_zone
ICCS,2009,GTM,PARENTAL_EDUCATION,2.1228,,,,1,3977,weighted_mean
ICCS,2009,HKG,civic_knowledge,554.1034,5.688,542.96,565.25,5,2902,JRR_zone
ICCS,2009,HKG,PARENTAL_EDUCATION,2.8815,,,,1,2744,weighted_mean
ICCS,2009,IDN,civic_knowledge,432.5209,3.4357,425.79,439.25,5,5068,JRR_zone
ICCS,2009,IDN,PARENTAL_EDUCATION,2.4585,,,,1,5029,weighted_mean
ICCS,2009,IRL,civic_knowledge,533.6738,4.5581,524.74,542.61,5,3355,JRR_zone
ICCS,2009,IRL,PARENTAL_EDUCATION,3.7586,,,,1,3142,weighted_mean
ICCS,2009,KOR,civic_knowledge,564.8232,1.918,561.06,568.58,5,5254,JRR_zone
ICCS,2009,KOR,PARENTAL_EDUCATION,3.9247,,,,1,5234,weighted_mean
ICCS,2009,LTU,civic_knowledge,505.1585,2.8444,499.58,510.73,5,3902,JRR_zone
ICCS,2009,LTU,PARENTAL_EDUCATION,3.8093,,,,1,3858,weighted_mean
ICCS,2009,LUX,civic_knowledge,473.2694,2.234,468.89,477.65,5,4852,JRR_zone
ICCS,2009,LUX,PARENTAL_EDUCATION,3.1282,,,,1,4520,weighted_mean
ICCS,2009,LVA,civic_knowledge,481.6134,3.9864,473.8,489.43,5,2761,JRR_zone
ICCS,2009,LVA,PARENTAL_EDUCATION,3.9873,,,,1,2709,weighted_mean
ICCS,2009,NLD,civic_knowledge,493.6078,7.7965,478.33,508.89,5,1964,JRR_zone
ICCS,2009,NLD,PARENTAL_EDUCATION,3.6401,,,,1,1859,weighted_mean
ICCS,2009,NOR,civic_knowledge,514.5604,3.4138,507.87,521.25,5,3013,JRR_zone
ICCS,2009,NOR,PARENTAL_EDUCATION,4.2347,,,,1,2847,weighted_mean
ICCS,2009,NZL,civic_knowledge,516.6597,4.9725,506.91,526.41,5,3979,JRR_zone
ICCS,2009,NZL,PARENTAL_EDUCATION,3.9947,,,,1,3432,weighted_mean
ICCS,2009,POL,civic_knowledge,536.3437,4.6547,527.22,545.47,5,3249,JRR_zone
ICCS,2009,POL,PARENTAL_EDUCATION,3.6258,,,,1,3176,weighted_mean
ICCS,2009,PRY,civic_knowledge,423.7016,3.4214,417.0,430.41,5,3399,JRR_zone
ICCS,2009,PRY,PARENTAL_EDUCATION,2.5924,,,,1,3357,weighted_mean
ICCS,2009,SVK,civic_knowledge,528.6391,4.4556,519.91,537.37,5,2970,JRR_zone
ICCS,2009,SVK,PARENTAL_EDUCATION,3.6386,,,,1,2955,weighted_mean
ICCS,2009,SVN,civic_knowledge,515.9222,2.6538,510.72,521.12,5,3070,JRR_zone
ICCS,2009,SVN,PARENTAL_EDUCATION,3.9242,,,,1,3001,weighted_mean
ICCS,2009,SWE,civic_knowledge,537.017,3.1003,530.94,543.09,5,3464,JRR_zone
ICCS,2009,SWE,PARENTAL_EDUCATION,4.1922,,,,1,3233,weighted_mean
ICCS,2009,THA,civic_knowledge,451.5277,3.6502,444.37,458.68,5,5263,JRR_zone
ICCS,2009,THA,PARENTAL_EDUCATION,2.3605,,,,1,5254,weighted_mean
ICCS,2009,TWN,civic_knowledge,558.7338,2.4377,553.96,563.51,5,5167,JRR_zone
ICCS,2009,TWN,PARENTAL_EDUCATION,3.451,,,,1,5137,weighted_mean
ICCS,2016,BEL,civic_knowledge,537.2349,4.0874,529.22,545.25,5,2931,JRR_zone
ICCS,2016,BEL,SES_COMPOSITE,-0.0002,,,,1,2913,weighted_mean
ICCS,2016,CHL,civic_knowledge,482.4545,3.1078,476.36,488.55,5,5081,JRR_zone
ICCS,2016,CHL,SES_COMPOSITE,-0.0001,,,,1,5030,weighted_mean
ICCS,2016,DNK,civic_knowledge,586.2504,2.9824,580.4,592.1,5,6254,JRR_zone
ICCS,2016,DNK,SES_COMPOSITE,0.0,,,,1,5990,weighted_mean
ICCS,2016,DEU,civic_knowledge,518.5446,2.7289,513.2,523.89,5,1451,JRR_zone
ICCS,2016,DEU,SES_COMPOSITE,0.0002,,,,1,1426,weighted_mean
ICCS,2016,EST,civic_knowledge,546.4239,3.0511,540.44,552.4,5,2857,JRR_zone
ICCS,2016,EST,SES_COMPOSITE,-0.0001,,,,1,2837,weighted_mean
ICCS,2016,FIN,civic_knowledge,576.6514,2.2592,572.22,581.08,5,3173,JRR_zone
ICCS,2016,FIN,SES_COMPOSITE,-0.0,,,,1,3123,weighted_mean
ICCS,2016,HKG,civic_knowledge,515.2757,6.6549,502.23,528.32,5,2653,JRR_zone
ICCS,2016,HKG,SES_COMPOSITE,-0.0,,,,1,2587,weighted_mean
ICCS,2016,HRV,civic_knowledge,531.2111,2.475,526.36,536.06,5,3896,JRR_zone
ICCS,2016,HRV,SES_COMPOSITE,-0.0001,,,,1,3886,weighted_mean
ICCS,2016,KOR,civic_knowledge,551.2297,3.5742,544.22,558.24,5,2601,JRR_zone
ICCS,2016,KOR,SES_COMPOSITE,0.0002,,,,1,2583,weighted_mean
ICCS,2016,LTU,civic_knowledge,517.7571,3.0453,511.79,523.73,5,3631,JRR_zone
ICCS,2016,LTU,SES_COMPOSITE,-0.0002,,,,1,3585,weighted_mean
ICCS,2016,LVA,civic_knowledge,492.1515,3.131,486.01,498.29,5,3224,JRR_zone
ICCS,2016,LVA,SES_COMPOSITE,-0.0,,,,1,3134,weighted_mean
ICCS,2016,MEX,civic_knowledge,467.0415,2.5493,462.04,472.04,5,5526,JRR_zone
ICCS,2016,MEX,SES_COMPOSITE,0.0,,,,1,5495,weighted_mean
ICCS,2016,MLT,civic_knowledge,491.218,2.7277,485.87,496.56,5,3764,JRR_zone
ICCS,2016,MLT,SES_COMPOSITE,-0.0,,,,1,3665,weighted_mean
ICCS,2016,NLD,civic_knowledge,522.8688,4.5337,513.98,531.75,5,2812,JRR_zone
ICCS,2016,NLD,SES_COMPOSITE,-0.0001,,,,1,2773,weighted_mean
ICCS,2016,NOR,civic_knowledge,563.6634,2.1935,559.36,567.96,5,6271,JRR_zone
ICCS,2016,NOR,SES_COMPOSITE,-0.002,,,,1,6134,weighted_mean
ICCS,2016,RUS,civic_knowledge,544.6827,4.1884,536.47,552.89,5,7289,JRR_zone
ICCS,2016,RUS,SES_COMPOSITE,-0.0002,,,,1,7266,weighted_mean
ICCS,2016,SVN,civic_knowledge,532.1036,2.4904,527.22,536.98,5,2844,JRR_zone
ICCS,2016,SVN,SES_COMPOSITE,-0.0001,,,,1,2832,weighted_mean
ICCS,2016,TWN,civic_knowledge,581.148,3.0302,575.21,587.09,5,3953,JRR_zone
ICCS,2016,TWN,SES_COMPOSITE,-0.0002,,,,1,3934,weighted_mean
ICCS,2022,BGR,civic_knowledge,455.9214,4.6429,446.82,465.02,5,3113,JRR_zone
ICCS,2022,BRA,civic_knowledge,456.6728,3.2732,450.26,463.09,5,5885,JRR_zone
ICCS,2022,COL,civic_knowledge,452.0707,3.7703,444.68,459.46,5,4193,JRR_zone
ICCS,2022,CYP,civic_knowledge,458.9608,2.4808,454.1,463.82,5,3136,JRR_zone
ICCS,2022,DEU,civic_knowledge,524.4767,2.6232,519.34,529.62,5,3266,JRR_zone
ICCS,2022,DSH,civic_knowledge,543.8885,4.4421,535.18,552.6,5,1487,JRR_zone
ICCS,2022,ESP,civic_knowledge,509.7008,3.2619,503.31,516.09,5,3487,JRR_zone
ICCS,2022,EST,civic_knowledge,545.1539,5.4967,534.38,555.93,5,2685,JRR_zone
ICCS,2022,FRA,civic_knowledge,508.2768,3.2726,501.86,514.69,5,3533,JRR_zone
ICCS,2022,HRV,civic_knowledge,531.3191,2.5977,526.23,536.41,5,2759,JRR_zone
ICCS,2022,ITA,civic_knowledge,522.9858,3.6214,515.89,530.08,5,2945,JRR_zone
ICCS,2022,LTU,civic_knowledge,508.8804,3.9666,501.11,516.65,5,3560,JRR_zone
ICCS,2022,LVA,civic_knowledge,490.1111,2.8447,484.54,495.69,5,2876,JRR_zone
ICCS,2022,NLD,civic_knowledge,508.2892,4.0937,500.27,516.31,5,2609,JRR_zone
ICCS,2022,NOR,civic_knowledge,529.1304,2.7885,523.66,534.6,5,5673,JRR_zone
ICCS,2022,POL,civic_knowledge,554.2193,2.5222,549.28,559.16,5,4434,JRR_zone
ICCS,2022,SVK,civic_knowledge,501.0986,3.2703,494.69,507.51,5,3202,JRR_zone
ICCS,2022,SVN,civic_knowledge,504.0589,2.2942,499.56,508.56,5,3466,JRR_zone
ICCS,2022,SWE,civic_knowledge,564.6128,3.5044,557.74,571.48,5,3263,JRR_zone
ICCS,2022,TWN,civic_knowledge,583.06,2.3025,578.55,587.57,5,3852,JRR_zone
