program,domain,country_iso3,last_cycle,last_score,predicted_cycle,y_M0,y_M1
ICCS,civic_knowledge,BGR,2022,455.9214,2027,494.6349,495.3233
ICCS,civic_knowledge,BRA,2022,456.6728,2027,495.0203,495.7019
ICCS,civic_knowledge,COL,2022,452.0707,2027,492.6598,493.3834
ICCS,civic_knowledge,CYP,2022,458.9608,2027,496.1938,496.8545
ICCS,civic_knowledge,DEU,2022,524.4767,2027,531.6055,531.6099
ICCS,civic_knowledge,DSH,2022,543.8885,2027,539.7538,539.6396
ICCS,civic_knowledge,ESP,2022,509.7008,2027,522.2187,522.4164
ICCS,civic_knowledge,EST,2022,545.1539,2027,541.1014,540.9531
ICCS,civic_knowledge,FRA,2022,508.2768,2027,521.4883,521.6991
ICCS,civic_knowledge,HRV,2022,531.3191,2027,534.0055,533.9833
ICCS,civic_knowledge,ITA,2022,522.9858,2027,529.0327,529.1092
ICCS,civic_knowledge,LTU,2022,508.8804,2027,522.1267,522.3213
ICCS,civic_knowledge,LVA,2022,490.1111,2027,513.2395,513.5814
ICCS,civic_knowledge,NLD,2022,508.2892,2027,522.1933,522.3813
ICCS,civic_knowledge,NOR,2022,529.1304,2027,525.8556,526.081
ICCS,civic_knowledge,POL,2022,554.2193,2027,545.0525,544.8441
ICCS,civic_knowledge,SVK,2022,501.0986,2027,517.8066,518.0828
ICCS,civic_knowledge,SVN,2022,504.0589,2027,520.0235,520.2501
ICCS,civic_knowledge,SWE,2022,564.6128,2027,550.3834,550.0801
ICCS,civic_knowledge,TWN,2022,583.06,2027,560.1739,559.6916
