country_iso3,cycle,ICCS_civic_knowledge,lag_SES_COMPOSITE,lag_PARENTAL_EDUCATION,program,domain
AUT,2009,502.9293,,,ICCS,civic_knowledge
BGR,2009,466.458,,,ICCS,civic_knowledge
CHE,2009,531.402,,,ICCS,civic_knowledge
CYP,2009,453.4629,,,ICCS,civic_knowledge
CZE,2009,510.2221,,,ICCS,civic_knowledge
DNK,2009,576.3772,,,ICCS,civic_knowledge
DOM,2009,380.2528,,,ICCS,civic_knowledge
GBR,2009,518.7232,,,ICCS,civic_knowledge
ESP,2009,504.81,,,ICCS,civic_knowledge
EST,2009,525.3077,,,ICCS,civic_knowledge
GRC,2009,476.0291,,,ICCS,civic_knowledge
GTM,2009,434.5675,,,ICCS,civic_knowledge
HKG,2009,554.1034,,,ICCS,civic_knowledge
IDN,2009,432.5209,,,ICCS,civic_knowledge
IRL,2009,533.6738,,,ICCS,civic_knowledge
KOR,2009,564.8232,,,ICCS,civic_knowledge
LTU,2009,505.1585,,,ICCS,civic_knowledge
LUX,2009,473.2694,,,ICCS,civic_knowledge
LVA,2009,481.6134,,,ICCS,civic_knowledge
NLD,2009,493.6078,,,ICCS,civic_knowledge
NOR,2009,514.5604,,,ICCS,civic_knowledge
NZL,2009,516.6597,,,ICCS,civic_knowledge
POL,2009,536.3437,,,ICCS,civic_knowledge
PRY,2009,423.7016,,,ICCS,civic_knowledge
SVK,2009,528.6391,,,ICCS,civic_knowledge
SVN,2009,515.9222,,,ICCS,civic_knowledge
SWE,2009,537.017,,,ICCS,civic_knowledge
THA,2009,451.5277,,,ICCS,civic_knowledge
TWN,2009,558.7338,,,ICCS,civic_knowledge
BEL,2016,537.2349,,,ICCS,civic_knowledge
CHL,2016,482.4545,,,ICCS,civic_knowledge
DNK,2016,586.2504,,3.9049,ICCS,civic_knowledge
DEU,2016,518.5446,,,ICCS,civic_knowledge
EST,2016,546.4239,,3.9631,ICCS,civic_knowledge
FIN,2016,576.6514,,,ICCS,civic_knowledge
HKG,2016,515.2757,,2.8815,ICCS,civic_knowledge
HRV,2016,531.2111,,,ICCS,civic_knowledge
KOR,2016,551.2297,,3.9247,ICCS,civic_knowledge
LTU,2016,517.7571,,3.8093,ICCS,civic_knowledge
LVA,2016,492.1515,,3.9873,ICCS,civic_knowledge
MEX,2016,467.0415,,,ICCS,civic_knowledge
MLT,2016,491.218,,,ICCS,civic_knowledge
NLD,2016,522.8688,,3.6401,ICCS,civic_knowledge
NOR,2016,563.6634,,4.2347,ICCS,civic_knowledge
RUS,2016,544.6827,,,ICCS,civic_knowledge
SVN,2016,532.1036,,3.9242,ICCS,civic_knowledge
TWN,2016,581.148,,3.451,ICCS,civic_knowledge
BGR,2022,455.9214,,,ICCS,civic_knowledge
BRA,2022,456.6728,,,ICCS,civic_knowledge
COL,2022,452.0707,,,ICCS,civic_knowledge
CYP,2022,458.9608,,,ICCS,civic_knowledge
DEU,2022,524.4767,0.0002,,ICCS,civic_knowledge
DSH,2022,543.8885,,,ICCS,civic_knowledge
ESP,2022,509.7008,,,ICCS,civic_knowledge
EST,2022,545.1539,-0.0001,,ICCS,civic_knowledge
FRA,2022,508.2768,,,ICCS,civic_knowledge
HRV,2022,531.3191,-0.0001,,ICCS,civic_knowledge
ITA,2022,522.9858,,,ICCS,civic_knowledge
LTU,2022,508.8804,-0.0002,,ICCS,civic_knowledge
LVA,2022,490.1111,-0.0,,ICCS,civic_knowledge
NLD,2022,508.2892,-0.0001,,ICCS,civic_knowledge
NOR,2022,529.1304,-0.002,,ICCS,civic_knowledge
POL,2022,554.2193,,,ICCS,civic_knowledge
SVK,2022,501.0986,,,ICCS,civic_knowledge
SVN,2022,504.0589,-0.0001,,ICCS,civic_knowledge
SWE,2022,564.6128,,,ICCS,civic_knowledge
TWN,2022,583.06,-0.0002,,ICCS,civic_knowledge
