country_iso3,cycle,ICILS_computer_literacy,lag_SES_COMPOSITE,lag_PARENTAL_EDUCATION,lag_HOME_LITERACY_ACTIVITIES,program,domain
ARE,2013,450.1552,,,,ICILS,computer_literacy
CHE,2013,525.5617,,,,ICILS,computer_literacy
CHL,2013,486.5838,,,,ICILS,computer_literacy
TWN,2013,528.0309,,,,ICILS,computer_literacy
COL,2013,547.1643,,,,ICILS,computer_literacy
CZE,2013,553.4541,,,,ICILS,computer_literacy
DEU,2013,523.4728,,,,ICILS,computer_literacy
DNK,2013,541.5106,,,,ICILS,computer_literacy
HKG,2013,509.4129,,,,ICILS,computer_literacy
HRV,2013,512.4887,,,,ICILS,computer_literacy
KOR,2013,535.9914,,,,ICILS,computer_literacy
NLD,2013,534.9211,,,,ICILS,computer_literacy
NOR,2013,536.6848,,,,ICILS,computer_literacy
POL,2013,537.2099,,,,ICILS,computer_literacy
RUS,2013,516.2986,,,,ICILS,computer_literacy
SVK,2013,517.269,,,,ICILS,computer_literacy
SVN,2013,510.6881,,,,ICILS,computer_literacy
THA,2013,373.3015,,,,ICILS,computer_literacy
DEU,2018,518.2645,-0.0001,2.0703,2.4752,ICILS,computer_literacy
DNK,2018,514.6741,-0.0,2.7778,2.2643,ICILS,computer_literacy
FIN,2018,530.6594,,,,ICILS,computer_literacy
FRA,2018,498.7139,,,,ICILS,computer_literacy
ITA,2018,461.0194,,,,ICILS,computer_literacy
KAZ,2018,395.1586,,,,ICILS,computer_literacy
KOR,2018,542.0843,0.0002,3.2467,2.8671,ICILS,computer_literacy
LUX,2018,481.7651,,,,ICILS,computer_literacy
PRT,2018,516.4711,,,,ICILS,computer_literacy
MKD,2018,549.1455,,,,ICILS,computer_literacy
URY,2018,450.4461,,,,ICILS,computer_literacy
USA,2018,518.9319,,,,ICILS,computer_literacy
AZE,2023,318.6523,,,,ICILS,computer_literacy
BEL,2023,510.6103,,,,ICILS,computer_literacy
BIH,2023,440.2826,,,,ICILS,computer_literacy
CYP,2023,460.4221,,,,ICILS,computer_literacy
CZE,2023,525.3865,,,,ICILS,computer_literacy
DEU,2023,501.8373,-0.0,2.2525,2.4301,ICILS,computer_literacy
DNK,2023,484.7139,-0.0,2.3494,2.3093,ICILS,computer_literacy
FIN,2023,506.6932,0.0,3.2376,2.1832,ICILS,computer_literacy
FRA,2023,497.6354,0.0,2.7748,1.871,ICILS,computer_literacy
GRC,2023,459.9081,,,,ICILS,computer_literacy
HRV,2023,486.6035,,,,ICILS,computer_literacy
HUN,2023,504.9441,,,,ICILS,computer_literacy
ITA,2023,490.5434,-0.0,2.6207,2.133,ICILS,computer_literacy
KAZ,2023,406.9882,0.0,2.8974,1.4907,ICILS,computer_literacy
KOR,2023,540.3995,0.0,3.5153,2.8949,ICILS,computer_literacy
LUX,2023,493.6714,0.0,2.7661,2.3664,ICILS,computer_literacy
LVA,2023,508.8083,,,,ICILS,computer_literacy
MLT,2023,475.0184,,,,ICILS,computer_literacy
NLD,2023,459.5847,,,,ICILS,computer_literacy
OMN,2023,379.1219,,,,ICILS,computer_literacy
PRT,2023,509.7129,-0.0,2.348,1.98,ICILS,computer_literacy
SVK,2023,498.6932,,,,ICILS,computer_literacy
SVN,2023,483.4782,,,,ICILS,computer_literacy
SWE,2023,504.2374,,,,ICILS,computer_literacy
USA,2023,481.6374,0.0,3.0766,1.9487,ICILS,computer_literacy
