program,domain,country_iso3,last_cycle,last_score,predicted_cycle,y_M0,y_M1,validation_design,n_train_pairs,note
ICILS,computer_literacy,AZE,2023,318.6523,2028,377.5875,377.5875,pooled_train_holdout_test,13,trained on 2013→2018 + 2018→2023 transitions; forecast horizon 2028
ICILS,computer_literacy,BEL,2023,510.6103,2028,501.7407,501.7407,pooled_train_holdout_test,13,trained on 2013→2018 + 2018→2023 transitions; forecast horizon 2028
ICILS,computer_literacy,BIH,2023,440.2826,2028,456.2547,456.2547,pooled_train_holdout_test,13,trained on 2013→2018 + 2018→2023 transitions; forecast horizon 2028
ICILS,computer_literacy,CYP,2023,460.4221,2028,469.2803,469.2803,pooled_train_holdout_test,13,trained on 2013→2018 + 2018→2023 transitions; forecast horizon 2028
ICILS,computer_literacy,CZE,2023,525.3865,2028,511.2976,511.2976,pooled_train_holdout_test,13,trained on 2013→2018 + 2018→2023 transitions; forecast horizon 2028
ICILS,computer_literacy,DEU,2023,501.8373,2028,488.3418,488.3418,pooled_train_holdout_test,13,trained on 2013→2018 + 2018→2023 transitions; forecast horizon 2028
ICILS,computer_literacy,DNK,2023,484.7139,2028,471.0964,471.0964,pooled_train_holdout_test,13,trained on 2013→2018 + 2018→2023 transitions; forecast horizon 2028
ICILS,computer_literacy,FIN,2023,506.6932,2028,486.4697,486.4697,pooled_train_holdout_test,13,trained on 2013→2018 + 2018→2023 transitions; forecast horizon 2028
ICILS,computer_literacy,FRA,2023,497.6354,2028,457.7779,457.7779,pooled_train_holdout_test,13,trained on 2013→2018 + 2018→2023 transitions; forecast horizon 2028
ICILS,computer_literacy,GRC,2023,459.9081,2028,468.9479,468.9479,pooled_train_holdout_test,13,trained on 2013→2018 + 2018→2023 transitions; forecast horizon 2028
ICILS,computer_literacy,HRV,2023,486.6035,2028,486.2138,486.2138,pooled_train_holdout_test,13,trained on 2013→2018 + 2018→2023 transitions; forecast horizon 2028
ICILS,computer_literacy,HUN,2023,504.9441,2028,498.076,498.076,pooled_train_holdout_test,13,trained on 2013→2018 + 2018→2023 transitions; forecast horizon 2028
ICILS,computer_literacy,ITA,2023,490.5434,2028,467.1153,467.1153,pooled_train_holdout_test,13,trained on 2013→2018 + 2018→2023 transitions; forecast horizon 2028
ICILS,computer_literacy,KAZ,2023,406.9882,2028,377.9623,377.9623,pooled_train_holdout_test,13,trained on 2013→2018 + 2018→2023 transitions; forecast horizon 2028
ICILS,computer_literacy,KOR,2023,540.3995,2028,552.8169,552.8169,pooled_train_holdout_test,13,trained on 2013→2018 + 2018→2023 transitions; forecast horizon 2028
ICILS,computer_literacy,LUX,2023,493.6714,2028,484.272,484.272,pooled_train_holdout_test,13,trained on 2013→2018 + 2018→2023 transitions; forecast horizon 2028
ICILS,computer_literacy,LVA,2023,508.8083,2028,500.5752,500.5752,pooled_train_holdout_test,13,trained on 2013→2018 + 2018→2023 transitions; forecast horizon 2028
ICILS,computer_literacy,MLT,2023,475.0184,2028,478.7208,478.7208,pooled_train_holdout_test,13,trained on 2013→2018 + 2018→2023 transitions; forecast horizon 2028
ICILS,computer_literacy,NLD,2023,459.5847,2028,468.7387,468.7387,pooled_train_holdout_test,13,trained on 2013→2018 + 2018→2023 transitions; forecast horizon 2028
ICILS,computer_literacy,OMN,2023,379.1219,2028,416.6976,416.6976,pooled_train_holdout_test,13,trained on 2013→2018 + 2018→2023 transitions; forecast horizon 2028
ICILS,computer_literacy,PRT,2023,509.7129,2028,467.8805,467.8805,pooled_train_holdout_test,13,trained on 2013→2018 + 2018→2023 transitions; forecast horizon 2028
ICILS,computer_literacy,SVK,2023,498.6932,2028,494.0331,494.0331,pooled_train_holdout_test,13,trained on 2013→2018 + 2018→2023 transitions; forecast horizon 2028
ICILS,computer_literacy,SVN,2023,483.4782,2028,484.1924,484.1924,pooled_train_holdout_test,13,trained on 2013→2018 + 2018→2023 transitions; forecast horizon 2028
ICILS,computer_literacy,SWE,2023,504.2374,2028,497.6189,497.6189,pooled_train_holdout_test,13,trained on 2013→2018 + 2018→2023 transitions; forecast horizon 2028
ICILS,computer_literacy,USA,2023,481.6374,2028,454.9154,454.9154,pooled_train_holdout_test,13,trained on 2013→2018 + 2018→2023 transitions; forecast horizon 2028
