source_program,source_cycle,target_program,target_cycle,lag_years,n_overlap,overlap_countries
TALIS,2013,PISA,2015,2,22,BGR|BRA|CHL|CZE|ESP|EST|FIN|FRA|ISR|ITA|KOR|LVA|MEX|NLD|NOR|NZL|PRT|RUS|SGP|SVK|SWE|USA
TALIS,2013,TIMSS,2015,2,5,CHL|ISR|ITA|RUS|SGP
TALIS,2018,PISA,2022,4,27,ARE|AUS|AUT|BEL|BGR|BRA|COL|DNK|ESP|FIN|FRA|GEO|HUN|ISR|ITA|KOR|LTU|MEX|NLD|NOR|ROU|SAU|SGP|SVK|SVN|TUR|VNM
TALIS,2018,TIMSS,2019,1,17,ARE|AUS|CYP|FIN|FRA|GEO|HUN|ISR|ITA|KOR|LTU|NOR|RUS|SAU|SGP|TUR|ZAF
ICILS,2013,PISA,2015,2,14,CHE|CHL|CZE|DEU|DNK|HRV|KOR|NLD|NOR|POL|RUS|SVK|SVN|THA
ICILS,2018,PISA,2022,4,9,DEU|FIN|FRA|ITA|KAZ|KOR|PRT|URY|USA
ICILS,2018,TIMSS,2019,1,7,FIN|FRA|ITA|KAZ|KOR|PRT|USA
ICILS,2023,PISA,2025,2,20,AZE|CZE|DEU|FIN|FRA|GRC|HRV|HUN|ITA|KAZ|KOR|LUX|LVA|MLT|NLD|PRT|SVK|SVN|SWE|USA
PIAAC,2012,PISA,2015,3,25,BEL|CAN|CHL|CZE|DNK|ESP|EST|FIN|FRA|GBR|GRC|IRL|JPN|LTU|MEX|NOR|NZL|PER|POL|RUS|SGP|SVK|SWE|TUR|USA
PIAAC,2012,TIMSS,2015,3,9,CAN|CHL|IRL|JPN|KAZ|LTU|RUS|SGP|TUR
PIAAC,2022,PISA,2025,3,21,AUT|CAN|CHE|CHL|CZE|DEU|FIN|FRA|GBR|HUN|IRL|JPN|LTU|NOR|NZL|POL|PRT|SGP|SVK|SWE|USA
