program,domain,test_cycle,model,row_count
PIRLS,reading,2006,M2,1
PIRLS,reading,2011,M0,1
PIRLS,reading,2011,M0A,1
PIRLS,reading,2011,M1,1
PIRLS,reading,2011,M2,1
PIRLS,reading,2011,M3,1
PIRLS,reading,2016,M0,1
PIRLS,reading,2016,M0A,1
PIRLS,reading,2016,M1,1
PIRLS,reading,2016,M2,1
PIRLS,reading,2016,M3,1
PIRLS,reading,2021,M0,1
PIRLS,reading,2021,M0A,1
PIRLS,reading,2021,M1,1
PIRLS,reading,2021,M2,1
PIRLS,reading,2021,M3,1
PISA,mathematics,2003,M2,1
PISA,mathematics,2006,M0,1
PISA,mathematics,2006,M0A,1
PISA,mathematics,2006,M1,1
PISA,mathematics,2006,M2,1
PISA,mathematics,2006,M3,1
PISA,mathematics,2009,M0,1
PISA,mathematics,2009,M0A,1
PISA,mathematics,2009,M1,1
PISA,mathematics,2009,M2,1
PISA,mathematics,2009,M3,1
PISA,mathematics,2012,M0,1
PISA,mathematics,2012,M0A,1
PISA,mathematics,2012,M1,1
PISA,mathematics,2012,M2,1
PISA,mathematics,2012,M3,1
PISA,mathematics,2015,M0,1
PISA,mathematics,2015,M0A,1
PISA,mathematics,2015,M1,1
PISA,mathematics,2015,M2,1
PISA,mathematics,2015,M3,1
PISA,mathematics,2018,M0,1
PISA,mathematics,2018,M0A,1
PISA,mathematics,2018,M1,1
PISA,mathematics,2018,M2,1
PISA,mathematics,2018,M3,1
PISA,mathematics,2022,M0,1
PISA,mathematics,2022,M0A,1
PISA,mathematics,2022,M1,1
PISA,mathematics,2022,M2,1
PISA,mathematics,2022,M3,1
PISA,mathematics,2025,M0,1
PISA,mathematics,2025,M0A,1
PISA,mathematics,2025,M1,1
PISA,mathematics,2025,M2,1
PISA,mathematics,2025,M3,1
PISA,reading,2003,M2,1
PISA,reading,2006,M0,1
PISA,reading,2006,M0A,1
PISA,reading,2006,M1,1
PISA,reading,2006,M2,1
PISA,reading,2006,M3,1
PISA,reading,2009,M0,1
PISA,reading,2009,M0A,1
PISA,reading,2009,M1,1
PISA,reading,2009,M2,1
PISA,reading,2009,M3,1
PISA,reading,2012,M0,1
PISA,reading,2012,M0A,1
PISA,reading,2012,M1,1
PISA,reading,2012,M2,1
PISA,reading,2012,M3,1
PISA,reading,2015,M0,1
PISA,reading,2015,M0A,1
PISA,reading,2015,M1,1
PISA,reading,2015,M2,1
PISA,reading,2015,M3,1
PISA,reading,2018,M0,1
PISA,reading,2018,M0A,1
PISA,reading,2018,M1,1
PISA,reading,2018,M2,1
PISA,reading,2018,M3,1
PISA,reading,2022,M0,1
PISA,reading,2022,M0A,1
PISA,reading,2022,M1,1
PISA,reading,2022,M2,1
PISA,reading,2022,M3,1
PISA,reading,2025,M0,1
PISA,reading,2025,M0A,1
PISA,reading,2025,M1,1
PISA,reading,2025,M2,1
PISA,reading,2025,M3,1
PISA,science,2003,M2,1
PISA,science,2006,M0,1
PISA,science,2006,M0A,1
PISA,science,2006,M1,1
PISA,science,2006,M2,1
PISA,science,2006,M3,1
PISA,science,2009,M0,1
PISA,science,2009,M0A,1
PISA,science,2009,M1,1
PISA,science,2009,M2,1
PISA,science,2009,M3,1
PISA,science,2012,M0,1
PISA,science,2012,M0A,1
PISA,science,2012,M1,1
PISA,science,2012,M2,1
PISA,science,2012,M3,1
PISA,science,2015,M0,1
PISA,science,2015,M0A,1
PISA,science,2015,M1,1
PISA,science,2015,M2,1
PISA,science,2015,M3,1
PISA,science,2018,M0,1
PISA,science,2018,M0A,1
PISA,science,2018,M1,1
PISA,science,2018,M2,1
PISA,science,2018,M3,1
PISA,science,2022,M0,1
PISA,science,2022,M0A,1
PISA,science,2022,M1,1
PISA,science,2022,M2,1
PISA,science,2022,M3,1
PISA,science,2025,M0,1
PISA,science,2025,M0A,1
PISA,science,2025,M1,1
PISA,science,2025,M2,1
PISA,science,2025,M3,1
TIMSS,mathematics,1999,M2,1
TIMSS,mathematics,2003,M0,1
TIMSS,mathematics,2003,M0A,1
TIMSS,mathematics,2003,M1,1
TIMSS,mathematics,2003,M2,1
TIMSS,mathematics,2003,M3,1
TIMSS,mathematics,2007,M0,1
TIMSS,mathematics,2007,M0A,1
TIMSS,mathematics,2007,M1,1
TIMSS,mathematics,2007,M2,1
TIMSS,mathematics,2007,M3,1
TIMSS,mathematics,2011,M0,1
TIMSS,mathematics,2011,M0A,1
TIMSS,mathematics,2011,M1,1
TIMSS,mathematics,2011,M2,1
TIMSS,mathematics,2011,M3,1
TIMSS,mathematics,2015,M0,1
TIMSS,mathematics,2015,M0A,1
TIMSS,mathematics,2015,M1,1
TIMSS,mathematics,2015,M2,1
TIMSS,mathematics,2015,M3,1
TIMSS,mathematics,2019,M0,1
TIMSS,mathematics,2019,M0A,1
TIMSS,mathematics,2019,M1,1
TIMSS,mathematics,2019,M2,1
TIMSS,mathematics,2019,M3,1
TIMSS,mathematics,2023,M0,1
TIMSS,mathematics,2023,M0A,1
TIMSS,mathematics,2023,M1,1
TIMSS,mathematics,2023,M2,1
TIMSS,mathematics,2023,M3,1
TIMSS,science,1999,M2,1
TIMSS,science,2003,M0,1
TIMSS,science,2003,M0A,1
TIMSS,science,2003,M1,1
TIMSS,science,2003,M2,1
TIMSS,science,2003,M3,1
TIMSS,science,2007,M0,1
TIMSS,science,2007,M0A,1
TIMSS,science,2007,M1,1
TIMSS,science,2007,M2,1
TIMSS,science,2007,M3,1
TIMSS,science,2011,M0,1
TIMSS,science,2011,M0A,1
TIMSS,science,2011,M1,1
TIMSS,science,2011,M2,1
TIMSS,science,2011,M3,1
TIMSS,science,2015,M0,1
TIMSS,science,2015,M0A,1
TIMSS,science,2015,M1,1
TIMSS,science,2015,M2,1
TIMSS,science,2015,M3,1
TIMSS,science,2019,M0,1
TIMSS,science,2019,M0A,1
TIMSS,science,2019,M1,1
TIMSS,science,2019,M2,1
TIMSS,science,2019,M3,1
TIMSS,science,2023,M0,1
TIMSS,science,2023,M0A,1
TIMSS,science,2023,M1,1
TIMSS,science,2023,M2,1
TIMSS,science,2023,M3,1
TIMSS_G4,mathematics,2003,M2,1
TIMSS_G4,mathematics,2007,M0,1
TIMSS_G4,mathematics,2007,M0A,1
TIMSS_G4,mathematics,2007,M1,1
TIMSS_G4,mathematics,2007,M2,1
TIMSS_G4,mathematics,2007,M3,1
TIMSS_G4,mathematics,2011,M0,1
TIMSS_G4,mathematics,2011,M0A,1
TIMSS_G4,mathematics,2011,M1,1
TIMSS_G4,mathematics,2011,M2,1
TIMSS_G4,mathematics,2011,M3,1
TIMSS_G4,mathematics,2015,M0,1
TIMSS_G4,mathematics,2015,M0A,1
TIMSS_G4,mathematics,2015,M1,1
TIMSS_G4,mathematics,2015,M2,1
TIMSS_G4,mathematics,2015,M3,1
TIMSS_G4,mathematics,2019,M0,1
TIMSS_G4,mathematics,2019,M0A,1
TIMSS_G4,mathematics,2019,M1,1
TIMSS_G4,mathematics,2019,M2,1
TIMSS_G4,mathematics,2019,M3,1
TIMSS_G4,mathematics,2023,M0,1
TIMSS_G4,mathematics,2023,M0A,1
TIMSS_G4,mathematics,2023,M1,1
TIMSS_G4,mathematics,2023,M2,1
TIMSS_G4,mathematics,2023,M3,1
TIMSS_G4,science,2003,M2,1
TIMSS_G4,science,2007,M0,1
TIMSS_G4,science,2007,M0A,1
TIMSS_G4,science,2007,M1,1
TIMSS_G4,science,2007,M2,1
TIMSS_G4,science,2007,M3,1
TIMSS_G4,science,2011,M0,1
TIMSS_G4,science,2011,M0A,1
TIMSS_G4,science,2011,M1,1
TIMSS_G4,science,2011,M2,1
TIMSS_G4,science,2011,M3,1
TIMSS_G4,science,2015,M0,1
TIMSS_G4,science,2015,M0A,1
TIMSS_G4,science,2015,M1,1
TIMSS_G4,science,2015,M2,1
TIMSS_G4,science,2015,M3,1
TIMSS_G4,science,2019,M0,1
TIMSS_G4,science,2019,M0A,1
TIMSS_G4,science,2019,M1,1
TIMSS_G4,science,2019,M2,1
TIMSS_G4,science,2019,M3,1
TIMSS_G4,science,2023,M0,1
TIMSS_G4,science,2023,M0A,1
TIMSS_G4,science,2023,M1,1
TIMSS_G4,science,2023,M2,1
TIMSS_G4,science,2023,M3,1
