program,domain,model,rmse,mae,r2,spearman,n
PIRLS,reading,M0A_achievement,22.1078,15.3999,0.7134,0.8193,100
PIRLS,reading,M0B_microdata,20.987,15.2632,0.7072,0.8486,78
PIRLS,reading,M1A_literature,20.818,15.1356,0.7139,0.8481,78
PIRLS,reading,M1B_integrated,20.818,15.1356,0.7139,0.8481,78
PIRLS,reading,M2_Persistence,19.926,14.0724,0.7821,0.8193,100
PISA,mathematics,M0A_achievement,13.396,8.5947,0.937,0.9672,77
PISA,mathematics,M0B_microdata,13.3522,8.516,0.9375,0.9659,72
PISA,mathematics,M1A_literature,13.546,8.5154,0.9357,0.9654,72
PISA,mathematics,M2_Persistence,15.0594,11.4702,0.9204,0.9672,77
PISA,reading,M0A_achievement,15.8173,11.1008,0.9023,0.9642,77
PISA,reading,M0B_microdata,15.8385,10.6898,0.8992,0.9566,72
PISA,reading,M1A_literature,16.1035,10.8809,0.8958,0.9552,72
PISA,reading,M2_Persistence,19.2641,15.0784,0.8551,0.9642,77
PISA,science,M0A_achievement,17.983,11.5445,0.8752,0.9491,78
PISA,science,M0B_microdata,18.7124,12.0047,0.8619,0.9388,73
PISA,science,M1A_literature,18.7174,12.1424,0.8619,0.9379,73
PISA,science,M2_Persistence,17.359,11.2707,0.8837,0.9491,78
TIMSS,mathematics,M0A_achievement,26.3949,19.8288,0.7473,0.9357,149
TIMSS,mathematics,M0B_microdata,27.662,20.9301,0.7241,0.9379,114
TIMSS,mathematics,M1A_literature,25.8721,19.7017,0.7909,0.9294,114
TIMSS,mathematics,M1B_integrated,27.9692,21.2232,0.761,0.9261,90
TIMSS,mathematics,M2_Persistence,22.8697,17.2959,0.8559,0.9357,149
TIMSS,science,M0A_achievement,24.7325,19.4095,0.7831,0.909,149
TIMSS,science,M0B_microdata,24.7781,19.688,0.7746,0.8904,114
TIMSS,science,M1A_literature,26.084,20.7645,0.7451,0.8871,114
TIMSS,science,M1B_integrated,27.0674,21.4797,0.726,0.8941,90
TIMSS,science,M2_Persistence,24.8247,18.6736,0.7948,0.909,149
TIMSS_G4,mathematics,M0A_achievement,30.238,21.2664,0.7821,0.8198,125
TIMSS_G4,mathematics,M0B_microdata,27.8946,19.7886,0.8029,0.8384,103
TIMSS_G4,mathematics,M1A_literature,29.4235,21.1335,0.7816,0.8384,103
TIMSS_G4,mathematics,M1B_integrated,29.4235,21.1335,0.7816,0.8384,103
TIMSS_G4,mathematics,M2_Persistence,30.0143,20.2447,0.7806,0.8198,125
TIMSS_G4,science,M0A_achievement,34.264,21.3509,0.7156,0.783,124
TIMSS_G4,science,M0B_microdata,31.3708,20.1754,0.7389,0.8087,103
TIMSS_G4,science,M1A_literature,29.1329,19.825,0.7786,0.8094,103
TIMSS_G4,science,M1B_integrated,29.1329,19.825,0.7786,0.8094,103
TIMSS_G4,science,M2_Persistence,32.718,21.2353,0.7399,0.783,124
