program,domain,test_cycle,n_train,n_test,model,RMSE,MAE,R2,Spearman,n_features,DM_stat,DM_p
TIMSS,mathematics,1999,0.0,15,M2,24.2461,21.2238,0.4605,0.5821,,,
TIMSS,mathematics,2003,20.0,22,M0A,57.9873,43.1473,-0.204,,11.0,,
TIMSS,mathematics,2003,20.0,22,M0,47.7623,37.4612,0.1832,0.8972,11.0,,
TIMSS,mathematics,2003,20.0,22,M1,48.5923,38.0171,0.1545,0.9018,11.0,,
TIMSS,mathematics,2003,20.0,22,M2,22.3409,17.2648,0.8213,0.9085,11.0,,
TIMSS,mathematics,2003,20.0,22,M3,57.9873,43.1473,-0.204,,11.0,,
TIMSS,mathematics,2007,42.0,22,M0A,58.0589,39.8054,0.2273,0.8112,11.0,,
TIMSS,mathematics,2007,42.0,22,M0,34.1359,30.1183,0.7329,0.9345,11.0,,
TIMSS,mathematics,2007,42.0,22,M1,34.9191,30.6123,0.7205,0.9481,11.0,,
TIMSS,mathematics,2007,42.0,18,M2,16.3378,12.8275,0.9316,0.9401,11.0,,
TIMSS,mathematics,2007,42.0,22,M3,69.8927,51.5702,-0.1197,,11.0,,
TIMSS,mathematics,2011,64.0,27,M0A,52.9234,39.344,0.2226,0.7405,11.0,,
TIMSS,mathematics,2011,64.0,27,M0,35.231,24.9166,0.6555,0.8706,11.0,,
TIMSS,mathematics,2011,64.0,27,M1,35.5689,25.0004,0.6489,0.8651,11.0,,
TIMSS,mathematics,2011,64.0,21,M2,32.0601,21.2203,0.7649,0.9247,11.0,,
TIMSS,mathematics,2011,64.0,27,M3,66.3433,51.7304,-0.2216,,11.0,,
TIMSS,mathematics,2015,91.0,31,M0A,49.135,36.2104,0.4206,0.7633,11.0,,
TIMSS,mathematics,2015,91.0,31,M0,32.9658,24.4144,0.7392,0.8669,11.0,,
TIMSS,mathematics,2015,91.0,31,M1,32.9185,24.472,0.7399,0.8669,11.0,,
TIMSS,mathematics,2015,91.0,21,M2,20.9087,16.8388,0.8716,0.9351,11.0,,
TIMSS,mathematics,2015,91.0,31,M3,64.6944,53.6994,-0.0045,,11.0,,
TIMSS,mathematics,2019,122.0,33,M0A,46.4822,33.7931,0.363,0.5966,11.0,,
TIMSS,mathematics,2019,122.0,33,M0,28.1039,19.9788,0.7671,0.9037,11.0,,
TIMSS,mathematics,2019,122.0,33,M1,28.105,19.9938,0.7671,0.9027,11.0,,
TIMSS,mathematics,2019,122.0,24,M2,17.6146,13.356,0.9089,0.9452,11.0,,
TIMSS,mathematics,2019,122.0,33,M3,59.6379,46.883,-0.0486,,11.0,,
TIMSS,mathematics,2023,155.0,31,M0A,35.5843,27.0901,0.6115,0.8779,11.0,,
TIMSS,mathematics,2023,155.0,31,M0,33.9469,28.5233,0.6464,0.8327,11.0,,
TIMSS,mathematics,2023,155.0,31,M1,33.8496,28.4636,0.6484,0.8327,11.0,,
TIMSS,mathematics,2023,155.0,26,M2,20.584,15.4204,0.8694,0.9214,11.0,,
TIMSS,mathematics,2023,155.0,31,M3,57.1405,44.1781,-0.0019,,11.0,,
TIMSS,mathematics,ALL,,132,DM_M1vM2,,,,,,4.7748,0.0
TIMSS,mathematics,ALL,,132,DM_M0AvM2,,,,,,4.7337,0.0
TIMSS,mathematics,ALL,,166,DM_M1vM3,,,,,,-6.9578,0.0
TIMSS,science,1999,0.0,15,M2,29.1402,23.7247,0.0854,0.775,,,
TIMSS,science,2003,20.0,22,M0A,54.5606,39.0022,-0.1869,,11.0,,
TIMSS,science,2003,20.0,22,M0,40.6087,30.6627,0.3425,0.9097,11.0,,
TIMSS,science,2003,20.0,22,M1,40.9676,30.8555,0.3309,0.9142,11.0,,
TIMSS,science,2003,20.0,22,M2,24.4917,19.1671,0.7608,0.9063,11.0,,
TIMSS,science,2003,20.0,22,M3,54.5606,39.0022,-0.1869,,11.0,,
TIMSS,science,2007,42.0,22,M0A,52.0503,30.9022,0.1676,0.8088,11.0,,
TIMSS,science,2007,42.0,22,M0,29.1078,23.7994,0.7397,0.9164,11.0,,
TIMSS,science,2007,42.0,22,M1,29.2638,23.8001,0.7369,0.9164,11.0,,
TIMSS,science,2007,42.0,18,M2,22.4412,17.7153,0.846,0.9525,11.0,,
TIMSS,science,2007,42.0,22,M3,60.0396,42.2584,-0.1076,,11.0,,
TIMSS,science,2011,64.0,27,M0A,48.3201,33.4941,0.2689,0.7234,11.0,,
TIMSS,science,2011,64.0,27,M0,32.5114,24.6528,0.669,0.8687,11.0,,
TIMSS,science,2011,64.0,27,M1,32.7685,24.7203,0.6638,0.8632,11.0,,
TIMSS,science,2011,64.0,21,M2,29.925,19.8908,0.7489,0.8948,11.0,,
TIMSS,science,2011,64.0,27,M3,60.4144,45.8268,-0.1428,,11.0,,
TIMSS,science,2015,91.0,31,M0A,42.4984,32.0114,0.3914,0.6782,11.0,,
TIMSS,science,2015,91.0,31,M0,32.452,24.7017,0.6451,0.7992,11.0,,
TIMSS,science,2015,91.0,31,M1,32.4372,24.7126,0.6455,0.8048,11.0,,
TIMSS,science,2015,91.0,21,M2,23.4612,18.8958,0.7976,0.8571,11.0,,
TIMSS,science,2015,91.0,31,M3,54.4902,45.1964,-0.0005,,11.0,,
TIMSS,science,2019,122.0,33,M0A,40.5764,28.6527,0.3611,0.5785,11.0,,
TIMSS,science,2019,122.0,33,M0,28.3554,21.2029,0.688,0.7714,11.0,,
TIMSS,science,2019,122.0,33,M1,28.2165,21.039,0.6911,0.7704,11.0,,
TIMSS,science,2019,122.0,24,M2,21.4275,15.8862,0.8327,0.8443,11.0,,
TIMSS,science,2019,122.0,33,M3,51.4985,41.6297,-0.0291,,11.0,,
TIMSS,science,2023,155.0,31,M0A,35.621,25.6883,0.5834,0.8884,11.0,,
TIMSS,science,2023,155.0,31,M0,33.5341,26.0891,0.6308,0.8907,11.0,,
TIMSS,science,2023,155.0,31,M1,33.3745,25.9355,0.6343,0.8907,11.0,,
TIMSS,science,2023,155.0,26,M2,21.4274,15.7333,0.8498,0.9262,11.0,,
TIMSS,science,2023,155.0,31,M3,55.2336,44.7691,-0.0017,,11.0,,
TIMSS,science,ALL,,132,DM_M1vM2,,,,,,3.1391,0.0021
TIMSS,science,ALL,,132,DM_M0AvM2,,,,,,3.7945,0.0002
TIMSS,science,ALL,,166,DM_M1vM3,,,,,,-5.4725,0.0
TIMSS_G4,mathematics,2003,0.0,10,M2,39.447,34.4256,-0.1406,0.697,,,
TIMSS_G4,mathematics,2007,13.0,16,M0A,28.9376,23.0408,0.6704,0.6089,11.0,,
TIMSS_G4,mathematics,2007,13.0,16,M0,27.0716,23.6348,0.7115,0.6588,11.0,,
TIMSS_G4,mathematics,2007,13.0,16,M1,27.0186,23.6919,0.7126,0.6176,11.0,,
TIMSS_G4,mathematics,2007,13.0,12,M2,18.4141,14.3758,0.8939,0.8951,11.0,,
TIMSS_G4,mathematics,2007,13.0,16,M3,52.6788,29.0235,-0.0924,,11.0,,
TIMSS_G4,mathematics,2011,29.0,29,M0A,63.5268,45.1072,0.1708,0.5768,11.0,,
TIMSS_G4,mathematics,2011,29.0,29,M0,67.9219,47.8117,0.052,0.8759,11.0,,
TIMSS_G4,mathematics,2011,29.0,29,M1,68.6227,48.3224,0.0324,0.8493,11.0,,
TIMSS_G4,mathematics,2011,29.0,19,M2,33.4244,19.6114,0.6856,0.8175,11.0,,
TIMSS_G4,mathematics,2011,29.0,29,M3,73.6087,51.7983,-0.1133,,11.0,,
TIMSS_G4,mathematics,2015,58.0,31,M0A,57.899,45.3229,0.2796,0.5592,11.0,,
TIMSS_G4,mathematics,2015,58.0,31,M0,42.1537,32.4568,0.6181,0.844,11.0,,
TIMSS_G4,mathematics,2015,58.0,31,M1,43.1994,33.3509,0.599,0.831,11.0,,
TIMSS_G4,mathematics,2015,58.0,21,M2,19.4681,14.2128,0.9029,0.826,11.0,,
TIMSS_G4,mathematics,2015,58.0,31,M3,68.2204,56.1898,-0.0001,,11.0,,
TIMSS_G4,mathematics,2019,89.0,44,M0A,41.8649,27.8222,0.4573,0.6271,11.0,,
TIMSS_G4,mathematics,2019,89.0,44,M0,21.6117,15.2398,0.8554,0.8782,11.0,,
TIMSS_G4,mathematics,2019,89.0,44,M1,21.4923,15.3002,0.857,0.8785,11.0,,
TIMSS_G4,mathematics,2019,89.0,36,M2,13.1805,9.2101,0.9432,0.9387,11.0,,
TIMSS_G4,mathematics,2019,89.0,44,M3,57.8039,45.1882,-0.0346,,11.0,,
TIMSS_G4,mathematics,2023,133.0,42,M0A,27.8866,20.93,0.7364,0.9088,11.0,,
TIMSS_G4,mathematics,2023,133.0,42,M0,22.634,17.6042,0.8263,0.8891,11.0,,
TIMSS_G4,mathematics,2023,133.0,42,M1,22.3266,17.3237,0.831,0.8953,11.0,,
TIMSS_G4,mathematics,2023,133.0,41,M2,13.6192,11.2731,0.9352,0.935,11.0,,
TIMSS_G4,mathematics,2023,133.0,42,M3,54.5902,41.625,-0.0103,,11.0,,
TIMSS_G4,mathematics,ALL,,129,DM_M1vM2,,,,,,2.5687,0.0114
TIMSS_G4,mathematics,ALL,,129,DM_M0AvM2,,,,,,3.9111,0.0001
TIMSS_G4,mathematics,ALL,,162,DM_M1vM3,,,,,,-6.2658,0.0
TIMSS_G4,science,2003,0.0,10,M2,28.8311,22.965,-0.4333,0.5636,,,
TIMSS_G4,science,2007,13.0,16,M0A,19.842,14.6534,0.8592,0.7096,11.0,,
TIMSS_G4,science,2007,13.0,16,M0,30.1837,15.8573,0.6742,0.7441,11.0,,
TIMSS_G4,science,2007,13.0,16,M1,30.181,15.8549,0.6742,0.7441,11.0,,
TIMSS_G4,science,2007,13.0,12,M2,18.8088,13.9433,0.9004,0.8951,11.0,,
TIMSS_G4,science,2007,13.0,16,M3,53.849,27.2443,-0.037,,11.0,,
TIMSS_G4,science,2011,29.0,29,M0A,60.672,38.4054,0.3398,0.6963,11.0,,
TIMSS_G4,science,2011,29.0,29,M0,63.1027,38.9119,0.2859,0.5778,11.0,,
TIMSS_G4,science,2011,29.0,29,M1,62.9551,38.8047,0.2892,0.5946,11.0,,
TIMSS_G4,science,2011,29.0,19,M2,30.2672,16.1782,0.7758,0.8175,11.0,,
TIMSS_G4,science,2011,29.0,29,M3,70.0967,55.0449,0.1188,0.3329,11.0,,
TIMSS_G4,science,2015,58.0,30,M0A,45.2968,34.1497,0.5014,0.6343,11.0,,
TIMSS_G4,science,2015,58.0,30,M0,38.8213,30.1661,0.6338,0.8274,11.0,,
TIMSS_G4,science,2015,58.0,30,M1,39.388,30.5162,0.623,0.8265,11.0,,
TIMSS_G4,science,2015,58.0,21,M2,29.246,19.89,0.7812,0.7662,11.0,,
TIMSS_G4,science,2015,58.0,30,M3,69.1236,56.1397,-0.1611,0.1821,11.0,,
TIMSS_G4,science,2019,88.0,44,M0A,38.1977,21.0004,0.517,0.6572,11.0,,
TIMSS_G4,science,2019,88.0,44,M0,24.2264,17.5612,0.8057,0.7976,11.0,,
TIMSS_G4,science,2019,88.0,44,M1,24.0026,17.4319,0.8093,0.7953,11.0,,
TIMSS_G4,science,2019,88.0,35,M2,17.5168,10.9029,0.8537,0.8728,11.0,,
TIMSS_G4,science,2019,88.0,44,M3,53.5142,43.9848,0.052,0.1986,11.0,,
TIMSS_G4,science,2023,132.0,42,M0A,24.509,16.7882,0.8229,0.9455,11.0,,
TIMSS_G4,science,2023,132.0,42,M0,30.5178,20.6935,0.7254,0.9026,11.0,,
TIMSS_G4,science,2023,132.0,42,M1,30.2558,20.2006,0.7301,0.9105,11.0,,
TIMSS_G4,science,2023,132.0,41,M2,14.8474,11.6193,0.9335,0.9561,11.0,,
TIMSS_G4,science,2023,132.0,42,M3,58.2569,44.5907,-0.0006,,11.0,,
TIMSS_G4,science,ALL,,128,DM_M1vM2,,,,,,1.9717,0.0508
TIMSS_G4,science,ALL,,128,DM_M0AvM2,,,,,,0.7985,0.4261
TIMSS_G4,science,ALL,,161,DM_M1vM3,,,,,,-4.49,0.0
