program,domain,country_iso3,n_folds,MAE_M0,MAE_M1,RMSE_M0,RMSE_M1
ICCS,civic_knowledge,DEU,1,47.99,47.91,47.99,47.91
ICCS,civic_knowledge,EST,1,19.04,19.01,19.04,19.01
ICCS,civic_knowledge,HRV,1,28.69,28.64,28.69,28.64
ICCS,civic_knowledge,LTU,1,1.59,1.62,1.59,1.62
ICCS,civic_knowledge,LVA,1,3.18,3.14,3.18,3.14
ICCS,civic_knowledge,NLD,1,8.31,8.26,8.31,8.26
ICCS,civic_knowledge,NOR,1,26.87,26.88,26.87,26.88
ICCS,civic_knowledge,SVN,1,11.85,11.89,11.85,11.89
ICCS,civic_knowledge,TWN,1,38.53,38.48,38.53,38.48
ICILS,computer_literacy,DEU,1,5.44,8.56,5.44,8.56
ICILS,computer_literacy,DNK,1,18.23,20.62,18.23,20.62
ICILS,computer_literacy,FIN,1,1.68,2.48,1.68,2.48
ICILS,computer_literacy,FRA,1,11.26,12.27,11.26,12.27
ICILS,computer_literacy,ITA,1,8.57,17.45,8.57,17.45
ICILS,computer_literacy,KAZ,1,37.51,15.6,37.51,15.6
ICILS,computer_literacy,KOR,1,12.17,7.36,12.17,7.36
ICILS,computer_literacy,LUX,1,1.13,4.15,1.13,4.15
ICILS,computer_literacy,PRT,1,15.26,11.96,15.26,11.96
ICILS,computer_literacy,USA,1,13.25,15.69,13.25,15.69
PIAAC,literacy,CAN,1,11.15,11.11,11.15,11.11
PIAAC,literacy,CHL,1,25.39,25.35,25.39,25.35
PIAAC,literacy,CZE,1,4.42,4.43,4.42,4.43
PIAAC,literacy,FIN,1,20.74,20.73,20.74,20.73
PIAAC,literacy,FRA,1,1.5,1.48,1.5,1.48
PIAAC,literacy,GBR,1,8.72,8.72,8.72,8.72
PIAAC,literacy,IRL,1,2.43,2.45,2.43,2.45
PIAAC,literacy,JPN,1,3.55,3.54,3.55,3.54
PIAAC,literacy,LTU,1,22.06,22.05,22.06,22.05
PIAAC,literacy,NOR,1,14.55,14.53,14.55,14.53
PIAAC,literacy,NZL,1,12.86,12.87,12.86,12.87
PIAAC,literacy,POL,1,25.56,25.56,25.56,25.56
PIAAC,literacy,SGP,1,3.05,3.06,3.05,3.06
PIAAC,literacy,SVK,1,14.07,14.06,14.07,14.06
PIAAC,literacy,SWE,1,22.29,22.3,22.29,22.3
PIAAC,numeracy,CAN,1,6.87,6.86,6.87,6.86
PIAAC,numeracy,CHL,1,15.56,15.58,15.56,15.58
PIAAC,numeracy,CZE,1,5.03,5.04,5.03,5.04
PIAAC,numeracy,FIN,1,15.32,15.33,15.32,15.33
PIAAC,numeracy,FRA,1,1.59,1.56,1.59,1.56
PIAAC,numeracy,GBR,1,8.64,8.63,8.64,8.63
PIAAC,numeracy,IRL,1,0.26,0.28,0.26,0.28
PIAAC,numeracy,JPN,1,10.44,10.43,10.44,10.43
PIAAC,numeracy,LTU,1,20.98,20.99,20.98,20.99
PIAAC,numeracy,NOR,1,13.11,13.09,13.11,13.09
PIAAC,numeracy,NZL,1,13.43,13.44,13.43,13.44
PIAAC,numeracy,POL,1,23.76,23.75,23.76,23.75
PIAAC,numeracy,SGP,1,16.1,16.11,16.1,16.11
PIAAC,numeracy,SVK,1,18.81,18.8,18.81,18.8
PIAAC,numeracy,SWE,1,10.07,10.07,10.07,10.07
PIRLS,reading,AAD,2,26.53,26.48,33.32,33.32
PIRLS,reading,ADU,2,20.82,20.82,25.05,25.06
PIRLS,reading,ARE,1,20.61,20.61,20.61,20.61
PIRLS,reading,AUS,3,9.16,9.16,10.11,10.11
PIRLS,reading,AUT,3,10.16,10.17,11.38,11.38
PIRLS,reading,AZE,3,39.03,39.02,42.78,42.77
PIRLS,reading,BFL,2,6.23,6.2,6.93,6.89
PIRLS,reading,BFR,1,8.55,8.5,8.55,8.5
PIRLS,reading,BGR,3,11.49,11.5,13.45,13.45
PIRLS,reading,BHR,2,44.16,44.13,54.37,54.36
PIRLS,reading,CAN,1,31.72,31.72,31.72,31.72
PIRLS,reading,COL,1,65.45,65.45,65.45,65.45
PIRLS,reading,COT,1,3.89,3.89,3.89,3.89
PIRLS,reading,CQU,3,4.98,4.99,5.97,5.97
PIRLS,reading,CZE,1,6.48,6.46,6.48,6.46
PIRLS,reading,DEU,3,10.76,10.77,12.15,12.16
PIRLS,reading,DNK,3,15.66,15.65,22.07,22.07
PIRLS,reading,EAN,1,2.15,2.15,2.15,2.15
PIRLS,reading,ESP,1,30.35,30.4,30.35,30.4
PIRLS,reading,FIN,3,21.47,21.47,30.05,30.05
PIRLS,reading,FRA,3,7.53,7.53,9.41,9.41
PIRLS,reading,GEO,3,21.12,21.13,22.05,22.06
PIRLS,reading,HKG,1,4.03,4.03,4.03,4.03
PIRLS,reading,HRV,1,36.34,36.34,36.34,36.34
PIRLS,reading,IDN,1,88.21,88.21,88.21,88.21
PIRLS,reading,IRL,2,27.1,27.1,28.2,28.2
PIRLS,reading,IRN,2,55.57,55.52,65.8,65.79
PIRLS,reading,ISR,3,17.29,17.3,18.26,18.26
PIRLS,reading,ITA,2,13.95,13.94,18.52,18.52
PIRLS,reading,KAZ,2,39.84,39.88,47.39,47.44
PIRLS,reading,KWT,1,106.61,106.61,106.61,106.61
PIRLS,reading,LTU,1,16.19,16.19,16.19,16.19
PIRLS,reading,LVA,1,18.09,18.12,18.09,18.12
PIRLS,reading,MAR,1,172.62,172.62,172.62,172.62
PIRLS,reading,NIR,2,18.2,18.26,19.02,19.09
PIRLS,reading,NLD,3,11.69,11.69,14.97,14.98
PIRLS,reading,NOR,2,32.34,32.35,32.69,32.69
PIRLS,reading,NZL,2,1.91,1.91,2.28,2.28
PIRLS,reading,POL,1,0.95,0.95,0.95,0.95
PIRLS,reading,PRT,3,13.67,13.67,15.85,15.85
PIRLS,reading,QAT,2,48.6,48.65,57.66,57.68
PIRLS,reading,RMO,1,20.84,20.77,20.84,20.77
PIRLS,reading,RUS,3,20.65,20.69,23.18,23.24
PIRLS,reading,SAU,2,19.16,19.21,24.54,24.55
PIRLS,reading,SGP,1,0.96,0.96,0.96,0.96
PIRLS,reading,SVK,2,1.84,1.84,1.91,1.91
PIRLS,reading,SVN,1,3.3,3.3,3.3,3.3
PIRLS,reading,SWE,3,14.59,14.59,16.87,16.88
PIRLS,reading,TTO,1,40.26,40.26,40.26,40.26
PIRLS,reading,USA,1,8.71,8.71,8.71,8.71
PISA,mathematics,ALB,5,31.75,31.63,41.12,40.98
PISA,mathematics,ARE,4,20.1,19.92,22.29,22.07
PISA,mathematics,ARG,4,12.77,12.84,14.02,14.14
PISA,mathematics,AUS,7,8.55,8.7,9.74,9.9
PISA,mathematics,AUT,7,6.75,6.75,8.24,8.24
PISA,mathematics,AZE,1,29.87,28.63,29.87,28.63
PISA,mathematics,BEL,7,5.21,5.22,6.1,6.07
PISA,mathematics,BGR,7,18.18,18.13,30.71,30.7
PISA,mathematics,BRA,7,9.07,9.22,10.06,10.21
PISA,mathematics,BRN,2,9.53,9.61,9.62,9.7
PISA,mathematics,CAN,7,6.86,6.88,8.13,8.17
PISA,mathematics,CHE,7,7.23,7.47,8.39,8.6
PISA,mathematics,CHL,7,19.48,19.64,31.96,32.02
PISA,mathematics,CHN,1,39.8,40.21,39.8,40.21
PISA,mathematics,COL,6,10.65,10.76,13.07,13.23
PISA,mathematics,CRI,5,13.34,13.49,14.69,14.85
PISA,mathematics,CZE,7,8.85,8.86,10.44,10.43
PISA,mathematics,DEU,7,9.17,9.15,11.59,11.57
PISA,mathematics,DNK,7,8.88,8.91,10.72,10.68
PISA,mathematics,DOM,3,10.3,10.3,11.71,11.7
PISA,mathematics,ESP,7,5.86,5.82,7.62,7.6
PISA,mathematics,EST,7,6.98,6.96,10.28,10.25
PISA,mathematics,FIN,7,11.2,11.28,13.21,13.31
PISA,mathematics,FRA,7,7.86,7.87,10.13,10.13
PISA,mathematics,GBR,7,5.79,5.9,7.47,7.54
PISA,mathematics,GEO,4,40.36,40.24,56.68,56.68
PISA,mathematics,GRC,7,9.12,9.06,11.25,11.21
PISA,mathematics,GTM,1,19.15,19.19,19.15,19.19
PISA,mathematics,HKG,7,12.52,12.51,13.98,13.88
PISA,mathematics,HRV,6,4.99,5.03,6.58,6.7
PISA,mathematics,HUN,7,5.92,5.95,7.94,8.0
PISA,mathematics,IDN,7,19.78,19.71,24.09,23.97
PISA,mathematics,IRL,7,7.96,8.05,8.64,8.69
PISA,mathematics,ISL,7,9.95,9.91,12.66,12.56
PISA,mathematics,ISR,7,13.88,13.87,21.15,21.15
PISA,mathematics,ITA,7,8.06,8.05,9.64,9.64
PISA,mathematics,JOR,6,26.19,26.28,30.82,30.84
PISA,mathematics,JPN,7,9.81,9.9,12.08,12.18
PISA,mathematics,KAZ,4,22.16,22.33,29.68,29.76
PISA,mathematics,KGZ,1,4.95,5.33,4.95,5.33
PISA,mathematics,KHM,1,26.42,26.45,26.42,26.45
PISA,mathematics,KOR,7,13.19,13.13,16.98,16.86
PISA,mathematics,KSV,1,8.02,7.99,8.02,7.99
PISA,mathematics,LBN,1,71.66,71.27,71.66,71.27
PISA,mathematics,LIE,3,13.79,13.87,14.37,14.47
PISA,mathematics,LTU,7,3.32,3.3,4.35,4.33
PISA,mathematics,LUX,5,3.44,3.46,4.13,4.15
PISA,mathematics,LVA,7,8.05,8.03,10.52,10.49
PISA,mathematics,MAC,7,14.61,14.8,17.45,17.66
PISA,mathematics,MAR,3,34.73,34.72,46.05,46.09
PISA,mathematics,MDA,4,24.29,24.27,44.41,44.41
PISA,mathematics,MEX,7,8.04,8.08,8.92,8.92
PISA,mathematics,MKD,3,11.31,11.3,11.78,11.78
PISA,mathematics,MLT,3,17.16,17.09,20.38,20.39
PISA,mathematics,MNE,6,7.49,7.45,9.3,9.22
PISA,mathematics,MNG,1,3.23,3.31,3.23,3.31
PISA,mathematics,MYS,4,14.31,14.23,17.58,17.5
PISA,mathematics,NLD,7,8.19,8.12,10.33,10.21
PISA,mathematics,NOR,7,13.69,13.6,15.57,15.47
PISA,mathematics,NZL,7,8.03,8.13,10.62,10.74
PISA,mathematics,PAN,1,10.63,10.72,10.63,10.72
PISA,mathematics,PER,5,10.54,10.56,13.17,13.25
PISA,mathematics,PHL,2,11.58,11.53,12.19,12.18
PISA,mathematics,POL,7,11.04,11.02,13.56,13.54
PISA,mathematics,PRT,7,9.54,9.47,12.13,12.07
PISA,mathematics,PRY,1,11.04,11.09,11.04,11.09
PISA,mathematics,PSE,1,8.61,8.57,8.61,8.57
PISA,mathematics,QAT,6,13.66,13.71,16.99,17.05
PISA,mathematics,ROU,6,7.36,7.42,8.44,8.45
PISA,mathematics,RUS,5,14.32,14.19,15.93,15.82
PISA,mathematics,SAU,3,13.3,13.32,20.15,20.25
PISA,mathematics,SGP,6,29.91,30.04,38.01,38.07
PISA,mathematics,SLV,1,4.66,4.7,4.66,4.7
PISA,mathematics,SRB,6,10.31,10.29,13.27,13.27
PISA,mathematics,SVK,7,7.96,7.93,10.04,10.13
PISA,mathematics,SVN,7,12.32,12.22,14.7,14.59
PISA,mathematics,SWE,7,13.74,13.75,14.48,14.49
PISA,mathematics,TAP,1,12.0,12.04,12.0,12.04
PISA,mathematics,THA,7,13.09,13.09,16.33,16.33
PISA,mathematics,TTO,1,72.11,72.11,72.11,72.11
PISA,mathematics,TUN,4,11.62,11.72,13.65,13.7
PISA,mathematics,TUR,7,14.46,14.52,18.83,18.95
PISA,mathematics,URY,7,9.81,9.84,11.49,11.51
PISA,mathematics,USA,7,13.07,13.13,13.66,13.76
PISA,mathematics,VNM,4,16.71,16.97,18.75,18.97
PISA,reading,ALB,5,26.75,26.87,33.85,33.89
PISA,reading,ARE,5,12.54,12.49,14.92,14.88
PISA,reading,ARG,4,10.61,12.64,11.35,13.09
PISA,reading,AUS,7,3.68,4.17,4.63,4.99
PISA,reading,AUT,7,8.33,7.95,10.73,9.89
PISA,reading,AZE,1,37.42,23.59,37.42,23.59
PISA,reading,BEL,7,6.64,6.95,7.68,7.96
PISA,reading,BGR,7,26.3,27.78,36.6,37.24
PISA,reading,BRA,7,8.01,7.65,10.12,9.4
PISA,reading,BRN,2,9.79,9.76,10.46,10.51
PISA,reading,CAN,7,8.94,7.99,10.31,9.5
PISA,reading,CHE,7,7.5,7.5,8.7,8.63
PISA,reading,CHL,7,16.08,16.05,20.64,20.64
PISA,reading,CHN,1,25.07,25.0,25.07,25.0
PISA,reading,COL,6,11.83,12.44,13.42,14.36
PISA,reading,CRI,5,5.4,5.33,6.13,6.1
PISA,reading,CZE,7,11.2,9.4,13.09,11.58
PISA,reading,DEU,7,7.51,8.21,9.0,9.32
PISA,reading,DNK,7,8.82,8.47,11.19,11.09
PISA,reading,DOM,3,11.76,11.72,14.29,14.21
PISA,reading,ESP,6,12.59,13.34,14.47,15.16
PISA,reading,EST,7,8.72,9.39,10.32,10.5
PISA,reading,FIN,7,11.64,11.21,13.45,12.97
PISA,reading,FRA,7,10.48,10.31,11.55,11.39
PISA,reading,GBR,7,5.46,5.61,6.07,6.07
PISA,reading,GEO,4,42.22,42.23,57.97,57.99
PISA,reading,GRC,7,9.99,9.72,12.4,12.7
PISA,reading,GTM,1,38.19,38.15,38.19,38.15
PISA,reading,HKG,7,13.43,13.69,15.72,16.28
PISA,reading,HRV,6,8.05,8.56,9.44,9.63
PISA,reading,HUN,7,7.84,7.67,10.0,10.48
PISA,reading,IDN,7,17.11,15.59,25.81,25.29
PISA,reading,IRL,7,13.98,14.21,16.33,16.34
PISA,reading,ISL,7,14.54,14.71,18.35,18.48
PISA,reading,ISR,7,20.04,20.7,25.34,26.12
PISA,reading,ITA,7,7.13,6.78,9.43,9.37
PISA,reading,JOR,6,26.46,25.98,37.8,37.76
PISA,reading,JPN,7,15.07,14.58,16.9,17.34
PISA,reading,KAZ,4,32.98,33.11,45.65,45.67
PISA,reading,KGZ,1,10.75,5.99,10.75,5.99
PISA,reading,KHM,1,7.34,7.12,7.34,7.12
PISA,reading,KOR,7,13.87,12.79,17.55,16.64
PISA,reading,KSV,1,14.89,15.11,14.89,15.11
PISA,reading,LBN,1,22.84,22.02,22.84,22.02
PISA,reading,LIE,3,9.81,10.62,11.23,11.73
PISA,reading,LTU,7,7.13,6.61,8.43,8.24
PISA,reading,LUX,5,7.89,7.54,8.63,8.42
PISA,reading,LVA,7,11.54,11.79,19.25,19.38
PISA,reading,MAC,7,12.7,11.74,13.53,12.86
PISA,reading,MAR,3,54.83,55.09,60.15,60.39
PISA,reading,MDA,4,28.97,29.02,46.85,46.86
PISA,reading,MEX,7,5.84,4.95,6.57,6.04
PISA,reading,MKD,3,24.3,24.33,28.45,28.54
PISA,reading,MLT,3,18.45,18.45,25.5,25.61
PISA,reading,MNE,6,7.13,8.4,9.56,10.07
PISA,reading,MNG,1,15.38,15.76,15.38,15.76
PISA,reading,MYS,4,28.89,29.04,31.96,32.07
PISA,reading,NLD,7,12.23,12.61,16.02,16.2
PISA,reading,NOR,7,14.62,15.16,15.9,16.15
PISA,reading,NZL,7,5.03,4.62,6.43,5.84
PISA,reading,PAN,1,9.3,9.38,9.3,9.38
PISA,reading,PER,5,6.9,6.89,7.91,7.89
PISA,reading,PHL,2,14.08,14.12,14.2,14.27
PISA,reading,POL,7,11.86,11.22,13.68,13.52
PISA,reading,PRT,7,9.79,9.88,11.77,11.77
PISA,reading,PRY,1,19.06,18.99,19.06,18.99
PISA,reading,PSE,1,7.39,7.63,7.39,7.63
PISA,reading,QAT,6,7.4,9.98,12.06,18.02
PISA,reading,ROU,6,9.12,10.48,10.44,12.29
PISA,reading,RUS,5,17.85,17.24,20.05,18.04
PISA,reading,SAU,3,12.95,12.94,15.49,15.52
PISA,reading,SGP,6,18.77,18.92,24.04,24.07
PISA,reading,SLV,1,2.61,2.68,2.61,2.68
PISA,reading,SRB,6,19.47,19.62,23.87,23.37
PISA,reading,SVK,7,10.84,10.75,12.7,12.14
PISA,reading,SVN,7,15.53,14.98,18.08,17.83
PISA,reading,SWE,7,11.4,11.09,13.3,13.27
PISA,reading,TAP,1,3.14,3.27,3.14,3.27
PISA,reading,THA,7,14.41,13.17,19.3,18.41
PISA,reading,TTO,1,64.03,64.03,64.03,64.03
PISA,reading,TUN,4,23.45,21.9,28.25,27.29
PISA,reading,TUR,7,17.72,17.39,22.14,21.49
PISA,reading,URY,7,12.67,12.72,16.6,15.33
PISA,reading,USA,6,12.85,12.84,15.42,15.41
PISA,reading,VNM,4,33.26,33.24,40.22,40.27
PISA,science,ALB,5,29.1,29.11,36.18,36.15
PISA,science,ARE,5,12.52,12.42,15.53,15.45
PISA,science,ARG,4,5.65,5.73,7.31,7.37
PISA,science,AUS,7,5.96,5.95,6.28,6.27
PISA,science,AUT,7,8.74,8.77,10.05,10.06
PISA,science,AZE,1,48.04,47.2,48.04,47.2
PISA,science,BEL,7,4.23,4.13,4.53,4.43
PISA,science,BGR,7,15.34,15.29,24.77,24.76
PISA,science,BRA,7,8.32,8.37,10.71,10.85
PISA,science,BRN,2,11.19,11.21,11.28,11.29
PISA,science,CAN,7,4.66,4.69,5.95,6.02
PISA,science,CHE,7,5.82,5.82,6.88,6.86
PISA,science,CHL,7,11.23,11.2,21.44,21.43
PISA,science,CHN,1,15.69,15.77,15.69,15.77
PISA,science,COL,6,7.76,7.72,9.74,9.73
PISA,science,CRI,5,11.69,11.67,12.3,12.27
PISA,science,CZE,7,7.15,7.13,8.41,8.38
PISA,science,DEU,7,8.49,8.44,10.26,10.21
PISA,science,DNK,7,3.66,3.55,5.17,5.15
PISA,science,DOM,3,11.64,11.63,14.26,14.22
PISA,science,ESP,7,3.77,3.76,4.96,4.94
PISA,science,EST,7,14.92,14.83,18.98,18.92
PISA,science,FIN,7,8.59,8.55,11.74,11.72
PISA,science,FRA,7,4.77,4.75,5.85,5.84
PISA,science,GBR,7,6.9,6.81,8.43,8.34
PISA,science,GEO,4,50.37,50.33,64.74,64.73
PISA,science,GRC,7,8.73,8.78,10.07,10.04
PISA,science,GTM,1,24.85,24.91,24.85,24.91
PISA,science,HKG,7,13.66,13.6,16.48,16.45
PISA,science,HRV,6,6.24,6.16,7.84,7.81
PISA,science,HUN,7,5.74,5.68,7.23,7.19
PISA,science,IDN,7,18.55,18.62,20.62,20.65
PISA,science,IRL,7,8.45,8.45,11.5,11.47
PISA,science,ISL,7,13.56,13.46,16.67,16.56
PISA,science,ISR,7,12.29,12.29,18.26,18.26
PISA,science,ITA,7,8.0,8.04,9.28,9.28
PISA,science,JOR,6,23.65,23.73,30.34,30.35
PISA,science,JPN,7,14.19,14.17,17.28,17.24
PISA,science,KAZ,4,27.57,27.59,42.88,42.89
PISA,science,KGZ,1,9.87,10.06,9.87,10.06
PISA,science,KHM,1,30.99,30.97,30.99,30.97
PISA,science,KOR,7,11.13,11.12,13.19,13.11
PISA,science,KSV,1,6.63,6.65,6.63,6.65
PISA,science,LBN,1,52.49,51.55,52.49,51.55
PISA,science,LIE,3,4.67,4.62,5.78,5.77
PISA,science,LTU,7,7.84,7.82,8.51,8.49
PISA,science,LUX,5,7.1,7.07,7.55,7.52
PISA,science,LVA,7,7.94,7.95,9.99,10.01
PISA,science,MAC,7,8.31,8.36,9.99,10.02
PISA,science,MAR,3,38.05,38.1,49.15,49.21
PISA,science,MDA,4,23.73,23.74,38.85,38.85
PISA,science,MEX,7,8.75,8.77,10.22,10.27
PISA,science,MKD,3,20.62,20.59,23.26,23.23
PISA,science,MLT,3,7.66,7.62,9.94,9.93
PISA,science,MNE,6,15.5,15.46,16.74,16.72
PISA,science,MNG,1,14.89,14.91,14.89,14.91
PISA,science,MYS,4,15.66,15.7,18.13,18.19
PISA,science,NLD,7,5.81,5.83,7.47,7.45
PISA,science,NOR,7,7.66,7.62,9.02,8.97
PISA,science,NZL,7,5.83,5.82,7.31,7.31
PISA,science,PAN,1,9.92,9.91,9.92,9.91
PISA,science,PER,5,7.34,7.39,9.69,9.75
PISA,science,PHL,2,11.06,11.08,11.09,11.11
PISA,science,POL,7,10.47,10.49,13.06,13.07
PISA,science,PRT,7,6.57,6.57,8.29,8.27
PISA,science,PRY,1,15.11,15.17,15.11,15.17
PISA,science,PSE,1,10.19,10.2,10.19,10.2
PISA,science,QAT,6,12.74,12.68,14.49,14.4
PISA,science,ROU,6,7.08,7.02,9.2,9.15
PISA,science,RUS,5,10.14,9.97,14.63,14.51
PISA,science,SAU,3,25.72,25.79,31.59,31.68
PISA,science,SGP,6,20.8,20.85,26.1,26.11
PISA,science,SLV,1,11.42,11.33,11.42,11.33
PISA,science,SRB,6,12.92,12.96,17.28,17.32
PISA,science,SVK,7,8.63,8.6,10.62,10.6
PISA,science,SVN,7,11.86,11.75,14.38,14.24
PISA,science,SWE,7,7.49,7.47,7.98,7.96
PISA,science,TAP,1,12.74,12.77,12.74,12.77
PISA,science,THA,7,17.3,17.34,18.52,18.56
PISA,science,TTO,1,79.36,79.36,79.36,79.36
PISA,science,TUN,4,13.79,13.88,15.39,15.56
PISA,science,TUR,7,20.97,21.04,24.5,24.57
PISA,science,URY,7,13.93,13.97,15.11,15.17
PISA,science,USA,7,7.54,7.48,10.26,10.17
PISA,science,UZB,1,80.51,80.55,80.51,80.55
PISA,science,VNM,4,24.51,24.49,29.23,29.25
TIMSS,mathematics,AAD,3,12.84,12.79,20.19,20.16
TIMSS,mathematics,ADU,3,14.71,14.09,17.31,17.29
TIMSS,mathematics,ARE,2,11.25,12.03,11.44,12.3
TIMSS,mathematics,ARM,2,20.35,19.53,22.81,22.13
TIMSS,mathematics,AUS,4,12.23,12.09,14.24,14.11
TIMSS,mathematics,AZE,1,39.0,37.94,39.0,37.94
TIMSS,mathematics,BFL,1,9.21,8.06,9.21,8.06
TIMSS,mathematics,BGR,1,43.07,43.39,43.07,43.39
TIMSS,mathematics,BHR,5,39.61,39.12,44.17,43.89
TIMSS,mathematics,BSQ,1,1.13,1.1,1.13,1.1
TIMSS,mathematics,CAB,1,6.75,5.0,6.75,5.0
TIMSS,mathematics,CAN,1,43.42,43.42,43.42,43.42
TIMSS,mathematics,CHL,2,17.27,17.43,19.77,20.04
TIMSS,mathematics,COT,4,17.77,18.27,19.05,19.58
TIMSS,mathematics,CQU,4,8.3,8.37,10.61,10.89
TIMSS,mathematics,CYP,3,31.23,31.17,34.97,34.87
TIMSS,mathematics,CZE,1,19.99,20.01,19.99,20.01
TIMSS,mathematics,EGY,1,60.83,60.81,60.83,60.81
TIMSS,mathematics,ENG,2,17.0,16.83,17.32,17.17
TIMSS,mathematics,FIN,2,19.42,19.35,20.55,20.45
TIMSS,mathematics,FRA,2,9.62,9.78,9.71,9.88
TIMSS,mathematics,GEO,3,9.45,8.75,10.12,9.57
TIMSS,mathematics,GHA,2,45.76,46.05,45.97,46.27
TIMSS,mathematics,HKG,5,41.68,40.6,47.28,47.56
TIMSS,mathematics,HUN,6,15.26,15.31,20.41,20.34
TIMSS,mathematics,IRL,2,19.89,20.55,21.56,22.27
TIMSS,mathematics,IRN,4,14.21,15.11,17.71,18.01
TIMSS,mathematics,ISR,5,22.39,22.43,25.7,25.74
TIMSS,mathematics,ITA,6,14.52,14.84,18.74,18.92
TIMSS,mathematics,JOR,3,44.23,43.55,51.53,51.22
TIMSS,mathematics,JPN,3,26.44,27.25,26.67,27.49
TIMSS,mathematics,KAZ,4,38.47,37.85,40.82,40.23
TIMSS,mathematics,KOR,3,52.61,52.63,59.73,60.16
TIMSS,mathematics,KWT,2,55.8,56.87,55.92,57.04
TIMSS,mathematics,LTU,5,12.01,11.96,12.59,12.64
TIMSS,mathematics,LVA,1,8.88,9.17,8.88,9.17
TIMSS,mathematics,MAR,6,31.23,30.92,45.35,44.58
TIMSS,mathematics,MDA,1,48.61,48.42,48.61,48.42
TIMSS,mathematics,MKD,1,70.14,69.51,70.14,69.51
TIMSS,mathematics,MLT,1,1.34,3.47,1.34,3.47
TIMSS,mathematics,MYS,6,29.44,29.51,36.35,36.36
TIMSS,mathematics,NLD,1,10.62,9.88,10.62,9.88
TIMSS,mathematics,NOR,4,18.51,19.55,19.63,20.63
TIMSS,mathematics,NZL,3,7.13,7.19,7.7,7.68
TIMSS,mathematics,OMN,2,57.81,58.32,57.84,58.36
TIMSS,mathematics,PHL,1,103.58,101.55,103.58,101.55
TIMSS,mathematics,PRT,2,24.02,23.2,32.84,32.59
TIMSS,mathematics,QAT,3,41.05,39.92,64.93,62.52
TIMSS,mathematics,ROM,3,28.05,27.99,28.66,28.59
TIMSS,mathematics,RUS,4,29.28,29.36,30.89,30.95
TIMSS,mathematics,SAU,3,29.46,29.7,34.19,34.82
TIMSS,mathematics,SCO,1,18.54,19.31,18.54,19.31
TIMSS,mathematics,SGP,3,63.57,63.89,71.07,71.96
TIMSS,mathematics,SVK,1,16.27,16.95,16.27,16.95
TIMSS,mathematics,SVN,2,28.28,28.6,28.35,28.7
TIMSS,mathematics,SWE,3,19.8,19.66,22.78,22.67
TIMSS,mathematics,THA,3,39.69,39.85,44.21,44.19
TIMSS,mathematics,TUN,3,56.93,55.0,62.62,61.35
TIMSS,mathematics,TUR,3,12.25,12.56,15.49,16.03
TIMSS,mathematics,TWN,4,47.69,49.52,58.35,60.39
TIMSS,mathematics,UKR,1,5.03,4.25,5.03,4.25
TIMSS,mathematics,USA,2,31.61,31.8,33.05,33.17
TIMSS,mathematics,ZAF,2,20.34,17.3,20.56,18.35
TIMSS,science,AAD,3,21.77,21.78,26.35,26.34
TIMSS,science,ADU,3,16.82,17.13,19.91,20.02
TIMSS,science,ARE,2,4.02,3.75,4.62,4.54
TIMSS,science,ARM,2,38.48,38.46,44.28,44.14
TIMSS,science,AUS,4,16.05,16.01,17.53,17.49
TIMSS,science,AZE,1,81.37,79.86,81.37,79.86
TIMSS,science,BFL,1,15.25,15.61,15.25,15.61
TIMSS,science,BGR,1,43.95,43.92,43.95,43.92
TIMSS,science,BHR,5,15.53,15.37,21.12,21.01
TIMSS,science,BSQ,1,3.84,3.8,3.84,3.8
TIMSS,science,CAB,1,43.09,42.44,43.09,42.44
TIMSS,science,CAN,1,37.3,37.3,37.3,37.3
TIMSS,science,CHL,2,7.82,8.17,10.61,11.01
TIMSS,science,COT,4,10.26,10.37,11.02,11.11
TIMSS,science,CQU,4,13.93,13.99,17.92,17.89
TIMSS,science,CYP,3,44.69,44.72,47.55,47.56
TIMSS,science,CZE,1,27.86,27.93,27.86,27.93
TIMSS,science,EGY,1,47.72,47.81,47.72,47.81
TIMSS,science,ENG,2,10.59,11.06,12.7,13.04
TIMSS,science,FIN,2,30.14,29.98,40.25,40.24
TIMSS,science,FRA,2,8.24,8.24,8.76,8.78
TIMSS,science,GEO,3,27.56,27.33,29.75,29.41
TIMSS,science,GHA,2,63.77,64.48,64.06,64.74
TIMSS,science,HKG,5,35.14,34.62,37.86,37.46
TIMSS,science,HUN,6,8.0,7.99,9.05,8.99
TIMSS,science,IRL,2,29.52,29.89,30.3,30.6
TIMSS,science,IRN,4,25.74,25.54,28.46,28.33
TIMSS,science,ISR,5,21.5,21.5,24.83,24.85
TIMSS,science,ITA,6,11.63,11.68,13.56,13.56
TIMSS,science,JOR,3,25.33,24.87,29.53,29.22
TIMSS,science,JPN,3,18.16,18.47,19.26,19.67
TIMSS,science,KAZ,4,39.66,39.31,43.73,43.42
TIMSS,science,KOR,3,37.21,37.03,40.39,40.39
TIMSS,science,KWT,2,56.24,56.58,56.52,56.85
TIMSS,science,LTU,5,9.77,9.86,12.93,12.95
TIMSS,science,LVA,1,6.4,6.46,6.4,6.46
TIMSS,science,MAR,6,38.1,38.05,48.85,48.85
TIMSS,science,MDA,1,33.17,33.23,33.17,33.23
TIMSS,science,MKD,1,54.04,53.85,54.04,53.85
TIMSS,science,MLT,1,6.16,5.75,6.16,5.75
TIMSS,science,MYS,6,31.06,31.04,36.83,36.79
TIMSS,science,NLD,1,4.27,4.21,4.27,4.21
TIMSS,science,NOR,4,15.02,15.26,16.99,17.1
TIMSS,science,NZL,3,13.67,13.57,14.37,14.26
TIMSS,science,OMN,2,23.22,23.4,23.23,23.42
TIMSS,science,PHL,1,91.16,90.87,91.16,90.87
TIMSS,science,PRT,2,19.01,18.91,19.67,19.73
TIMSS,science,QAT,3,34.16,33.66,45.91,44.89
TIMSS,science,ROM,3,27.54,27.54,29.45,29.46
TIMSS,science,RUS,4,21.78,21.77,27.22,27.29
TIMSS,science,SAU,3,21.93,22.16,30.26,30.4
TIMSS,science,SCO,1,12.27,12.52,12.27,12.52
TIMSS,science,SGP,3,48.7,49.14,62.07,62.21
TIMSS,science,SVK,1,11.95,12.03,11.95,12.03
TIMSS,science,SVN,2,32.69,32.7,41.26,41.25
TIMSS,science,SWE,3,15.85,15.74,22.98,22.94
TIMSS,science,THA,3,19.3,19.15,22.56,22.39
TIMSS,science,TUN,3,50.59,49.98,60.29,60.03
TIMSS,science,TUR,3,19.21,19.57,20.06,20.44
TIMSS,science,TWN,4,33.1,33.11,41.72,42.21
TIMSS,science,UKR,1,11.31,11.1,11.31,11.1
TIMSS,science,USA,2,22.85,22.8,23.45,23.43
TIMSS,science,ZAF,2,35.62,37.02,35.76,37.09
TIMSS_G4,mathematics,AAD,3,29.63,29.81,43.74,43.86
TIMSS_G4,mathematics,ADU,3,22.72,23.23,25.19,25.8
TIMSS_G4,mathematics,ALB,2,21.03,20.96,24.53,24.4
TIMSS_G4,mathematics,ARE,2,21.79,21.92,30.02,30.08
TIMSS_G4,mathematics,ARM,4,20.92,21.2,29.97,29.9
TIMSS_G4,mathematics,AUS,4,6.99,7.06,9.7,9.65
TIMSS_G4,mathematics,AUT,3,19.16,18.97,23.98,23.91
TIMSS_G4,mathematics,AZE,1,28.07,27.12,28.07,27.12
TIMSS_G4,mathematics,BFL,1,1.58,2.02,1.58,2.02
TIMSS_G4,mathematics,BHR,2,31.81,31.95,35.23,34.9
TIMSS_G4,mathematics,CAB,1,9.7,9.28,9.7,9.28
TIMSS_G4,mathematics,CAN,3,8.99,8.93,9.56,9.5
TIMSS_G4,mathematics,CHL,2,10.43,10.59,10.44,10.59
TIMSS_G4,mathematics,COT,5,20.68,20.8,23.54,23.54
TIMSS_G4,mathematics,CQU,5,15.6,15.51,20.03,20.06
TIMSS_G4,mathematics,CYP,1,18.3,17.99,18.3,17.99
TIMSS_G4,mathematics,CZE,3,21.4,21.46,22.61,22.65
TIMSS_G4,mathematics,DEU,3,14.25,14.23,15.9,15.9
TIMSS_G4,mathematics,DNK,3,25.62,25.79,29.59,29.76
TIMSS_G4,mathematics,ESP,2,3.25,3.26,4.19,4.23
TIMSS_G4,mathematics,FIN,3,19.75,20.22,20.69,21.19
TIMSS_G4,mathematics,FRA,2,9.68,9.62,11.43,11.33
TIMSS_G4,mathematics,GEO,2,32.62,32.78,40.62,40.74
TIMSS_G4,mathematics,HKG,4,57.94,58.41,65.79,66.94
TIMSS_G4,mathematics,HRV,2,5.68,5.6,5.76,5.67
TIMSS_G4,mathematics,HUN,4,15.94,15.62,21.58,21.0
TIMSS_G4,mathematics,IDN,1,61.68,61.74,61.68,61.74
TIMSS_G4,mathematics,IRL,3,24.82,25.19,27.54,28.21
TIMSS_G4,mathematics,IRN,2,34.96,34.86,35.94,35.81
TIMSS_G4,mathematics,ITA,5,7.35,7.19,9.19,8.72
TIMSS_G4,mathematics,JOR,1,38.31,38.24,38.31,38.24
TIMSS_G4,mathematics,JPN,1,52.29,52.1,52.29,52.1
TIMSS_G4,mathematics,KAZ,4,26.83,26.25,27.62,27.23
TIMSS_G4,mathematics,KOR,3,44.8,44.88,48.5,48.56
TIMSS_G4,mathematics,KWT,4,70.1,72.22,81.68,84.41
TIMSS_G4,mathematics,LTU,5,18.44,19.13,19.68,20.44
TIMSS_G4,mathematics,LVA,3,26.89,26.93,30.81,30.84
TIMSS_G4,mathematics,MAR,3,53.74,54.12,78.54,77.95
TIMSS_G4,mathematics,MKD,1,33.9,33.53,33.9,33.53
TIMSS_G4,mathematics,MLT,2,7.64,7.49,7.95,7.79
TIMSS_G4,mathematics,MNE,2,18.2,18.2,20.78,20.78
TIMSS_G4,mathematics,NIR,2,59.24,59.69,60.73,61.08
TIMSS_G4,mathematics,NLD,5,17.9,18.24,18.16,18.61
TIMSS_G4,mathematics,NOR,4,28.79,29.23,34.43,34.84
TIMSS_G4,mathematics,NZL,4,15.27,15.27,19.49,19.5
TIMSS_G4,mathematics,OMN,4,50.65,51.11,60.42,60.6
TIMSS_G4,mathematics,POL,2,23.62,23.66,26.84,26.85
TIMSS_G4,mathematics,PRT,2,22.8,22.52,30.84,30.83
TIMSS_G4,mathematics,QAT,4,21.15,22.86,29.99,30.49
TIMSS_G4,mathematics,ROM,1,8.74,8.14,8.74,8.14
TIMSS_G4,mathematics,RUS,2,41.26,41.35,42.81,42.94
TIMSS_G4,mathematics,SAU,3,34.02,33.55,39.55,38.9
TIMSS_G4,mathematics,SGP,3,50.77,50.46,55.76,55.47
TIMSS_G4,mathematics,SRB,3,10.61,10.9,12.0,12.32
TIMSS_G4,mathematics,SVK,5,12.97,12.83,15.0,14.91
TIMSS_G4,mathematics,SVN,3,9.01,9.27,11.02,11.36
TIMSS_G4,mathematics,SWE,4,15.25,15.23,16.06,16.1
TIMSS_G4,mathematics,THA,1,24.73,23.66,24.73,23.66
TIMSS_G4,mathematics,TUN,2,73.76,76.23,74.48,77.19
TIMSS_G4,mathematics,TUR,3,43.96,44.07,53.58,53.61
TIMSS_G4,mathematics,TWN,5,39.45,41.51,43.92,45.64
TIMSS_G4,mathematics,USA,2,17.23,18.1,17.31,18.13
TIMSS_G4,mathematics,XKX,1,34.98,34.72,34.98,34.72
TIMSS_G4,mathematics,ZAF,3,49.07,49.55,50.22,50.57
TIMSS_G4,science,AAD,3,37.97,37.89,50.31,50.43
TIMSS_G4,science,ADU,3,26.91,27.67,29.64,30.4
TIMSS_G4,science,ALB,2,10.84,10.76,11.15,11.09
TIMSS_G4,science,ARE,2,7.98,8.18,10.68,10.84
TIMSS_G4,science,ARM,4,40.92,40.46,53.66,53.28
TIMSS_G4,science,AUS,4,16.25,16.1,20.09,20.13
TIMSS_G4,science,AUT,3,12.23,12.36,13.12,13.24
TIMSS_G4,science,AZE,1,69.84,67.57,69.84,67.57
TIMSS_G4,science,BFL,1,20.21,18.73,20.21,18.73
TIMSS_G4,science,BHR,2,26.9,27.06,30.9,30.55
TIMSS_G4,science,CAB,1,19.36,19.69,19.36,19.69
TIMSS_G4,science,CAN,3,20.66,20.67,21.29,21.28
TIMSS_G4,science,CHL,2,16.33,15.62,17.6,17.22
TIMSS_G4,science,COT,5,6.2,6.3,6.48,6.59
TIMSS_G4,science,CQU,5,15.18,14.47,18.46,17.8
TIMSS_G4,science,CYP,1,26.81,25.77,26.81,25.77
TIMSS_G4,science,CZE,3,11.18,11.46,12.32,12.65
TIMSS_G4,science,DEU,3,13.49,13.65,18.02,18.08
TIMSS_G4,science,DNK,3,13.08,13.26,17.38,17.47
TIMSS_G4,science,ESP,2,3.13,3.14,4.04,4.05
TIMSS_G4,science,FIN,3,23.94,24.59,26.35,26.99
TIMSS_G4,science,FRA,2,10.8,10.76,12.61,12.55
TIMSS_G4,science,GEO,2,12.99,13.34,14.99,15.28
TIMSS_G4,science,HKG,4,24.23,25.55,29.75,30.63
TIMSS_G4,science,HRV,2,25.82,25.73,27.49,27.44
TIMSS_G4,science,HUN,4,6.7,6.9,9.28,9.65
TIMSS_G4,science,IDN,1,63.59,63.83,63.59,63.83
TIMSS_G4,science,IRL,3,18.32,19.05,18.5,19.26
TIMSS_G4,science,IRN,2,31.76,31.73,39.01,38.87
TIMSS_G4,science,ITA,5,5.69,6.15,6.8,7.28
TIMSS_G4,science,JOR,1,57.58,57.35,57.58,57.35
TIMSS_G4,science,JPN,1,25.36,25.29,25.36,25.29
TIMSS_G4,science,KAZ,4,41.02,40.42,42.24,41.73
TIMSS_G4,science,KOR,3,32.34,33.13,39.37,39.57
TIMSS_G4,science,KWT,4,79.89,82.19,92.87,95.56
TIMSS_G4,science,LTU,5,9.19,9.51,10.84,11.34
TIMSS_G4,science,LVA,3,24.41,24.8,28.58,28.67
TIMSS_G4,science,MAR,3,82.45,82.91,124.82,124.46
TIMSS_G4,science,MKD,1,35.27,35.28,35.27,35.28
TIMSS_G4,science,MLT,2,32.78,32.71,43.04,43.05
TIMSS_G4,science,MNE,2,24.41,24.7,24.42,24.73
TIMSS_G4,science,NIR,2,13.94,14.37,15.9,16.08
TIMSS_G4,science,NLD,5,7.52,8.19,8.68,9.09
TIMSS_G4,science,NOR,4,24.53,25.1,27.02,27.39
TIMSS_G4,science,NZL,4,15.4,15.42,20.28,20.28
TIMSS_G4,science,OMN,4,52.41,53.11,65.13,65.41
TIMSS_G4,science,POL,2,32.69,32.89,33.18,33.41
TIMSS_G4,science,PRT,2,7.93,7.72,8.17,8.02
TIMSS_G4,science,QAT,4,23.54,25.21,25.71,27.61
TIMSS_G4,science,ROM,1,8.65,9.13,8.65,9.13
TIMSS_G4,science,RUS,2,33.72,33.91,33.74,33.93
TIMSS_G4,science,SAU,3,26.73,26.96,32.9,32.48
TIMSS_G4,science,SGP,3,22.37,23.32,32.06,31.97
TIMSS_G4,science,SRB,3,9.63,9.95,11.71,12.16
TIMSS_G4,science,SVK,5,13.64,13.71,14.26,14.33
TIMSS_G4,science,SVN,3,13.71,14.03,21.27,21.64
TIMSS_G4,science,SWE,4,17.91,18.07,20.45,20.61
TIMSS_G4,science,THA,1,17.1,16.17,17.1,16.17
TIMSS_G4,science,TUN,2,108.18,109.94,108.2,109.94
TIMSS_G4,science,TUR,3,46.58,47.01,53.58,53.99
TIMSS_G4,science,TWN,5,13.68,13.6,17.65,17.9
TIMSS_G4,science,USA,2,20.33,21.08,20.34,21.12
TIMSS_G4,science,XKX,1,73.95,74.22,73.95,74.22
TIMSS_G4,science,ZAF,2,83.78,85.39,83.79,85.39
