program,domain,test_cycle,obs_rmse,perm_mean_rmse,perm_sd_rmse,p_better,n_test
PISA,mathematics,2025,13.352,75.441,4.424,1.0,72
PISA,reading,2025,15.838,71.349,4.194,1.0,72
PISA,science,2025,18.712,72.675,4.269,1.0,73
TIMSS,mathematics,2003,46.868,52.309,1.198,1.0,23
TIMSS,mathematics,2007,19.631,87.173,9.302,1.0,25
TIMSS,mathematics,2011,29.713,92.666,10.112,1.0,21
TIMSS,mathematics,2015,25.019,70.311,7.552,1.0,21
TIMSS,mathematics,2019,17.08,79.453,7.954,1.0,24
TIMSS,science,2003,31.84,55.373,4.394,1.0,23
TIMSS,science,2007,18.79,73.899,7.894,1.0,25
TIMSS,science,2011,26.94,76.065,8.77,1.0,21
TIMSS,science,2015,24.396,62.956,6.808,1.0,21
TIMSS,science,2019,21.925,67.752,7.131,1.0,24
TIMSS_G4,mathematics,2007,39.195,87.626,10.545,1.0,16
TIMSS_G4,mathematics,2011,27.58,86.677,8.439,1.0,27
TIMSS_G4,mathematics,2015,27.472,78.589,7.209,1.0,30
TIMSS_G4,mathematics,2019,17.333,73.336,6.995,1.0,30
TIMSS_G4,science,2007,43.994,75.378,7.288,1.0,16
TIMSS_G4,science,2011,39.407,89.122,8.107,1.0,27
TIMSS_G4,science,2015,24.462,77.864,7.477,1.0,30
TIMSS_G4,science,2019,17.62,63.667,5.904,1.0,30
PIRLS,reading,2011,29.183,73.506,7.568,1.0,21
PIRLS,reading,2016,15.358,66.92,6.292,1.0,33
PIRLS,reading,2021,18.42,61.464,6.664,1.0,24
