country,domain,actual,forecast_M0,forecast_M1,forecast_M2,forecast_M0A,forecast_M3,error_M0,abs_error_M0,error_M1,abs_error_M1,error_M2,abs_error_M2,error_M0A,abs_error_M0A,error_M3,abs_error_M3,target_cycle,training_cycles,validation_design,model_version,literature_weight_version,note
ALB,mathematics,432.8172,370.8187,370.793,368.2217,367.8234,368.6565,61.9985,61.9985,62.0242,62.0242,64.5955,64.5955,64.9938,64.9938,64.1607,64.1607,2025,2000|2003|2006|2009|2012|2015|2018|2022,expanding_window_LOCO,stage5_ridge_m0_m1_m2_m3_v1,W_j_forecast_v2_unified,Historical OOS: train on pairs before 2025; compare to actual PISA 2025
ARE,mathematics,452.5887,427.6351,427.6199,431.1105,421.9366,425.2886,24.9536,24.9536,24.9688,24.9688,21.4782,21.4782,30.6521,30.6521,27.3001,27.3001,2025,2000|2003|2006|2009|2012|2015|2018|2022,expanding_window_LOCO,stage5_ridge_m0_m1_m2_m3_v1,W_j_forecast_v2_unified,Historical OOS: train on pairs before 2025; compare to actual PISA 2025
ARG,mathematics,366.8142,384.5864,384.6375,377.529,397.2233,399.2148,-17.7722,17.7722,-17.8233,17.8233,-10.7148,10.7148,-30.4091,30.4091,-32.4006,32.4006,2025,2000|2003|2006|2009|2012|2015|2018|2022,expanding_window_LOCO,stage5_ridge_m0_m1_m2_m3_v1,W_j_forecast_v2_unified,Historical OOS: train on pairs before 2025; compare to actual PISA 2025
AUS,mathematics,477.5267,489.8078,489.8667,487.0843,504.2022,501.141,-12.2811,12.2811,-12.34,12.34,-9.5576,9.5576,-26.6755,26.6755,-23.6143,23.6143,2025,2000|2003|2006|2009|2012|2015|2018|2022,expanding_window_LOCO,stage5_ridge_m0_m1_m2_m3_v1,W_j_forecast_v2_unified,Historical OOS: train on pairs before 2025; compare to actual PISA 2025
AUT,mathematics,477.1939,484.3492,484.3458,487.2675,488.6666,485.2369,-7.1553,7.1553,-7.1519,7.1519,-10.0736,10.0736,-11.4727,11.4727,-8.043,8.043,2025,2000|2003|2006|2009|2012|2015|2018|2022,expanding_window_LOCO,stage5_ridge_m0_m1_m2_m3_v1,W_j_forecast_v2_unified,Historical OOS: train on pairs before 2025; compare to actual PISA 2025
BEL,mathematics,479.6829,485.1814,485.1751,489.4868,484.8768,484.5365,-5.4985,5.4985,-5.4922,5.4922,-9.8039,9.8039,-5.1939,5.1939,-4.8536,4.8536,2025,2000|2003|2006|2009|2012|2015|2018|2022,expanding_window_LOCO,stage5_ridge_m0_m1_m2_m3_v1,W_j_forecast_v2_unified,Historical OOS: train on pairs before 2025; compare to actual PISA 2025
BGR,mathematics,405.0776,418.9551,418.9403,417.3039,414.2842,414.1806,-13.8775,13.8775,-13.8627,13.8627,-12.2263,12.2263,-9.2066,9.2066,-9.103,9.103,2025,2000|2003|2006|2009|2012|2015|2018|2022,expanding_window_LOCO,stage5_ridge_m0_m1_m2_m3_v1,W_j_forecast_v2_unified,Historical OOS: train on pairs before 2025; compare to actual PISA 2025
BRA,mathematics,376.7679,382.9725,383.0159,378.6914,391.6923,395.9893,-6.2046,6.2046,-6.248,6.248,-1.9235,1.9235,-14.9244,14.9244,-19.2214,19.2214,2025,2000|2003|2006|2009|2012|2015|2018|2022,expanding_window_LOCO,stage5_ridge_m0_m1_m2_m3_v1,W_j_forecast_v2_unified,Historical OOS: train on pairs before 2025; compare to actual PISA 2025
BRN,mathematics,435.1827,443.4437,443.4389,442.0931,438.9441,439.3179,-8.261,8.261,-8.2562,8.2562,-6.9104,6.9104,-3.7614,3.7614,-4.1352,4.1352,2025,2000|2003|2006|2009|2012|2015|2018|2022,expanding_window_LOCO,stage5_ridge_m0_m1_m2_m3_v1,W_j_forecast_v2_unified,Historical OOS: train on pairs before 2025; compare to actual PISA 2025
CAN,mathematics,485.3377,496.8964,496.9503,496.9479,510.6833,509.2456,-11.5587,11.5587,-11.6126,11.6126,-11.6102,11.6102,-25.3456,25.3456,-23.9079,23.9079,2025,2000|2003|2006|2009|2012|2015|2018|2022,expanding_window_LOCO,stage5_ridge_m0_m1_m2_m3_v1,W_j_forecast_v2_unified,Historical OOS: train on pairs before 2025; compare to actual PISA 2025
CHE,mathematics,499.147,500.659,500.628,507.9906,498.0601,496.6137,-1.512,1.512,-1.481,1.481,-8.8436,8.8436,1.0869,1.0869,2.5333,2.5333,2025,2000|2003|2006|2009|2012|2015|2018|2022,expanding_window_LOCO,stage5_ridge_m0_m1_m2_m3_v1,W_j_forecast_v2_unified,Historical OOS: train on pairs before 2025; compare to actual PISA 2025
CHL,mathematics,402.6452,417.5094,417.5857,411.6966,435.4133,436.9806,-14.8642,14.8642,-14.9405,14.9405,-9.0514,9.0514,-32.7681,32.7681,-34.3354,34.3354,2025,2000|2003|2006|2009|2012|2015|2018|2022,expanding_window_LOCO,stage5_ridge_m0_m1_m2_m3_v1,W_j_forecast_v2_unified,Historical OOS: train on pairs before 2025; compare to actual PISA 2025
COL,mathematics,380.5287,385.8526,385.8999,382.6968,398.3519,404.1988,-5.3239,5.3239,-5.3712,5.3712,-2.1681,2.1681,-17.8232,17.8232,-23.6701,23.6701,2025,2000|2003|2006|2009|2012|2015|2018|2022,expanding_window_LOCO,stage5_ridge_m0_m1_m2_m3_v1,W_j_forecast_v2_unified,Historical OOS: train on pairs before 2025; compare to actual PISA 2025
CRI,mathematics,387.0912,383.0588,383.1111,384.576,395.0998,404.0632,4.0324,4.0324,3.9801,3.9801,2.5152,2.5152,-8.0086,8.0086,-16.972,16.972,2025,2000|2003|2006|2009|2012|2015|2018|2022,expanding_window_LOCO,stage5_ridge_m0_m1_m2_m3_v1,W_j_forecast_v2_unified,Historical OOS: train on pairs before 2025; compare to actual PISA 2025
CZE,mathematics,477.148,489.1531,489.1812,486.9992,495.1333,491.7796,-12.0051,12.0051,-12.0332,12.0332,-9.8512,9.8512,-17.9853,17.9853,-14.6316,14.6316,2025,2000|2003|2006|2009|2012|2015|2018|2022,expanding_window_LOCO,stage5_ridge_m0_m1_m2_m3_v1,W_j_forecast_v2_unified,Historical OOS: train on pairs before 2025; compare to actual PISA 2025
DEU,mathematics,463.8057,476.5751,476.609,474.8265,490.2368,486.4054,-12.7694,12.7694,-12.8033,12.8033,-11.0208,11.0208,-26.4311,26.4311,-22.5997,22.5997,2025,2000|2003|2006|2009|2012|2015|2018|2022,expanding_window_LOCO,stage5_ridge_m0_m1_m2_m3_v1,W_j_forecast_v2_unified,Historical OOS: train on pairs before 2025; compare to actual PISA 2025
DNK,mathematics,470.6275,485.3617,485.3727,489.2739,488.8378,487.8098,-14.7342,14.7342,-14.7452,14.7452,-18.6464,18.6464,-18.2103,18.2103,-17.1823,17.1823,2025,2000|2003|2006|2009|2012|2015|2018|2022,expanding_window_LOCO,stage5_ridge_m0_m1_m2_m3_v1,W_j_forecast_v2_unified,Historical OOS: train on pairs before 2025; compare to actual PISA 2025
DOM,mathematics,338.8295,342.3616,342.3807,339.1072,345.8244,352.9426,-3.5321,3.5321,-3.5512,3.5512,-0.2777,0.2777,-6.9949,6.9949,-14.1131,14.1131,2025,2000|2003|2006|2009|2012|2015|2018|2022,expanding_window_LOCO,stage5_ridge_m0_m1_m2_m3_v1,W_j_forecast_v2_unified,Historical OOS: train on pairs before 2025; compare to actual PISA 2025
ESP,mathematics,457.4489,471.2841,471.3007,473.1402,479.6367,478.4249,-13.8352,13.8352,-13.8518,13.8518,-15.6913,15.6913,-22.1878,22.1878,-20.976,20.976,2025,2000|2003|2006|2009|2012|2015|2018|2022,expanding_window_LOCO,stage5_ridge_m0_m1_m2_m3_v1,W_j_forecast_v2_unified,Historical OOS: train on pairs before 2025; compare to actual PISA 2025
EST,mathematics,507.8957,507.8182,507.8601,509.947,520.4756,520.1603,0.0775,0.0775,0.0356,0.0356,-2.0513,2.0513,-12.5799,12.5799,-12.2646,12.2646,2025,2000|2003|2006|2009|2012|2015|2018|2022,expanding_window_LOCO,stage5_ridge_m0_m1_m2_m3_v1,W_j_forecast_v2_unified,Historical OOS: train on pairs before 2025; compare to actual PISA 2025
FIN,mathematics,468.6945,484.8812,484.9441,484.1392,506.2384,505.1429,-16.1867,16.1867,-16.2496,16.2496,-15.4447,15.4447,-37.5439,37.5439,-36.4484,36.4484,2025,2000|2003|2006|2009|2012|2015|2018|2022,expanding_window_LOCO,stage5_ridge_m0_m1_m2_m3_v1,W_j_forecast_v2_unified,Historical OOS: train on pairs before 2025; compare to actual PISA 2025
FRA,mathematics,457.655,472.4673,472.4923,473.9444,480.8416,481.1464,-14.8123,14.8123,-14.8373,14.8373,-16.2894,16.2894,-23.1866,23.1866,-23.4914,23.4914,2025,2000|2003|2006|2009|2012|2015|2018|2022,expanding_window_LOCO,stage5_ridge_m0_m1_m2_m3_v1,W_j_forecast_v2_unified,Historical OOS: train on pairs before 2025; compare to actual PISA 2025
GBR,mathematics,487.5737,487.7063,487.7366,488.9751,494.2451,493.7291,-0.1326,0.1326,-0.1629,0.1629,-1.4014,1.4014,-6.6714,6.6714,-6.1554,6.1554,2025,2000|2003|2006|2009|2012|2015|2018|2022,expanding_window_LOCO,stage5_ridge_m0_m1_m2_m3_v1,W_j_forecast_v2_unified,Historical OOS: train on pairs before 2025; compare to actual PISA 2025
GEO,mathematics,416.3627,387.696,387.6456,390.0242,373.4219,376.8459,28.6667,28.6667,28.7171,28.7171,26.3385,26.3385,42.9408,42.9408,39.5168,39.5168,2025,2000|2003|2006|2009|2012|2015|2018|2022,expanding_window_LOCO,stage5_ridge_m0_m1_m2_m3_v1,W_j_forecast_v2_unified,Historical OOS: train on pairs before 2025; compare to actual PISA 2025
GRC,mathematics,423.8522,430.8778,430.893,430.1463,433.6756,434.1928,-7.0256,7.0256,-7.0408,7.0408,-6.2941,6.2941,-9.8234,9.8234,-10.3406,10.3406,2025,2000|2003|2006|2009|2012|2015|2018|2022,expanding_window_LOCO,stage5_ridge_m0_m1_m2_m3_v1,W_j_forecast_v2_unified,Historical OOS: train on pairs before 2025; compare to actual PISA 2025
GTM,mathematics,334.3025,353.4499,353.4913,344.1995,363.1544,365.6182,-19.1474,19.1474,-19.1888,19.1888,-9.897,9.897,-28.8519,28.8519,-31.3157,31.3157,2025,2000|2003|2006|2009|2012|2015|2018|2022,expanding_window_LOCO,stage5_ridge_m0_m1_m2_m3_v1,W_j_forecast_v2_unified,Historical OOS: train on pairs before 2025; compare to actual PISA 2025
HKG,mathematics,521.7078,533.1288,533.0669,540.3518,516.2296,514.7074,-11.421,11.421,-11.3591,11.3591,-18.644,18.644,5.4782,5.4782,7.0004,7.0004,2025,2000|2003|2006|2009|2012|2015|2018|2022,expanding_window_LOCO,stage5_ridge_m0_m1_m2_m3_v1,W_j_forecast_v2_unified,Historical OOS: train on pairs before 2025; compare to actual PISA 2025
HRV,mathematics,455.2917,463.6916,463.733,463.1052,477.274,476.538,-8.3999,8.3999,-8.4413,8.4413,-7.8135,7.8135,-21.9823,21.9823,-21.2463,21.2463,2025,2000|2003|2006|2009|2012|2015|2018|2022,expanding_window_LOCO,stage5_ridge_m0_m1_m2_m3_v1,W_j_forecast_v2_unified,Historical OOS: train on pairs before 2025; compare to actual PISA 2025
HUN,mathematics,459.4885,472.1194,472.1422,472.7761,481.2347,479.7965,-12.6309,12.6309,-12.6537,12.6537,-13.2876,13.2876,-21.7462,21.7462,-20.308,20.308,2025,2000|2003|2006|2009|2012|2015|2018|2022,expanding_window_LOCO,stage5_ridge_m0_m1_m2_m3_v1,W_j_forecast_v2_unified,Historical OOS: train on pairs before 2025; compare to actual PISA 2025
IDN,mathematics,363.9017,369.4161,369.4097,365.5253,371.1222,375.6285,-5.5144,5.5144,-5.508,5.508,-1.6236,1.6236,-7.2205,7.2205,-11.7268,11.7268,2025,2000|2003|2006|2009|2012|2015|2018|2022,expanding_window_LOCO,stage5_ridge_m0_m1_m2_m3_v1,W_j_forecast_v2_unified,Historical OOS: train on pairs before 2025; compare to actual PISA 2025
IRL,mathematics,479.8747,490.5054,490.5526,491.6483,499.1627,497.9507,-10.6307,10.6307,-10.6779,10.6779,-11.7736,11.7736,-19.288,19.288,-18.076,18.076,2025,2000|2003|2006|2009|2012|2015|2018|2022,expanding_window_LOCO,stage5_ridge_m0_m1_m2_m3_v1,W_j_forecast_v2_unified,Historical OOS: train on pairs before 2025; compare to actual PISA 2025
ISL,mathematics,449.7303,455.4204,455.3733,458.914,443.338,440.4422,-5.6901,5.6901,-5.643,5.643,-9.1837,9.1837,6.3923,6.3923,9.2881,9.2881,2025,2000|2003|2006|2009|2012|2015|2018|2022,expanding_window_LOCO,stage5_ridge_m0_m1_m2_m3_v1,W_j_forecast_v2_unified,Historical OOS: train on pairs before 2025; compare to actual PISA 2025
ISR,mathematics,433.3749,455.8419,455.8625,457.8967,458.0042,458.4239,-22.467,22.467,-22.4876,22.4876,-24.5218,24.5218,-24.6293,24.6293,-25.049,25.049,2025,2000|2003|2006|2009|2012|2015|2018|2022,expanding_window_LOCO,stage5_ridge_m0_m1_m2_m3_v1,W_j_forecast_v2_unified,Historical OOS: train on pairs before 2025; compare to actual PISA 2025
ITA,mathematics,467.7626,472.1133,472.1298,471.2595,474.3423,471.2763,-4.3507,4.3507,-4.3672,4.3672,-3.4969,3.4969,-6.5797,6.5797,-3.5137,3.5137,2025,2000|2003|2006|2009|2012|2015|2018|2022,expanding_window_LOCO,stage5_ridge_m0_m1_m2_m3_v1,W_j_forecast_v2_unified,Historical OOS: train on pairs before 2025; compare to actual PISA 2025
JOR,mathematics,387.5613,361.4392,361.4226,361.228,359.6849,367.1998,26.1221,26.1221,26.1387,26.1387,26.3333,26.3333,27.8764,27.8764,20.3615,20.3615,2025,2000|2003|2006|2009|2012|2015|2018|2022,expanding_window_LOCO,stage5_ridge_m0_m1_m2_m3_v1,W_j_forecast_v2_unified,Historical OOS: train on pairs before 2025; compare to actual PISA 2025
JPN,mathematics,525.3758,525.267,525.2786,535.5793,537.2332,541.2136,0.1088,0.1088,0.0972,0.0972,-10.2035,10.2035,-11.8574,11.8574,-15.8378,15.8378,2025,2000|2003|2006|2009|2012|2015|2018|2022,expanding_window_LOCO,stage5_ridge_m0_m1_m2_m3_v1,W_j_forecast_v2_unified,Historical OOS: train on pairs before 2025; compare to actual PISA 2025
KAZ,mathematics,413.7149,418.0179,417.968,425.4391,408.583,416.3775,-4.303,4.303,-4.2531,4.2531,-11.7242,11.7242,5.1319,5.1319,-2.6626,2.6626,2025,2000|2003|2006|2009|2012|2015|2018|2022,expanding_window_LOCO,stage5_ridge_m0_m1_m2_m3_v1,W_j_forecast_v2_unified,Historical OOS: train on pairs before 2025; compare to actual PISA 2025
KHM,mathematics,365.8417,339.4242,339.3953,336.396,331.3873,339.4732,26.4175,26.4175,26.4464,26.4464,29.4457,29.4457,34.4544,34.4544,26.3685,26.3685,2025,2000|2003|2006|2009|2012|2015|2018|2022,expanding_window_LOCO,stage5_ridge_m0_m1_m2_m3_v1,W_j_forecast_v2_unified,Historical OOS: train on pairs before 2025; compare to actual PISA 2025
KOR,mathematics,522.2978,521.1704,521.1672,527.3025,524.5354,522.1932,1.1274,1.1274,1.1306,1.1306,-5.0047,5.0047,-2.2376,2.2376,0.1046,0.1046,2025,2000|2003|2006|2009|2012|2015|2018|2022,expanding_window_LOCO,stage5_ridge_m0_m1_m2_m3_v1,W_j_forecast_v2_unified,Historical OOS: train on pairs before 2025; compare to actual PISA 2025
KSV,mathematics,350.4395,358.4638,358.4304,354.9624,348.7326,349.503,-8.0243,8.0243,-7.9909,7.9909,-4.5229,4.5229,1.7069,1.7069,0.9365,0.9365,2025,2000|2003|2006|2009|2012|2015|2018|2022,expanding_window_LOCO,stage5_ridge_m0_m1_m2_m3_v1,W_j_forecast_v2_unified,Historical OOS: train on pairs before 2025; compare to actual PISA 2025
LTU,mathematics,470.4915,472.8651,472.8798,475.1468,478.1026,478.3539,-2.3736,2.3736,-2.3883,2.3883,-4.6553,4.6553,-7.6111,7.6111,-7.8624,7.8624,2025,2000|2003|2006|2009|2012|2015|2018|2022,expanding_window_LOCO,stage5_ridge_m0_m1_m2_m3_v1,W_j_forecast_v2_unified,Historical OOS: train on pairs before 2025; compare to actual PISA 2025
LVA,mathematics,460.4927,482.8294,482.8491,483.1595,488.5985,487.8372,-22.3367,22.3367,-22.3564,22.3564,-22.6668,22.6668,-28.1058,28.1058,-27.3445,27.3445,2025,2000|2003|2006|2009|2012|2015|2018|2022,expanding_window_LOCO,stage5_ridge_m0_m1_m2_m3_v1,W_j_forecast_v2_unified,Historical OOS: train on pairs before 2025; compare to actual PISA 2025
MAC,mathematics,549.3016,544.2895,544.2525,551.9232,537.7394,537.6362,5.0121,5.0121,5.0491,5.0491,-2.6216,2.6216,11.5622,11.5622,11.6654,11.6654,2025,2000|2003|2006|2009|2012|2015|2018|2022,expanding_window_LOCO,stage5_ridge_m0_m1_m2_m3_v1,W_j_forecast_v2_unified,Historical OOS: train on pairs before 2025; compare to actual PISA 2025
MAR,mathematics,354.7551,368.6914,368.6367,364.7662,355.5367,357.9697,-13.9363,13.9363,-13.8816,13.8816,-10.0111,10.0111,-0.7816,0.7816,-3.2146,3.2146,2025,2000|2003|2006|2009|2012|2015|2018|2022,expanding_window_LOCO,stage5_ridge_m0_m1_m2_m3_v1,W_j_forecast_v2_unified,Historical OOS: train on pairs before 2025; compare to actual PISA 2025
MDA,mathematics,410.1301,411.3727,411.3536,414.1981,405.8018,410.0006,-1.2426,1.2426,-1.2235,1.2235,-4.068,4.068,4.3283,4.3283,0.1295,0.1295,2025,2000|2003|2006|2009|2012|2015|2018|2022,expanding_window_LOCO,stage5_ridge_m0_m1_m2_m3_v1,W_j_forecast_v2_unified,Historical OOS: train on pairs before 2025; compare to actual PISA 2025
MEX,mathematics,387.5872,397.9262,397.9447,395.0299,400.1773,402.951,-10.339,10.339,-10.3575,10.3575,-7.4427,7.4427,-12.5901,12.5901,-15.3638,15.3638,2025,2000|2003|2006|2009|2012|2015|2018|2022,expanding_window_LOCO,stage5_ridge_m0_m1_m2_m3_v1,W_j_forecast_v2_unified,Historical OOS: train on pairs before 2025; compare to actual PISA 2025
MKD,mathematics,379.792,387.5535,387.4887,388.5755,372.1203,372.6071,-7.7615,7.7615,-7.6967,7.6967,-8.7835,8.7835,7.6717,7.6717,7.1849,7.1849,2025,2000|2003|2006|2009|2012|2015|2018|2022,expanding_window_LOCO,stage5_ridge_m0_m1_m2_m3_v1,W_j_forecast_v2_unified,Historical OOS: train on pairs before 2025; compare to actual PISA 2025
MLT,mathematics,439.0827,468.7849,468.7714,466.0161,464.4481,459.2701,-29.7022,29.7022,-29.6887,29.6887,-26.9334,26.9334,-25.3654,25.3654,-20.1874,20.1874,2025,2000|2003|2006|2009|2012|2015|2018|2022,expanding_window_LOCO,stage5_ridge_m0_m1_m2_m3_v1,W_j_forecast_v2_unified,Historical OOS: train on pairs before 2025; compare to actual PISA 2025
MNE,mathematics,411.058,406.0613,406.0337,405.6012,397.3017,396.1198,4.9967,4.9967,5.0243,5.0243,5.4568,5.4568,13.7563,13.7563,14.9382,14.9382,2025,2000|2003|2006|2009|2012|2015|2018|2022,expanding_window_LOCO,stage5_ridge_m0_m1_m2_m3_v1,W_j_forecast_v2_unified,Historical OOS: train on pairs before 2025; compare to actual PISA 2025
MNG,mathematics,418.6423,415.4104,415.3294,424.5931,397.2043,405.4745,3.2319,3.2319,3.3129,3.3129,-5.9508,5.9508,21.438,21.438,13.1678,13.1678,2025,2000|2003|2006|2009|2012|2015|2018|2022,expanding_window_LOCO,stage5_ridge_m0_m1_m2_m3_v1,W_j_forecast_v2_unified,Historical OOS: train on pairs before 2025; compare to actual PISA 2025
MYS,mathematics,397.4226,409.105,409.0879,408.6874,406.0052,409.4416,-11.6824,11.6824,-11.6653,11.6653,-11.2648,11.2648,-8.5826,8.5826,-12.019,12.019,2025,2000|2003|2006|2009|2012|2015|2018|2022,expanding_window_LOCO,stage5_ridge_m0_m1_m2_m3_v1,W_j_forecast_v2_unified,Historical OOS: train on pairs before 2025; compare to actual PISA 2025
NLD,mathematics,483.2703,488.0854,488.0543,492.6756,484.1235,482.25,-4.8151,4.8151,-4.784,4.784,-9.4053,9.4053,-0.8532,0.8532,1.0203,1.0203,2025,2000|2003|2006|2009|2012|2015|2018|2022,expanding_window_LOCO,stage5_ridge_m0_m1_m2_m3_v1,W_j_forecast_v2_unified,Historical OOS: train on pairs before 2025; compare to actual PISA 2025
NOR,mathematics,451.7801,468.2894,468.3138,468.4499,475.4691,472.0479,-16.5093,16.5093,-16.5337,16.5337,-16.6698,16.6698,-23.689,23.689,-20.2678,20.2678,2025,2000|2003|2006|2009|2012|2015|2018|2022,expanding_window_LOCO,stage5_ridge_m0_m1_m2_m3_v1,W_j_forecast_v2_unified,Historical OOS: train on pairs before 2025; compare to actual PISA 2025
NZL,mathematics,479.6191,483.7663,483.8418,479.0742,501.4093,498.2376,-4.1472,4.1472,-4.2227,4.2227,0.5449,0.5449,-21.7902,21.7902,-18.6185,18.6185,2025,2000|2003|2006|2009|2012|2015|2018|2022,expanding_window_LOCO,stage5_ridge_m0_m1_m2_m3_v1,W_j_forecast_v2_unified,Historical OOS: train on pairs before 2025; compare to actual PISA 2025
PER,mathematics,382.4394,392.1972,392.2133,391.2358,395.0867,400.8188,-9.7578,9.7578,-9.7739,9.7739,-8.7964,8.7964,-12.6473,12.6473,-18.3794,18.3794,2025,2000|2003|2006|2009|2012|2015|2018|2022,expanding_window_LOCO,stage5_ridge_m0_m1_m2_m3_v1,W_j_forecast_v2_unified,Historical OOS: train on pairs before 2025; compare to actual PISA 2025
PHL,mathematics,370.6309,355.2349,355.1947,354.7197,341.836,348.6367,15.396,15.396,15.4362,15.4362,15.9112,15.9112,28.7949,28.7949,21.9942,21.9942,2025,2000|2003|2006|2009|2012|2015|2018|2022,expanding_window_LOCO,stage5_ridge_m0_m1_m2_m3_v1,W_j_forecast_v2_unified,Historical OOS: train on pairs before 2025; compare to actual PISA 2025
POL,mathematics,484.1209,489.9921,490.018,488.9601,495.4229,493.2177,-5.8712,5.8712,-5.8971,5.8971,-4.8392,4.8392,-11.302,11.302,-9.0968,9.0968,2025,2000|2003|2006|2009|2012|2015|2018|2022,expanding_window_LOCO,stage5_ridge_m0_m1_m2_m3_v1,W_j_forecast_v2_unified,Historical OOS: train on pairs before 2025; compare to actual PISA 2025
PRT,mathematics,459.943,473.9383,473.9621,471.9105,482.0774,478.263,-13.9953,13.9953,-14.0191,14.0191,-11.9675,11.9675,-22.1344,22.1344,-18.32,18.32,2025,2000|2003|2006|2009|2012|2015|2018|2022,expanding_window_LOCO,stage5_ridge_m0_m1_m2_m3_v1,W_j_forecast_v2_unified,Historical OOS: train on pairs before 2025; compare to actual PISA 2025
PRY,mathematics,333.7307,344.7737,344.8243,337.5398,355.5011,360.9319,-11.043,11.043,-11.0936,11.0936,-3.8091,3.8091,-21.7704,21.7704,-27.2012,27.2012,2025,2000|2003|2006|2009|2012|2015|2018|2022,expanding_window_LOCO,stage5_ridge_m0_m1_m2_m3_v1,W_j_forecast_v2_unified,Historical OOS: train on pairs before 2025; compare to actual PISA 2025
PSE,mathematics,354.337,362.9429,362.9031,365.7467,353.0943,361.4246,-8.6059,8.6059,-8.5661,8.5661,-11.4097,11.4097,1.2427,1.2427,-7.0876,7.0876,2025,2000|2003|2006|2009|2012|2015|2018|2022,expanding_window_LOCO,stage5_ridge_m0_m1_m2_m3_v1,W_j_forecast_v2_unified,Historical OOS: train on pairs before 2025; compare to actual PISA 2025
QAT,mathematics,416.1618,412.702,412.7315,414.1062,420.2201,425.7163,3.4598,3.4598,3.4303,3.4303,2.0556,2.0556,-4.0583,4.0583,-9.5545,9.5545,2025,2000|2003|2006|2009|2012|2015|2018|2022,expanding_window_LOCO,stage5_ridge_m0_m1_m2_m3_v1,W_j_forecast_v2_unified,Historical OOS: train on pairs before 2025; compare to actual PISA 2025
ROU,mathematics,419.1242,426.5138,426.496,427.76,420.0775,420.7707,-7.3896,7.3896,-7.3718,7.3718,-8.6358,8.6358,-0.9533,0.9533,-1.6465,1.6465,2025,2000|2003|2006|2009|2012|2015|2018|2022,expanding_window_LOCO,stage5_ridge_m0_m1_m2_m3_v1,W_j_forecast_v2_unified,Historical OOS: train on pairs before 2025; compare to actual PISA 2025
SAU,mathematics,389.8859,387.3941,387.368,388.7816,379.7823,383.236,2.4918,2.4918,2.5179,2.5179,1.1043,1.1043,10.1036,10.1036,6.6499,6.6499,2025,2000|2003|2006|2009|2012|2015|2018|2022,expanding_window_LOCO,stage5_ridge_m0_m1_m2_m3_v1,W_j_forecast_v2_unified,Historical OOS: train on pairs before 2025; compare to actual PISA 2025
SGP,mathematics,562.8975,561.2122,561.18,574.6638,553.7099,556.1764,1.6853,1.6853,1.7175,1.7175,-11.7663,11.7663,9.1876,9.1876,6.7211,6.7211,2025,2000|2003|2006|2009|2012|2015|2018|2022,expanding_window_LOCO,stage5_ridge_m0_m1_m2_m3_v1,W_j_forecast_v2_unified,Historical OOS: train on pairs before 2025; compare to actual PISA 2025
SLV,mathematics,346.2498,350.912,350.9514,343.4691,360.8306,365.7987,-4.6622,4.6622,-4.7016,4.7016,2.7807,2.7807,-14.5808,14.5808,-19.5489,19.5489,2025,2000|2003|2006|2009|2012|2015|2018|2022,expanding_window_LOCO,stage5_ridge_m0_m1_m2_m3_v1,W_j_forecast_v2_unified,Historical OOS: train on pairs before 2025; compare to actual PISA 2025
SRB,mathematics,416.7354,439.3945,439.3955,439.8767,441.5754,440.9413,-22.6591,22.6591,-22.6601,22.6601,-23.1413,23.1413,-24.84,24.84,-24.2059,24.2059,2025,2000|2003|2006|2009|2012|2015|2018|2022,expanding_window_LOCO,stage5_ridge_m0_m1_m2_m3_v1,W_j_forecast_v2_unified,Historical OOS: train on pairs before 2025; compare to actual PISA 2025
SVK,mathematics,469.0983,463.0571,463.0362,463.9946,457.1155,455.9141,6.0412,6.0412,6.0621,6.0621,5.1037,5.1037,11.9828,11.9828,13.1842,13.1842,2025,2000|2003|2006|2009|2012|2015|2018|2022,expanding_window_LOCO,stage5_ridge_m0_m1_m2_m3_v1,W_j_forecast_v2_unified,Historical OOS: train on pairs before 2025; compare to actual PISA 2025
SVN,mathematics,459.8356,483.8157,483.8398,484.529,495.3631,494.0271,-23.9801,23.9801,-24.0042,24.0042,-24.6934,24.6934,-35.5275,35.5275,-34.1915,34.1915,2025,2000|2003|2006|2009|2012|2015|2018|2022,expanding_window_LOCO,stage5_ridge_m0_m1_m2_m3_v1,W_j_forecast_v2_unified,Historical OOS: train on pairs before 2025; compare to actual PISA 2025
SWE,mathematics,464.2512,480.5382,480.5671,481.7661,489.2893,487.5404,-16.287,16.287,-16.3159,16.3159,-17.5149,17.5149,-25.0381,25.0381,-23.2892,23.2892,2025,2000|2003|2006|2009|2012|2015|2018|2022,expanding_window_LOCO,stage5_ridge_m0_m1_m2_m3_v1,W_j_forecast_v2_unified,Historical OOS: train on pairs before 2025; compare to actual PISA 2025
TAP,mathematics,546.1891,534.1925,534.1535,547.0942,528.3279,531.857,11.9966,11.9966,12.0356,12.0356,-0.9051,0.9051,17.8612,17.8612,14.3321,14.3321,2025,2000|2003|2006|2009|2012|2015|2018|2022,expanding_window_LOCO,stage5_ridge_m0_m1_m2_m3_v1,W_j_forecast_v2_unified,Historical OOS: train on pairs before 2025; compare to actual PISA 2025
THA,mathematics,406.7648,396.2701,396.2659,393.9454,397.5175,402.3218,10.4947,10.4947,10.4989,10.4989,12.8194,12.8194,9.2473,9.2473,4.443,4.443,2025,2000|2003|2006|2009|2012|2015|2018|2022,expanding_window_LOCO,stage5_ridge_m0_m1_m2_m3_v1,W_j_forecast_v2_unified,Historical OOS: train on pairs before 2025; compare to actual PISA 2025
TUR,mathematics,461.5466,456.0819,456.1183,453.1518,468.1496,469.7338,5.4647,5.4647,5.4283,5.4283,8.3948,8.3948,-6.603,6.603,-8.1872,8.1872,2025,2000|2003|2006|2009|2012|2015|2018|2022,expanding_window_LOCO,stage5_ridge_m0_m1_m2_m3_v1,W_j_forecast_v2_unified,Historical OOS: train on pairs before 2025; compare to actual PISA 2025
URY,mathematics,404.8788,414.684,414.7338,408.7121,428.5006,428.7316,-9.8052,9.8052,-9.855,9.855,-3.8333,3.8333,-23.6218,23.6218,-23.8528,23.8528,2025,2000|2003|2006|2009|2012|2015|2018|2022,expanding_window_LOCO,stage5_ridge_m0_m1_m2_m3_v1,W_j_forecast_v2_unified,Historical OOS: train on pairs before 2025; compare to actual PISA 2025
USA,mathematics,462.8478,470.6264,470.7286,464.888,495.0408,493.4702,-7.7786,7.7786,-7.8808,7.8808,-2.0402,2.0402,-32.193,32.193,-30.6224,30.6224,2025,2000|2003|2006|2009|2012|2015|2018|2022,expanding_window_LOCO,stage5_ridge_m0_m1_m2_m3_v1,W_j_forecast_v2_unified,Historical OOS: train on pairs before 2025; compare to actual PISA 2025
VNM,mathematics,443.186,465.715,465.6998,469.4024,462.3006,466.1376,-22.529,22.529,-22.5138,22.5138,-26.2164,26.2164,-19.1146,19.1146,-22.9516,22.9516,2025,2000|2003|2006|2009|2012|2015|2018|2022,expanding_window_LOCO,stage5_ridge_m0_m1_m2_m3_v1,W_j_forecast_v2_unified,Historical OOS: train on pairs before 2025; compare to actual PISA 2025
ALB,reading,407.641,366.8288,367.032,358.4348,376.9831,466.2392,40.8122,40.8122,40.609,40.609,49.2062,49.2062,30.6579,30.6579,-58.5982,58.5982,2025,2000|2003|2006|2009|2012|2015|2018|2022,expanding_window_LOCO,stage5_ridge_m0_m1_m2_m3_v1,W_j_forecast_v2_unified,Historical OOS: train on pairs before 2025; compare to actual PISA 2025
ARE,reading,432.8108,422.7589,422.9197,417.3497,424.2542,466.2392,10.0519,10.0519,9.8911,9.8911,15.4611,15.4611,8.5566,8.5566,-33.4284,33.4284,2025,2000|2003|2006|2009|2012|2015|2018|2022,expanding_window_LOCO,stage5_ridge_m0_m1_m2_m3_v1,W_j_forecast_v2_unified,Historical OOS: train on pairs before 2025; compare to actual PISA 2025
ARG,reading,388.7043,402.7203,402.7438,400.744,403.1666,466.2392,-14.016,14.016,-14.0395,14.0395,-12.0397,12.0397,-14.4623,14.4623,-77.5349,77.5349,2025,2000|2003|2006|2009|2012|2015|2018|2022,expanding_window_LOCO,stage5_ridge_m0_m1_m2_m3_v1,W_j_forecast_v2_unified,Historical OOS: train on pairs before 2025; compare to actual PISA 2025
AUS,reading,490.8633,497.7469,497.7573,498.0509,498.2188,466.2392,-6.8836,6.8836,-6.894,6.894,-7.1876,7.1876,-7.3555,7.3555,24.6241,24.6241,2025,2000|2003|2006|2009|2012|2015|2018|2022,expanding_window_LOCO,stage5_ridge_m0_m1_m2_m3_v1,W_j_forecast_v2_unified,Historical OOS: train on pairs before 2025; compare to actual PISA 2025
AUT,reading,467.2117,476.6555,476.6893,480.4058,484.6228,466.2392,-9.4438,9.4438,-9.4776,9.4776,-13.1941,13.1941,-17.4111,17.4111,0.9725,0.9725,2025,2000|2003|2006|2009|2012|2015|2018|2022,expanding_window_LOCO,stage5_ridge_m0_m1_m2_m3_v1,W_j_forecast_v2_unified,Historical OOS: train on pairs before 2025; compare to actual PISA 2025
BEL,reading,466.3396,477.5472,477.6068,478.8527,480.949,466.2392,-11.2076,11.2076,-11.2672,11.2672,-12.5131,12.5131,-14.6094,14.6094,0.1004,0.1004,2025,2000|2003|2006|2009|2012|2015|2018|2022,expanding_window_LOCO,stage5_ridge_m0_m1_m2_m3_v1,W_j_forecast_v2_unified,Historical OOS: train on pairs before 2025; compare to actual PISA 2025
BGR,reading,386.6448,413.9545,414.1375,404.3037,418.1767,466.2392,-27.3097,27.3097,-27.4927,27.4927,-17.6589,17.6589,-31.5319,31.5319,-79.5944,79.5944,2025,2000|2003|2006|2009|2012|2015|2018|2022,expanding_window_LOCO,stage5_ridge_m0_m1_m2_m3_v1,W_j_forecast_v2_unified,Historical OOS: train on pairs before 2025; compare to actual PISA 2025
BRA,reading,408.0083,405.115,404.9917,410.357,398.1672,466.2392,2.8933,2.8933,3.0166,3.0166,-2.3487,2.3487,9.8411,9.8411,-58.2309,58.2309,2025,2000|2003|2006|2009|2012|2015|2018|2022,expanding_window_LOCO,stage5_ridge_m0_m1_m2_m3_v1,W_j_forecast_v2_unified,Historical OOS: train on pairs before 2025; compare to actual PISA 2025
BRN,reading,425.6809,439.1567,439.3251,429.2319,440.139,466.2392,-13.4758,13.4758,-13.6442,13.6442,-3.551,3.551,-14.4581,14.4581,-40.5583,40.5583,2025,2000|2003|2006|2009|2012|2015|2018|2022,expanding_window_LOCO,stage5_ridge_m0_m1_m2_m3_v1,W_j_forecast_v2_unified,Historical OOS: train on pairs before 2025; compare to actual PISA 2025
CAN,reading,489.8256,503.5301,503.5173,507.1329,503.8572,466.2392,-13.7045,13.7045,-13.6917,13.6917,-17.3073,17.3073,-14.0316,14.0316,23.5864,23.5864,2025,2000|2003|2006|2009|2012|2015|2018|2022,expanding_window_LOCO,stage5_ridge_m0_m1_m2_m3_v1,W_j_forecast_v2_unified,Historical OOS: train on pairs before 2025; compare to actual PISA 2025
CHE,reading,470.0529,482.1367,482.2687,483.3317,492.7524,466.2392,-12.0838,12.0838,-12.2158,12.2158,-13.2788,13.2788,-22.6995,22.6995,3.8137,3.8137,2025,2000|2003|2006|2009|2012|2015|2018|2022,expanding_window_LOCO,stage5_ridge_m0_m1_m2_m3_v1,W_j_forecast_v2_unified,Historical OOS: train on pairs before 2025; compare to actual PISA 2025
CHL,reading,435.6558,442.3102,442.1875,447.979,437.0739,466.2392,-6.6544,6.6544,-6.5317,6.5317,-12.3232,12.3232,-1.4181,1.4181,-30.5834,30.5834,2025,2000|2003|2006|2009|2012|2015|2018|2022,expanding_window_LOCO,stage5_ridge_m0_m1_m2_m3_v1,W_j_forecast_v2_unified,Historical OOS: train on pairs before 2025; compare to actual PISA 2025
COL,reading,399.2673,404.7074,404.6778,408.665,404.0302,466.2392,-5.4401,5.4401,-5.4105,5.4105,-9.3977,9.3977,-4.7629,4.7629,-66.9719,66.9719,2025,2000|2003|2006|2009|2012|2015|2018|2022,expanding_window_LOCO,stage5_ridge_m0_m1_m2_m3_v1,W_j_forecast_v2_unified,Historical OOS: train on pairs before 2025; compare to actual PISA 2025
CRI,reading,416.0353,405.8776,405.7882,415.2331,400.1649,466.2392,10.1577,10.1577,10.2471,10.2471,0.8022,0.8022,15.8704,15.8704,-50.2039,50.2039,2025,2000|2003|2006|2009|2012|2015|2018|2022,expanding_window_LOCO,stage5_ridge_m0_m1_m2_m3_v1,W_j_forecast_v2_unified,Historical OOS: train on pairs before 2025; compare to actual PISA 2025
CZE,reading,468.3567,490.3562,490.3791,488.6037,490.5241,466.2392,-21.9995,21.9995,-22.0224,22.0224,-20.247,20.247,-22.1674,22.1674,2.1175,2.1175,2025,2000|2003|2006|2009|2012|2015|2018|2022,expanding_window_LOCO,stage5_ridge_m0_m1_m2_m3_v1,W_j_forecast_v2_unified,Historical OOS: train on pairs before 2025; compare to actual PISA 2025
DEU,reading,465.2821,477.7275,477.7669,479.794,486.2212,466.2392,-12.4454,12.4454,-12.4848,12.4848,-14.5119,14.5119,-20.9391,20.9391,-0.9571,0.9571,2025,2000|2003|2006|2009|2012|2015|2018|2022,expanding_window_LOCO,stage5_ridge_m0_m1_m2_m3_v1,W_j_forecast_v2_unified,Historical OOS: train on pairs before 2025; compare to actual PISA 2025
DNK,reading,460.0095,483.9597,483.9425,488.801,484.242,466.2392,-23.9502,23.9502,-23.933,23.933,-28.7915,28.7915,-24.2325,24.2325,-6.2297,6.2297,2025,2000|2003|2006|2009|2012|2015|2018|2022,expanding_window_LOCO,stage5_ridge_m0_m1_m2_m3_v1,W_j_forecast_v2_unified,Historical OOS: train on pairs before 2025; compare to actual PISA 2025
DOM,reading,345.5421,356.1504,356.2667,351.3123,356.741,466.2392,-10.6083,10.6083,-10.7246,10.7246,-5.7702,5.7702,-11.1989,11.1989,-120.6971,120.6971,2025,2000|2003|2006|2009|2012|2015|2018|2022,expanding_window_LOCO,stage5_ridge_m0_m1_m2_m3_v1,W_j_forecast_v2_unified,Historical OOS: train on pairs before 2025; compare to actual PISA 2025
ESP,reading,451.3558,470.194,470.2194,474.3071,476.4396,466.2392,-18.8382,18.8382,-18.8636,18.8636,-22.9513,22.9513,-25.0838,25.0838,-14.8834,14.8834,2025,2000|2003|2006|2009|2012|2015|2018|2022,expanding_window_LOCO,stage5_ridge_m0_m1_m2_m3_v1,W_j_forecast_v2_unified,Historical OOS: train on pairs before 2025; compare to actual PISA 2025
EST,reading,499.2443,508.0959,508.1456,511.0303,512.6776,466.2392,-8.8516,8.8516,-8.9013,8.9013,-11.786,11.786,-13.4333,13.4333,33.0051,33.0051,2025,2000|2003|2006|2009|2012|2015|2018|2022,expanding_window_LOCO,stage5_ridge_m0_m1_m2_m3_v1,W_j_forecast_v2_unified,Historical OOS: train on pairs before 2025; compare to actual PISA 2025
FIN,reading,474.2973,488.9722,489.0876,490.2177,499.953,466.2392,-14.6749,14.6749,-14.7903,14.7903,-15.9204,15.9204,-25.6557,25.6557,8.0581,8.0581,2025,2000|2003|2006|2009|2012|2015|2018|2022,expanding_window_LOCO,stage5_ridge_m0_m1_m2_m3_v1,W_j_forecast_v2_unified,Historical OOS: train on pairs before 2025; compare to actual PISA 2025
FRA,reading,456.3345,472.6075,472.6741,473.8522,477.3522,466.2392,-16.273,16.273,-16.3396,16.3396,-17.5177,17.5177,-21.0177,21.0177,-9.9047,9.9047,2025,2000|2003|2006|2009|2012|2015|2018|2022,expanding_window_LOCO,stage5_ridge_m0_m1_m2_m3_v1,W_j_forecast_v2_unified,Historical OOS: train on pairs before 2025; compare to actual PISA 2025
GBR,reading,494.2309,491.2006,491.1761,494.4046,489.2875,466.2392,3.0303,3.0303,3.0548,3.0548,-0.1737,0.1737,4.9434,4.9434,27.9917,27.9917,2025,2000|2003|2006|2009|2012|2015|2018|2022,expanding_window_LOCO,stage5_ridge_m0_m1_m2_m3_v1,W_j_forecast_v2_unified,Historical OOS: train on pairs before 2025; compare to actual PISA 2025
GEO,reading,384.1786,380.3222,380.4636,373.8584,381.5254,466.2392,3.8564,3.8564,3.715,3.715,10.3202,10.3202,2.6532,2.6532,-82.0606,82.0606,2025,2000|2003|2006|2009|2012|2015|2018|2022,expanding_window_LOCO,stage5_ridge_m0_m1_m2_m3_v1,W_j_forecast_v2_unified,Historical OOS: train on pairs before 2025; compare to actual PISA 2025
GRC,reading,422.6626,437.2487,437.2356,438.4406,435.3426,466.2392,-14.5861,14.5861,-14.573,14.573,-15.778,15.778,-12.68,12.68,-43.5766,43.5766,2025,2000|2003|2006|2009|2012|2015|2018|2022,expanding_window_LOCO,stage5_ridge_m0_m1_m2_m3_v1,W_j_forecast_v2_unified,Historical OOS: train on pairs before 2025; compare to actual PISA 2025
GTM,reading,337.0808,375.2669,375.2288,374.1219,373.2589,466.2392,-38.1861,38.1861,-38.148,38.148,-37.0411,37.0411,-36.1781,36.1781,-129.1584,129.1584,2025,2000|2003|2006|2009|2012|2015|2018|2022,expanding_window_LOCO,stage5_ridge_m0_m1_m2_m3_v1,W_j_forecast_v2_unified,Historical OOS: train on pairs before 2025; compare to actual PISA 2025
HKG,reading,480.1207,505.7324,505.8932,499.7013,509.4719,466.2392,-25.6117,25.6117,-25.7725,25.7725,-19.5806,19.5806,-29.3512,29.3512,13.8815,13.8815,2025,2000|2003|2006|2009|2012|2015|2018|2022,expanding_window_LOCO,stage5_ridge_m0_m1_m2_m3_v1,W_j_forecast_v2_unified,Historical OOS: train on pairs before 2025; compare to actual PISA 2025
HRV,reading,453.3873,470.5417,470.526,475.4989,474.3794,466.2392,-17.1544,17.1544,-17.1387,17.1387,-22.1116,22.1116,-20.9921,20.9921,-12.8519,12.8519,2025,2000|2003|2006|2009|2012|2015|2018|2022,expanding_window_LOCO,stage5_ridge_m0_m1_m2_m3_v1,W_j_forecast_v2_unified,Historical OOS: train on pairs before 2025; compare to actual PISA 2025
HUN,reading,452.3063,471.4621,471.5215,472.9747,477.8586,466.2392,-19.1558,19.1558,-19.2152,19.2152,-20.6684,20.6684,-25.5523,25.5523,-13.9329,13.9329,2025,2000|2003|2006|2009|2012|2015|2018|2022,expanding_window_LOCO,stage5_ridge_m0_m1_m2_m3_v1,W_j_forecast_v2_unified,Historical OOS: train on pairs before 2025; compare to actual PISA 2025
IDN,reading,365.2053,368.6524,368.9042,358.5699,380.2214,466.2392,-3.4471,3.4471,-3.6989,3.6989,6.6354,6.6354,-15.0161,15.0161,-101.0339,101.0339,2025,2000|2003|2006|2009|2012|2015|2018|2022,expanding_window_LOCO,stage5_ridge_m0_m1_m2_m3_v1,W_j_forecast_v2_unified,Historical OOS: train on pairs before 2025; compare to actual PISA 2025
IRL,reading,500.4472,504.4057,504.1778,516.01,493.5883,466.2392,-3.9585,3.9585,-3.7306,3.7306,-15.5628,15.5628,6.8589,6.8589,34.208,34.208,2025,2000|2003|2006|2009|2012|2015|2018|2022,expanding_window_LOCO,stage5_ridge_m0_m1_m2_m3_v1,W_j_forecast_v2_unified,Historical OOS: train on pairs before 2025; compare to actual PISA 2025
ISL,reading,422.2851,440.8406,440.9576,435.923,443.8637,466.2392,-18.5555,18.5555,-18.6725,18.6725,-13.6379,13.6379,-21.5786,21.5786,-43.9541,43.9541,2025,2000|2003|2006|2009|2012|2015|2018|2022,expanding_window_LOCO,stage5_ridge_m0_m1_m2_m3_v1,W_j_forecast_v2_unified,Historical OOS: train on pairs before 2025; compare to actual PISA 2025
ISR,reading,435.8378,465.6248,465.471,473.8327,456.7345,466.2392,-29.787,29.787,-29.6332,29.6332,-37.9949,37.9949,-20.8967,20.8967,-30.4014,30.4014,2025,2000|2003|2006|2009|2012|2015|2018|2022,expanding_window_LOCO,stage5_ridge_m0_m1_m2_m3_v1,W_j_forecast_v2_unified,Historical OOS: train on pairs before 2025; compare to actual PISA 2025
ITA,reading,474.2896,477.2779,477.1654,481.5983,471.9323,466.2392,-2.9883,2.9883,-2.8758,2.8758,-7.3087,7.3087,2.3573,2.3573,8.0504,8.0504,2025,2000|2003|2006|2009|2012|2015|2018|2022,expanding_window_LOCO,stage5_ridge_m0_m1_m2_m3_v1,W_j_forecast_v2_unified,Historical OOS: train on pairs before 2025; compare to actual PISA 2025
JOR,reading,362.5982,355.9427,356.3172,342.1658,369.1631,466.2392,6.6555,6.6555,6.281,6.281,20.4324,20.4324,-6.5649,6.5649,-103.641,103.641,2025,2000|2003|2006|2009|2012|2015|2018|2022,expanding_window_LOCO,stage5_ridge_m0_m1_m2_m3_v1,W_j_forecast_v2_unified,Historical OOS: train on pairs before 2025; compare to actual PISA 2025
JPN,reading,502.7145,510.2971,510.49,515.8546,527.3731,466.2392,-7.5826,7.5826,-7.7755,7.7755,-13.1401,13.1401,-24.6586,24.6586,36.4753,36.4753,2025,2000|2003|2006|2009|2012|2015|2018|2022,expanding_window_LOCO,stage5_ridge_m0_m1_m2_m3_v1,W_j_forecast_v2_unified,Historical OOS: train on pairs before 2025; compare to actual PISA 2025
KAZ,reading,384.7981,397.6609,398.0643,386.2847,412.4502,466.2392,-12.8628,12.8628,-13.2662,13.2662,-1.4866,1.4866,-27.6521,27.6521,-81.4411,81.4411,2025,2000|2003|2006|2009|2012|2015|2018|2022,expanding_window_LOCO,stage5_ridge_m0_m1_m2_m3_v1,W_j_forecast_v2_unified,Historical OOS: train on pairs before 2025; compare to actual PISA 2025
KHM,reading,347.2263,339.888,340.1085,328.8428,344.7753,466.2392,7.3383,7.3383,7.1178,7.1178,18.3835,18.3835,2.451,2.451,-119.0129,119.0129,2025,2000|2003|2006|2009|2012|2015|2018|2022,expanding_window_LOCO,stage5_ridge_m0_m1_m2_m3_v1,W_j_forecast_v2_unified,Historical OOS: train on pairs before 2025; compare to actual PISA 2025
KOR,reading,500.5606,509.9506,509.9784,515.4154,516.4283,466.2392,-9.39,9.39,-9.4178,9.4178,-14.8548,14.8548,-15.8677,15.8677,34.3214,34.3214,2025,2000|2003|2006|2009|2012|2015|2018|2022,expanding_window_LOCO,stage5_ridge_m0_m1_m2_m3_v1,W_j_forecast_v2_unified,Historical OOS: train on pairs before 2025; compare to actual PISA 2025
KSV,reading,340.4644,355.3585,355.578,342.1944,359.6267,466.2392,-14.8941,14.8941,-15.1136,15.1136,-1.73,1.73,-19.1623,19.1623,-125.7748,125.7748,2025,2000|2003|2006|2009|2012|2015|2018|2022,expanding_window_LOCO,stage5_ridge_m0_m1_m2_m3_v1,W_j_forecast_v2_unified,Historical OOS: train on pairs before 2025; compare to actual PISA 2025
LTU,reading,464.0538,470.8944,470.9611,471.8342,474.8711,466.2392,-6.8406,6.8406,-6.9073,6.9073,-7.7804,7.7804,-10.8173,10.8173,-2.1854,2.1854,2025,2000|2003|2006|2009|2012|2015|2018|2022,expanding_window_LOCO,stage5_ridge_m0_m1_m2_m3_v1,W_j_forecast_v2_unified,Historical OOS: train on pairs before 2025; compare to actual PISA 2025
LVA,reading,429.6787,478.7349,478.8754,474.5687,484.3817,466.2392,-49.0562,49.0562,-49.1967,49.1967,-44.89,44.89,-54.703,54.703,-36.5605,36.5605,2025,2000|2003|2006|2009|2012|2015|2018|2022,expanding_window_LOCO,stage5_ridge_m0_m1_m2_m3_v1,W_j_forecast_v2_unified,Historical OOS: train on pairs before 2025; compare to actual PISA 2025
MAC,reading,501.0536,516.6107,516.8686,510.4051,528.5379,466.2392,-15.5571,15.5571,-15.815,15.815,-9.3515,9.3515,-27.4843,27.4843,34.8144,34.8144,2025,2000|2003|2006|2009|2012|2015|2018|2022,expanding_window_LOCO,stage5_ridge_m0_m1_m2_m3_v1,W_j_forecast_v2_unified,Historical OOS: train on pairs before 2025; compare to actual PISA 2025
MAR,reading,321.1271,356.4777,356.7896,339.3649,366.6715,466.2392,-35.3506,35.3506,-35.6625,35.6625,-18.2378,18.2378,-45.5444,45.5444,-145.1121,145.1121,2025,2000|2003|2006|2009|2012|2015|2018|2022,expanding_window_LOCO,stage5_ridge_m0_m1_m2_m3_v1,W_j_forecast_v2_unified,Historical OOS: train on pairs before 2025; compare to actual PISA 2025
MDA,reading,403.7011,410.8023,410.849,410.9354,410.4089,466.2392,-7.1012,7.1012,-7.1479,7.1479,-7.2343,7.2343,-6.7078,6.7078,-62.5381,62.5381,2025,2000|2003|2006|2009|2012|2015|2018|2022,expanding_window_LOCO,stage5_ridge_m0_m1_m2_m3_v1,W_j_forecast_v2_unified,Historical OOS: train on pairs before 2025; compare to actual PISA 2025
MEX,reading,407.9376,412.0605,411.9652,415.359,405.8502,466.2392,-4.1229,4.1229,-4.0276,4.0276,-7.4214,7.4214,2.0874,2.0874,-58.3016,58.3016,2025,2000|2003|2006|2009|2012|2015|2018|2022,expanding_window_LOCO,stage5_ridge_m0_m1_m2_m3_v1,W_j_forecast_v2_unified,Historical OOS: train on pairs before 2025; compare to actual PISA 2025
MKD,reading,357.4437,371.6305,371.9101,358.5221,380.4842,466.2392,-14.1868,14.1868,-14.4664,14.4664,-1.0784,1.0784,-23.0405,23.0405,-108.7955,108.7955,2025,2000|2003|2006|2009|2012|2015|2018|2022,expanding_window_LOCO,stage5_ridge_m0_m1_m2_m3_v1,W_j_forecast_v2_unified,Historical OOS: train on pairs before 2025; compare to actual PISA 2025
MLT,reading,414.6257,457.5126,457.7134,445.2988,463.1967,466.2392,-42.8869,42.8869,-43.0877,43.0877,-30.6731,30.6731,-48.571,48.571,-51.6135,51.6135,2025,2000|2003|2006|2009|2012|2015|2018|2022,expanding_window_LOCO,stage5_ridge_m0_m1_m2_m3_v1,W_j_forecast_v2_unified,Historical OOS: train on pairs before 2025; compare to actual PISA 2025
MNE,reading,418.3713,406.1699,406.1554,405.0205,403.06,466.2392,12.2014,12.2014,12.2159,12.2159,13.3508,13.3508,15.3113,15.3113,-47.8679,47.8679,2025,2000|2003|2006|2009|2012|2015|2018|2022,expanding_window_LOCO,stage5_ridge_m0_m1_m2_m3_v1,W_j_forecast_v2_unified,Historical OOS: train on pairs before 2025; compare to actual PISA 2025
MNG,reading,374.2527,389.6313,390.0141,378.4199,402.5252,466.2392,-15.3786,15.3786,-15.7614,15.7614,-4.1672,4.1672,-28.2725,28.2725,-91.9865,91.9865,2025,2000|2003|2006|2009|2012|2015|2018|2022,expanding_window_LOCO,stage5_ridge_m0_m1_m2_m3_v1,W_j_forecast_v2_unified,Historical OOS: train on pairs before 2025; compare to actual PISA 2025
MYS,reading,392.7719,400.4625,400.7656,388.0878,410.7856,466.2392,-7.6906,7.6906,-7.9937,7.9937,4.6841,4.6841,-18.0137,18.0137,-73.4673,73.4673,2025,2000|2003|2006|2009|2012|2015|2018|2022,expanding_window_LOCO,stage5_ridge_m0_m1_m2_m3_v1,W_j_forecast_v2_unified,Historical OOS: train on pairs before 2025; compare to actual PISA 2025
NLD,reading,441.3449,467.0583,467.3295,459.2429,480.2825,466.2392,-25.7134,25.7134,-25.9846,25.9846,-17.898,17.898,-38.9376,38.9376,-24.8943,24.8943,2025,2000|2003|2006|2009|2012|2015|2018|2022,expanding_window_LOCO,stage5_ridge_m0_m1_m2_m3_v1,W_j_forecast_v2_unified,Historical OOS: train on pairs before 2025; compare to actual PISA 2025
NOR,reading,452.8013,472.3485,472.3033,476.5239,472.4873,466.2392,-19.5472,19.5472,-19.502,19.502,-23.7226,23.7226,-19.686,19.686,-13.4379,13.4379,2025,2000|2003|2006|2009|2012|2015|2018|2022,expanding_window_LOCO,stage5_ridge_m0_m1_m2_m3_v1,W_j_forecast_v2_unified,Historical OOS: train on pairs before 2025; compare to actual PISA 2025
NZL,reading,497.0445,498.4994,498.4399,500.853,495.8598,466.2392,-1.4549,1.4549,-1.3954,1.3954,-3.8085,3.8085,1.1847,1.1847,30.8053,30.8053,2025,2000|2003|2006|2009|2012|2015|2018|2022,expanding_window_LOCO,stage5_ridge_m0_m1_m2_m3_v1,W_j_forecast_v2_unified,Historical OOS: train on pairs before 2025; compare to actual PISA 2025
PER,reading,390.1372,404.6873,404.6408,408.2479,401.1939,466.2392,-14.5501,14.5501,-14.5036,14.5036,-18.1107,18.1107,-11.0567,11.0567,-76.102,76.102,2025,2000|2003|2006|2009|2012|2015|2018|2022,expanding_window_LOCO,stage5_ridge_m0_m1_m2_m3_v1,W_j_forecast_v2_unified,Historical OOS: train on pairs before 2025; compare to actual PISA 2025
PHL,reading,366.9185,354.7256,354.8653,346.5474,353.697,466.2392,12.1929,12.1929,12.0532,12.0532,20.3711,20.3711,13.2215,13.2215,-99.3207,99.3207,2025,2000|2003|2006|2009|2012|2015|2018|2022,expanding_window_LOCO,stage5_ridge_m0_m1_m2_m3_v1,W_j_forecast_v2_unified,Historical OOS: train on pairs before 2025; compare to actual PISA 2025
POL,reading,481.5374,490.275,490.3116,488.7136,490.6796,466.2392,-8.7376,8.7376,-8.7742,8.7742,-7.1762,7.1762,-9.1422,9.1422,15.2982,15.2982,2025,2000|2003|2006|2009|2012|2015|2018|2022,expanding_window_LOCO,stage5_ridge_m0_m1_m2_m3_v1,W_j_forecast_v2_unified,Historical OOS: train on pairs before 2025; compare to actual PISA 2025
PRT,reading,462.0274,475.414,475.4166,476.5886,479.0042,466.2392,-13.3866,13.3866,-13.3892,13.3892,-14.5612,14.5612,-16.9768,16.9768,-4.2118,4.2118,2025,2000|2003|2006|2009|2012|2015|2018|2022,expanding_window_LOCO,stage5_ridge_m0_m1_m2_m3_v1,W_j_forecast_v2_unified,Historical OOS: train on pairs before 2025; compare to actual PISA 2025
PRY,reading,352.2158,371.2767,371.2033,373.1557,365.9492,466.2392,-19.0609,19.0609,-18.9875,18.9875,-20.9399,20.9399,-13.7334,13.7334,-114.0234,114.0234,2025,2000|2003|2006|2009|2012|2015|2018|2022,expanding_window_LOCO,stage5_ridge_m0_m1_m2_m3_v1,W_j_forecast_v2_unified,Historical OOS: train on pairs before 2025; compare to actual PISA 2025
PSE,reading,349.8762,357.2654,357.5061,349.1571,363.2793,466.2392,-7.3892,7.3892,-7.6299,7.6299,0.7191,0.7191,-13.4031,13.4031,-116.363,116.363,2025,2000|2003|2006|2009|2012|2015|2018|2022,expanding_window_LOCO,stage5_ridge_m0_m1_m2_m3_v1,W_j_forecast_v2_unified,Historical OOS: train on pairs before 2025; compare to actual PISA 2025
QAT,reading,418.0284,420.1528,420.2657,419.3043,422.6749,466.2392,-2.1244,2.1244,-2.2373,2.2373,-1.2759,1.2759,-4.6465,4.6465,-48.2108,48.2108,2025,2000|2003|2006|2009|2012|2015|2018|2022,expanding_window_LOCO,stage5_ridge_m0_m1_m2_m3_v1,W_j_forecast_v2_unified,Historical OOS: train on pairs before 2025; compare to actual PISA 2025
ROU,reading,412.9495,427.1678,427.1354,428.496,423.3469,466.2392,-14.2183,14.2183,-14.1859,14.1859,-15.5465,15.5465,-10.3974,10.3974,-53.2897,53.2897,2025,2000|2003|2006|2009|2012|2015|2018|2022,expanding_window_LOCO,stage5_ridge_m0_m1_m2_m3_v1,W_j_forecast_v2_unified,Historical OOS: train on pairs before 2025; compare to actual PISA 2025
SAU,reading,387.2841,386.3431,386.4444,382.551,387.0643,466.2392,0.941,0.941,0.8397,0.8397,4.7331,4.7331,0.2198,0.2198,-78.9551,78.9551,2025,2000|2003|2006|2009|2012|2015|2018|2022,expanding_window_LOCO,stage5_ridge_m0_m1_m2_m3_v1,W_j_forecast_v2_unified,Historical OOS: train on pairs before 2025; compare to actual PISA 2025
SGP,reading,534.9,538.5264,538.6238,542.5533,541.9774,466.2392,-3.6264,3.6264,-3.7238,3.7238,-7.6533,7.6533,-7.0774,7.0774,68.6608,68.6608,2025,2000|2003|2006|2009|2012|2015|2018|2022,expanding_window_LOCO,stage5_ridge_m0_m1_m2_m3_v1,W_j_forecast_v2_unified,Historical OOS: train on pairs before 2025; compare to actual PISA 2025
SLV,reading,366.4317,369.0398,369.1111,364.9036,370.8634,466.2392,-2.6081,2.6081,-2.6794,2.6794,1.5281,1.5281,-4.4317,4.4317,-99.8075,99.8075,2025,2000|2003|2006|2009|2012|2015|2018|2022,expanding_window_LOCO,stage5_ridge_m0_m1_m2_m3_v1,W_j_forecast_v2_unified,Historical OOS: train on pairs before 2025; compare to actual PISA 2025
SRB,reading,414.5985,439.2603,439.2901,440.355,442.5367,466.2392,-24.6618,24.6618,-24.6916,24.6916,-25.7565,25.7565,-27.9382,27.9382,-51.6407,51.6407,2025,2000|2003|2006|2009|2012|2015|2018|2022,expanding_window_LOCO,stage5_ridge_m0_m1_m2_m3_v1,W_j_forecast_v2_unified,Historical OOS: train on pairs before 2025; compare to actual PISA 2025
SVK,reading,447.9671,453.0943,453.2283,446.8606,456.5408,466.2392,-5.1272,5.1272,-5.2612,5.2612,1.1065,1.1065,-8.5737,8.5737,-18.2721,18.2721,2025,2000|2003|2006|2009|2012|2015|2018|2022,expanding_window_LOCO,stage5_ridge_m0_m1_m2_m3_v1,W_j_forecast_v2_unified,Historical OOS: train on pairs before 2025; compare to actual PISA 2025
SVN,reading,444.7476,474.9248,475.1893,468.536,490.2904,466.2392,-30.1772,30.1772,-30.4417,30.4417,-23.7884,23.7884,-45.5428,45.5428,-21.4916,21.4916,2025,2000|2003|2006|2009|2012|2015|2018|2022,expanding_window_LOCO,stage5_ridge_m0_m1_m2_m3_v1,W_j_forecast_v2_unified,Historical OOS: train on pairs before 2025; compare to actual PISA 2025
SWE,reading,466.4363,483.0412,483.032,486.9752,484.8265,466.2392,-16.6049,16.6049,-16.5957,16.5957,-20.5389,20.5389,-18.3902,18.3902,0.1971,0.1971,2025,2000|2003|2006|2009|2012|2015|2018|2022,expanding_window_LOCO,stage5_ridge_m0_m1_m2_m3_v1,W_j_forecast_v2_unified,Historical OOS: train on pairs before 2025; compare to actual PISA 2025
TAP,reading,507.788,510.9258,511.0587,515.1673,519.6019,466.2392,-3.1378,3.1378,-3.2707,3.2707,-7.3793,7.3793,-11.8139,11.8139,41.5488,41.5488,2025,2000|2003|2006|2009|2012|2015|2018|2022,expanding_window_LOCO,stage5_ridge_m0_m1_m2_m3_v1,W_j_forecast_v2_unified,Historical OOS: train on pairs before 2025; compare to actual PISA 2025
THA,reading,391.8296,391.2688,391.5843,378.663,403.5084,466.2392,0.5608,0.5608,0.2453,0.2453,13.1666,13.1666,-11.6788,11.6788,-74.4096,74.4096,2025,2000|2003|2006|2009|2012|2015|2018|2022,expanding_window_LOCO,stage5_ridge_m0_m1_m2_m3_v1,W_j_forecast_v2_unified,Historical OOS: train on pairs before 2025; compare to actual PISA 2025
TUR,reading,472.0955,458.8148,458.935,456.084,466.8263,466.2392,13.2807,13.2807,13.1605,13.1605,16.0115,16.0115,5.2692,5.2692,5.8563,5.8563,2025,2000|2003|2006|2009|2012|2015|2018|2022,expanding_window_LOCO,stage5_ridge_m0_m1_m2_m3_v1,W_j_forecast_v2_unified,Historical OOS: train on pairs before 2025; compare to actual PISA 2025
URY,reading,423.2127,429.5716,429.5606,430.3597,431.2751,466.2392,-6.3589,6.3589,-6.3479,6.3479,-7.147,7.147,-8.0624,8.0624,-43.0265,43.0265,2025,2000|2003|2006|2009|2012|2015|2018|2022,expanding_window_LOCO,stage5_ridge_m0_m1_m2_m3_v1,W_j_forecast_v2_unified,Historical OOS: train on pairs before 2025; compare to actual PISA 2025
USA,reading,489.5189,496.014,495.8512,503.9376,490.1557,466.2392,-6.4951,6.4951,-6.3323,6.3323,-14.4187,14.4187,-0.6368,0.6368,23.2797,23.2797,2025,2000|2003|2006|2009|2012|2015|2018|2022,expanding_window_LOCO,stage5_ridge_m0_m1_m2_m3_v1,W_j_forecast_v2_unified,Historical OOS: train on pairs before 2025; compare to actual PISA 2025
VNM,reading,391.5367,459.9369,459.9693,461.888,461.4804,466.2392,-68.4002,68.4002,-68.4326,68.4326,-70.3513,70.3513,-69.9437,69.9437,-74.7025,74.7025,2025,2000|2003|2006|2009|2012|2015|2018|2022,expanding_window_LOCO,stage5_ridge_m0_m1_m2_m3_v1,W_j_forecast_v2_unified,Historical OOS: train on pairs before 2025; compare to actual PISA 2025
ALB,science,434.6271,376.3171,376.347,375.9678,379.7508,447.0585,58.31,58.31,58.2801,58.2801,58.6593,58.6593,54.8763,54.8763,-12.4314,12.4314,2025,2000|2003|2006|2009|2012|2015|2018|2022,expanding_window_LOCO,stage5_ridge_m0_m1_m2_m3_v1,W_j_forecast_v2_unified,Historical OOS: train on pairs before 2025; compare to actual PISA 2025
ARE,science,458.067,431.9223,431.9465,431.9795,428.6975,495.5369,26.1447,26.1447,26.1205,26.1205,26.0875,26.0875,29.3695,29.3695,-37.4699,37.4699,2025,2000|2003|2006|2009|2012|2015|2018|2022,expanding_window_LOCO,stage5_ridge_m0_m1_m2_m3_v1,W_j_forecast_v2_unified,Historical OOS: train on pairs before 2025; compare to actual PISA 2025
ARG,science,392.9339,405.5941,405.6838,406.1913,407.5898,444.7229,-12.6602,12.6602,-12.7499,12.7499,-13.2574,13.2574,-14.6559,14.6559,-51.789,51.789,2025,2000|2003|2006|2009|2012|2015|2018|2022,expanding_window_LOCO,stage5_ridge_m0_m1_m2_m3_v1,W_j_forecast_v2_unified,Historical OOS: train on pairs before 2025; compare to actual PISA 2025
AUS,science,509.1063,502.8476,502.9394,507.0009,505.3654,499.3617,6.2587,6.2587,6.1669,6.1669,2.1054,2.1054,3.7409,3.7409,9.7446,9.7446,2025,2000|2003|2006|2009|2012|2015|2018|2022,expanding_window_LOCO,stage5_ridge_m0_m1_m2_m3_v1,W_j_forecast_v2_unified,Historical OOS: train on pairs before 2025; compare to actual PISA 2025
AUT,science,496.9127,484.8781,484.8896,491.271,491.3606,485.0106,12.0346,12.0346,12.0231,12.0231,5.6417,5.6417,5.5521,5.5521,11.9021,11.9021,2025,2000|2003|2006|2009|2012|2015|2018|2022,expanding_window_LOCO,stage5_ridge_m0_m1_m2_m3_v1,W_j_forecast_v2_unified,Historical OOS: train on pairs before 2025; compare to actual PISA 2025
BEL,science,489.7132,486.6559,486.6634,490.5783,488.0167,485.6488,3.0573,3.0573,3.0498,3.0498,-0.8651,0.8651,1.6965,1.6965,4.0644,4.0644,2025,2000|2003|2006|2009|2012|2015|2018|2022,expanding_window_LOCO,stage5_ridge_m0_m1_m2_m3_v1,W_j_forecast_v2_unified,Historical OOS: train on pairs before 2025; compare to actual PISA 2025
BGR,science,420.7937,423.6586,423.6905,420.9932,422.3842,469.2257,-2.8649,2.8649,-2.8968,2.8968,-0.1995,0.1995,-1.5905,1.5905,-48.432,48.432,2025,2000|2003|2006|2009|2012|2015|2018|2022,expanding_window_LOCO,stage5_ridge_m0_m1_m2_m3_v1,W_j_forecast_v2_unified,Historical OOS: train on pairs before 2025; compare to actual PISA 2025
BRA,science,408.5405,404.3419,404.3777,403.0012,402.96,435.9587,4.1986,4.1986,4.1628,4.1628,5.5393,5.5393,5.5805,5.5805,-27.4182,27.4182,2025,2000|2003|2006|2009|2012|2015|2018|2022,expanding_window_LOCO,stage5_ridge_m0_m1_m2_m3_v1,W_j_forecast_v2_unified,Historical OOS: train on pairs before 2025; compare to actual PISA 2025
BRN,science,439.4539,449.229,449.2655,445.8551,445.5786,469.9149,-9.7751,9.7751,-9.8116,9.8116,-6.4012,6.4012,-6.1247,6.1247,-30.461,30.461,2025,2000|2003|2006|2009|2012|2015|2018|2022,expanding_window_LOCO,stage5_ridge_m0_m1_m2_m3_v1,W_j_forecast_v2_unified,Historical OOS: train on pairs before 2025; compare to actual PISA 2025
CAN,science,510.0548,508.8334,508.9104,515.0167,511.5859,499.4404,1.2214,1.2214,1.1444,1.1444,-4.9619,4.9619,-1.5311,1.5311,10.6144,10.6144,2025,2000|2003|2006|2009|2012|2015|2018|2022,expanding_window_LOCO,stage5_ridge_m0_m1_m2_m3_v1,W_j_forecast_v2_unified,Historical OOS: train on pairs before 2025; compare to actual PISA 2025
CHE,science,501.2376,494.9433,494.9363,502.5232,500.1479,489.6402,6.2943,6.2943,6.3013,6.3013,-1.2856,1.2856,1.0897,1.0897,11.5974,11.5974,2025,2000|2003|2006|2009|2012|2015|2018|2022,expanding_window_LOCO,stage5_ridge_m0_m1_m2_m3_v1,W_j_forecast_v2_unified,Historical OOS: train on pairs before 2025; compare to actual PISA 2025
CHL,science,442.3606,441.4049,441.4898,443.5434,442.8663,458.2924,0.9557,0.9557,0.8708,0.8708,-1.1828,1.1828,-0.5057,0.5057,-15.9318,15.9318,2025,2000|2003|2006|2009|2012|2015|2018|2022,expanding_window_LOCO,stage5_ridge_m0_m1_m2_m3_v1,W_j_forecast_v2_unified,Historical OOS: train on pairs before 2025; compare to actual PISA 2025
COL,science,413.7309,407.3884,407.4559,411.1207,409.4959,432.5547,6.3425,6.3425,6.275,6.275,2.6102,2.6102,4.235,4.235,-18.8238,18.8238,2025,2000|2003|2006|2009|2012|2015|2018|2022,expanding_window_LOCO,stage5_ridge_m0_m1_m2_m3_v1,W_j_forecast_v2_unified,Historical OOS: train on pairs before 2025; compare to actual PISA 2025
CRI,science,423.9696,405.5923,405.6528,410.9866,404.9064,473.0033,18.3773,18.3773,18.3168,18.3168,12.983,12.983,19.0632,19.0632,-49.0337,49.0337,2025,2000|2003|2006|2009|2012|2015|2018|2022,expanding_window_LOCO,stage5_ridge_m0_m1_m2_m3_v1,W_j_forecast_v2_unified,Historical OOS: train on pairs before 2025; compare to actual PISA 2025
CZE,science,490.2783,497.1797,497.2261,497.742,497.7997,477.0002,-6.9014,6.9014,-6.9478,6.9478,-7.4637,7.4637,-7.5214,7.5214,13.2781,13.2781,2025,2000|2003|2006|2009|2012|2015|2018|2022,expanding_window_LOCO,stage5_ridge_m0_m1_m2_m3_v1,W_j_forecast_v2_unified,Historical OOS: train on pairs before 2025; compare to actual PISA 2025
DEU,science,485.5214,484.9544,485.0229,492.4267,493.2245,475.4786,0.567,0.567,0.4985,0.4985,-6.9053,6.9053,-7.7031,7.7031,10.0428,10.0428,2025,2000|2003|2006|2009|2012|2015|2018|2022,expanding_window_LOCO,stage5_ridge_m0_m1_m2_m3_v1,W_j_forecast_v2_unified,Historical OOS: train on pairs before 2025; compare to actual PISA 2025
DNK,science,477.541,489.6498,489.6647,493.8157,490.885,503.834,-12.1088,12.1088,-12.1237,12.1237,-16.2747,16.2747,-13.344,13.344,-26.293,26.293,2025,2000|2003|2006|2009|2012|2015|2018|2022,expanding_window_LOCO,stage5_ridge_m0_m1_m2_m3_v1,W_j_forecast_v2_unified,Historical OOS: train on pairs before 2025; compare to actual PISA 2025
DOM,science,360.8466,360.928,360.9967,360.4261,359.4848,448.9917,-0.0814,0.0814,-0.1501,0.1501,0.4205,0.4205,1.3618,1.3618,-88.1451,88.1451,2025,2000|2003|2006|2009|2012|2015|2018|2022,expanding_window_LOCO,stage5_ridge_m0_m1_m2_m3_v1,W_j_forecast_v2_unified,Historical OOS: train on pairs before 2025; compare to actual PISA 2025
ESP,science,477.1273,477.3835,477.4213,484.5336,483.2563,480.2793,-0.2562,0.2562,-0.294,0.294,-7.4063,7.4063,-6.129,6.129,-3.152,3.152,2025,2000|2003|2006|2009|2012|2015|2018|2022,expanding_window_LOCO,stage5_ridge_m0_m1_m2_m3_v1,W_j_forecast_v2_unified,Historical OOS: train on pairs before 2025; compare to actual PISA 2025
EST,science,527.1171,516.8449,516.9192,525.8118,521.3524,488.7845,10.2722,10.2722,10.1979,10.1979,1.3053,1.3053,5.7647,5.7647,38.3326,38.3326,2025,2000|2003|2006|2009|2012|2015|2018|2022,expanding_window_LOCO,stage5_ridge_m0_m1_m2_m3_v1,W_j_forecast_v2_unified,Historical OOS: train on pairs before 2025; compare to actual PISA 2025
FIN,science,504.3724,497.9838,498.1146,510.9589,507.6837,493.7702,6.3886,6.3886,6.2578,6.2578,-6.5865,6.5865,-3.3113,3.3113,10.6022,10.6022,2025,2000|2003|2006|2009|2012|2015|2018|2022,expanding_window_LOCO,stage5_ridge_m0_m1_m2_m3_v1,W_j_forecast_v2_unified,Historical OOS: train on pairs before 2025; compare to actual PISA 2025
FRA,science,483.4212,480.772,480.8295,487.2253,484.4427,481.824,2.6492,2.6492,2.5917,2.5917,-3.8041,3.8041,-1.0215,1.0215,1.5972,1.5972,2025,2000|2003|2006|2009|2012|2015|2018|2022,expanding_window_LOCO,stage5_ridge_m0_m1_m2_m3_v1,W_j_forecast_v2_unified,Historical OOS: train on pairs before 2025; compare to actual PISA 2025
GBR,science,511.3558,496.6666,496.7038,499.6702,496.7022,488.1232,14.6892,14.6892,14.652,14.652,11.6856,11.6856,14.6536,14.6536,23.2326,23.2326,2025,2000|2003|2006|2009|2012|2015|2018|2022,expanding_window_LOCO,stage5_ridge_m0_m1_m2_m3_v1,W_j_forecast_v2_unified,Historical OOS: train on pairs before 2025; compare to actual PISA 2025
GEO,science,422.1187,388.9576,388.9267,384.0675,384.6411,460.258,33.1611,33.1611,33.192,33.192,38.0512,38.0512,37.4776,37.4776,-38.1393,38.1393,2025,2000|2003|2006|2009|2012|2015|2018|2022,expanding_window_LOCO,stage5_ridge_m0_m1_m2_m3_v1,W_j_forecast_v2_unified,Historical OOS: train on pairs before 2025; compare to actual PISA 2025
GRC,science,434.2849,441.1008,441.1246,440.7861,440.4278,474.6508,-6.8159,6.8159,-6.8397,6.8397,-6.5012,6.5012,-6.1429,6.1429,-40.3659,40.3659,2025,2000|2003|2006|2009|2012|2015|2018|2022,expanding_window_LOCO,stage5_ridge_m0_m1_m2_m3_v1,W_j_forecast_v2_unified,Historical OOS: train on pairs before 2025; compare to actual PISA 2025
GTM,science,351.234,376.0877,376.1471,372.9628,377.0424,411.8443,-24.8537,24.8537,-24.9131,24.9131,-21.7288,21.7288,-25.8084,25.8084,-60.6103,60.6103,2025,2000|2003|2006|2009|2012|2015|2018|2022,expanding_window_LOCO,stage5_ridge_m0_m1_m2_m3_v1,W_j_forecast_v2_unified,Historical OOS: train on pairs before 2025; compare to actual PISA 2025
HKG,science,495.6267,521.9819,521.9213,520.4187,518.5112,460.4523,-26.3552,26.3552,-26.2946,26.2946,-24.792,24.792,-22.8845,22.8845,35.1744,35.1744,2025,2000|2003|2006|2009|2012|2015|2018|2022,expanding_window_LOCO,stage5_ridge_m0_m1_m2_m3_v1,W_j_forecast_v2_unified,Historical OOS: train on pairs before 2025; compare to actual PISA 2025
HRV,science,476.3009,475.6435,475.7063,482.6674,481.3149,474.7849,0.6574,0.6574,0.5946,0.5946,-6.3665,6.3665,-5.014,5.014,1.516,1.516,2025,2000|2003|2006|2009|2012|2015|2018|2022,expanding_window_LOCO,stage5_ridge_m0_m1_m2_m3_v1,W_j_forecast_v2_unified,Historical OOS: train on pairs before 2025; compare to actual PISA 2025
HUN,science,479.9118,479.3138,479.3687,485.8902,484.667,481.9535,0.598,0.598,0.5431,0.5431,-5.9784,5.9784,-4.7552,4.7552,-2.0417,2.0417,2025,2000|2003|2006|2009|2012|2015|2018|2022,expanding_window_LOCO,stage5_ridge_m0_m1_m2_m3_v1,W_j_forecast_v2_unified,Historical OOS: train on pairs before 2025; compare to actual PISA 2025
IDN,science,388.6738,380.7774,380.8422,382.8634,384.7852,409.8602,7.8964,7.8964,7.8316,7.8316,5.8104,5.8104,3.8886,3.8886,-21.1864,21.1864,2025,2000|2003|2006|2009|2012|2015|2018|2022,expanding_window_LOCO,stage5_ridge_m0_m1_m2_m3_v1,W_j_forecast_v2_unified,Historical OOS: train on pairs before 2025; compare to actual PISA 2025
IRL,science,499.5967,503.0773,503.0851,503.8455,500.8698,497.2158,-3.4806,3.4806,-3.4884,3.4884,-4.2488,4.2488,-1.2731,1.2731,2.3809,2.3809,2025,2000|2003|2006|2009|2012|2015|2018|2022,expanding_window_LOCO,stage5_ridge_m0_m1_m2_m3_v1,W_j_forecast_v2_unified,Historical OOS: train on pairs before 2025; compare to actual PISA 2025
ISL,science,441.3804,450.0298,449.9974,446.9671,448.1537,499.3016,-8.6494,8.6494,-8.617,8.617,-5.5867,5.5867,-6.7733,6.7733,-57.9212,57.9212,2025,2000|2003|2006|2009|2012|2015|2018|2022,expanding_window_LOCO,stage5_ridge_m0_m1_m2_m3_v1,W_j_forecast_v2_unified,Historical OOS: train on pairs before 2025; compare to actual PISA 2025
ISR,science,442.0088,465.6894,465.6811,464.7518,462.4091,494.7646,-23.6806,23.6806,-23.6723,23.6723,-22.743,22.743,-20.4003,20.4003,-52.7558,52.7558,2025,2000|2003|2006|2009|2012|2015|2018|2022,expanding_window_LOCO,stage5_ridge_m0_m1_m2_m3_v1,W_j_forecast_v2_unified,Historical OOS: train on pairs before 2025; compare to actual PISA 2025
ITA,science,482.9821,479.5853,479.5806,477.4634,478.2661,477.1806,3.3968,3.3968,3.4015,3.4015,5.5187,5.5187,4.716,4.716,5.8015,5.8015,2025,2000|2003|2006|2009|2012|2015|2018|2022,expanding_window_LOCO,stage5_ridge_m0_m1_m2_m3_v1,W_j_forecast_v2_unified,Historical OOS: train on pairs before 2025; compare to actual PISA 2025
JOR,science,406.9354,370.7353,370.8192,374.5271,372.7665,444.0523,36.2001,36.2001,36.1162,36.1162,32.4083,32.4083,34.1689,34.1689,-37.1169,37.1169,2025,2000|2003|2006|2009|2012|2015|2018|2022,expanding_window_LOCO,stage5_ridge_m0_m1_m2_m3_v1,W_j_forecast_v2_unified,Historical OOS: train on pairs before 2025; compare to actual PISA 2025
JPN,science,537.5862,526.7046,526.7734,546.6345,537.7739,481.5003,10.8816,10.8816,10.8128,10.8128,-9.0483,9.0483,-0.1877,0.1877,56.0859,56.0859,2025,2000|2003|2006|2009|2012|2015|2018|2022,expanding_window_LOCO,stage5_ridge_m0_m1_m2_m3_v1,W_j_forecast_v2_unified,Historical OOS: train on pairs before 2025; compare to actual PISA 2025
KAZ,science,419.5476,416.5784,416.6152,423.166,417.8608,464.5916,2.9692,2.9692,2.9324,2.9324,-3.6184,3.6184,1.6868,1.6868,-45.044,45.044,2025,2000|2003|2006|2009|2012|2015|2018|2022,expanding_window_LOCO,stage5_ridge_m0_m1_m2_m3_v1,W_j_forecast_v2_unified,Historical OOS: train on pairs before 2025; compare to actual PISA 2025
KHM,science,381.9351,350.9425,350.961,347.1042,348.6391,388.7937,30.9926,30.9926,30.9741,30.9741,34.8309,34.8309,33.296,33.296,-6.8586,6.8586,2025,2000|2003|2006|2009|2012|2015|2018|2022,expanding_window_LOCO,stage5_ridge_m0_m1_m2_m3_v1,W_j_forecast_v2_unified,Historical OOS: train on pairs before 2025; compare to actual PISA 2025
KOR,science,526.1053,519.7459,519.7498,527.8224,524.857,492.1931,6.3594,6.3594,6.3555,6.3555,-1.7171,1.7171,1.2483,1.2483,33.9122,33.9122,2025,2000|2003|2006|2009|2012|2015|2018|2022,expanding_window_LOCO,stage5_ridge_m0_m1_m2_m3_v1,W_j_forecast_v2_unified,Historical OOS: train on pairs before 2025; compare to actual PISA 2025
KSV,science,357.0148,363.6468,363.668,357.0241,360.964,465.9421,-6.632,6.632,-6.6532,6.6532,-0.0093,0.0093,-3.9492,3.9492,-108.9273,108.9273,2025,2000|2003|2006|2009|2012|2015|2018|2022,expanding_window_LOCO,stage5_ridge_m0_m1_m2_m3_v1,W_j_forecast_v2_unified,Historical OOS: train on pairs before 2025; compare to actual PISA 2025
LTU,science,487.739,479.1987,479.2406,484.4634,481.757,484.2336,8.5403,8.5403,8.4984,8.4984,3.2756,3.2756,5.982,5.982,3.5054,3.5054,2025,2000|2003|2006|2009|2012|2015|2018|2022,expanding_window_LOCO,stage5_ridge_m0_m1_m2_m3_v1,W_j_forecast_v2_unified,Historical OOS: train on pairs before 2025; compare to actual PISA 2025
LVA,science,468.3674,489.3586,489.4252,493.8428,491.6705,481.3754,-20.9912,20.9912,-21.0578,21.0578,-25.4754,25.4754,-23.3031,23.3031,-13.008,13.008,2025,2000|2003|2006|2009|2012|2015|2018|2022,expanding_window_LOCO,stage5_ridge_m0_m1_m2_m3_v1,W_j_forecast_v2_unified,Historical OOS: train on pairs before 2025; compare to actual PISA 2025
MAC,science,540.8139,536.3084,536.3122,543.0963,538.823,461.0535,4.5055,4.5055,4.5017,4.5017,-2.2824,2.2824,1.9909,1.9909,79.7604,79.7604,2025,2000|2003|2006|2009|2012|2015|2018|2022,expanding_window_LOCO,stage5_ridge_m0_m1_m2_m3_v1,W_j_forecast_v2_unified,Historical OOS: train on pairs before 2025; compare to actual PISA 2025
MAR,science,357.9798,371.2003,371.2062,365.3981,370.4306,399.283,-13.2205,13.2205,-13.2264,13.2264,-7.4183,7.4183,-12.4508,12.4508,-41.3032,41.3032,2025,2000|2003|2006|2009|2012|2015|2018|2022,expanding_window_LOCO,stage5_ridge_m0_m1_m2_m3_v1,W_j_forecast_v2_unified,Historical OOS: train on pairs before 2025; compare to actual PISA 2025
MDA,science,421.947,417.4743,417.4618,416.859,415.2633,457.6496,4.4727,4.4727,4.4852,4.4852,5.088,5.088,6.6837,6.6837,-35.7026,35.7026,2025,2000|2003|2006|2009|2012|2015|2018|2022,expanding_window_LOCO,stage5_ridge_m0_m1_m2_m3_v1,W_j_forecast_v2_unified,Historical OOS: train on pairs before 2025; compare to actual PISA 2025
MEX,science,413.5654,413.1707,413.1756,409.8866,410.7363,437.767,0.3947,0.3947,0.3898,0.3898,3.6788,3.6788,2.8291,2.8291,-24.2016,24.2016,2025,2000|2003|2006|2009|2012|2015|2018|2022,expanding_window_LOCO,stage5_ridge_m0_m1_m2_m3_v1,W_j_forecast_v2_unified,Historical OOS: train on pairs before 2025; compare to actual PISA 2025
MKD,science,378.4981,384.1114,384.1006,379.8751,382.8024,468.8743,-5.6133,5.6133,-5.6025,5.6025,-1.377,1.377,-4.3043,4.3043,-90.3762,90.3762,2025,2000|2003|2006|2009|2012|2015|2018|2022,expanding_window_LOCO,stage5_ridge_m0_m1_m2_m3_v1,W_j_forecast_v2_unified,Historical OOS: train on pairs before 2025; compare to actual PISA 2025
MLT,science,452.527,468.9691,469.005,465.5887,468.5506,482.7028,-16.4421,16.4421,-16.478,16.478,-13.0617,13.0617,-16.0236,16.0236,-30.1758,30.1758,2025,2000|2003|2006|2009|2012|2015|2018|2022,expanding_window_LOCO,stage5_ridge_m0_m1_m2_m3_v1,W_j_forecast_v2_unified,Historical OOS: train on pairs before 2025; compare to actual PISA 2025
MNE,science,435.1844,409.4885,409.4519,403.1302,406.1941,472.3106,25.6959,25.6959,25.7325,25.7325,32.0542,32.0542,28.9903,28.9903,-37.1262,37.1262,2025,2000|2003|2006|2009|2012|2015|2018|2022,expanding_window_LOCO,stage5_ridge_m0_m1_m2_m3_v1,W_j_forecast_v2_unified,Historical OOS: train on pairs before 2025; compare to actual PISA 2025
MNG,science,424.0337,409.1434,409.1259,412.3825,407.9267,448.0945,14.8903,14.8903,14.9078,14.9078,11.6512,11.6512,16.107,16.107,-24.0608,24.0608,2025,2000|2003|2006|2009|2012|2015|2018|2022,expanding_window_LOCO,stage5_ridge_m0_m1_m2_m3_v1,W_j_forecast_v2_unified,Historical OOS: train on pairs before 2025; compare to actual PISA 2025
MYS,science,419.2027,414.6549,414.7142,416.3061,415.7242,450.1387,4.5478,4.5478,4.4885,4.4885,2.8966,2.8966,3.4785,3.4785,-30.936,30.936,2025,2000|2003|2006|2009|2012|2015|2018|2022,expanding_window_LOCO,stage5_ridge_m0_m1_m2_m3_v1,W_j_forecast_v2_unified,Historical OOS: train on pairs before 2025; compare to actual PISA 2025
NLD,science,485.4514,482.824,482.8541,488.3168,486.838,493.539,2.6274,2.6274,2.5973,2.5973,-2.8654,2.8654,-1.3866,1.3866,-8.0876,8.0876,2025,2000|2003|2006|2009|2012|2015|2018|2022,expanding_window_LOCO,stage5_ridge_m0_m1_m2_m3_v1,W_j_forecast_v2_unified,Historical OOS: train on pairs before 2025; compare to actual PISA 2025
NOR,science,470.2123,475.549,475.5809,478.2265,478.0308,505.9338,-5.3367,5.3367,-5.3686,5.3686,-8.0142,8.0142,-7.8185,7.8185,-35.7215,35.7215,2025,2000|2003|2006|2009|2012|2015|2018|2022,expanding_window_LOCO,stage5_ridge_m0_m1_m2_m3_v1,W_j_forecast_v2_unified,Historical OOS: train on pairs before 2025; compare to actual PISA 2025
NZL,science,509.3979,500.9628,501.06,504.1293,503.057,491.948,8.4351,8.4351,8.3379,8.3379,5.2686,5.2686,6.3409,6.3409,17.4499,17.4499,2025,2000|2003|2006|2009|2012|2015|2018|2022,expanding_window_LOCO,stage5_ridge_m0_m1_m2_m3_v1,W_j_forecast_v2_unified,Historical OOS: train on pairs before 2025; compare to actual PISA 2025
PER,science,405.6005,407.9341,407.9476,407.7778,406.5966,428.4663,-2.3336,2.3336,-2.3471,2.3471,-2.1773,2.1773,-0.9961,0.9961,-22.8658,22.8658,2025,2000|2003|2006|2009|2012|2015|2018|2022,expanding_window_LOCO,stage5_ridge_m0_m1_m2_m3_v1,W_j_forecast_v2_unified,Historical OOS: train on pairs before 2025; compare to actual PISA 2025
PHL,science,373.3185,363.0394,363.0193,356.1673,356.9888,419.9379,10.2791,10.2791,10.2992,10.2992,17.1512,17.1512,16.3297,16.3297,-46.6194,46.6194,2025,2000|2003|2006|2009|2012|2015|2018|2022,expanding_window_LOCO,stage5_ridge_m0_m1_m2_m3_v1,W_j_forecast_v2_unified,Historical OOS: train on pairs before 2025; compare to actual PISA 2025
POL,science,495.067,497.7927,497.8386,499.1644,498.1661,476.954,-2.7257,2.7257,-2.7716,2.7716,-4.0974,4.0974,-3.0991,3.0991,18.113,18.113,2025,2000|2003|2006|2009|2012|2015|2018|2022,expanding_window_LOCO,stage5_ridge_m0_m1_m2_m3_v1,W_j_forecast_v2_unified,Historical OOS: train on pairs before 2025; compare to actual PISA 2025
PRT,science,481.716,481.4811,481.5214,484.3735,485.7361,471.344,0.2349,0.2349,0.1946,0.1946,-2.6575,2.6575,-4.0201,4.0201,10.372,10.372,2025,2000|2003|2006|2009|2012|2015|2018|2022,expanding_window_LOCO,stage5_ridge_m0_m1_m2_m3_v1,W_j_forecast_v2_unified,Historical OOS: train on pairs before 2025; compare to actual PISA 2025
PRY,science,355.2441,370.3514,370.4146,368.3278,369.5382,424.2391,-15.1073,15.1073,-15.1705,15.1705,-13.0837,13.0837,-14.2941,14.2941,-68.995,68.995,2025,2000|2003|2006|2009|2012|2015|2018|2022,expanding_window_LOCO,stage5_ridge_m0_m1_m2_m3_v1,W_j_forecast_v2_unified,Historical OOS: train on pairs before 2025; compare to actual PISA 2025
PSE,science,358.7395,368.9266,368.9374,368.8151,366.8294,439.6401,-10.1871,10.1871,-10.1979,10.1979,-10.0756,10.0756,-8.0899,8.0899,-80.9006,80.9006,2025,2000|2003|2006|2009|2012|2015|2018|2022,expanding_window_LOCO,stage5_ridge_m0_m1_m2_m3_v1,W_j_forecast_v2_unified,Historical OOS: train on pairs before 2025; compare to actual PISA 2025
QAT,science,434.3997,426.9043,426.9842,432.4025,427.6409,486.7866,7.4954,7.4954,7.4155,7.4155,1.9972,1.9972,6.7588,6.7588,-52.3869,52.3869,2025,2000|2003|2006|2009|2012|2015|2018|2022,expanding_window_LOCO,stage5_ridge_m0_m1_m2_m3_v1,W_j_forecast_v2_unified,Historical OOS: train on pairs before 2025; compare to actual PISA 2025
ROU,science,424.7091,431.3328,431.301,427.5111,428.0783,465.0679,-6.6237,6.6237,-6.5919,6.5919,-2.802,2.802,-3.3692,3.3692,-40.3588,40.3588,2025,2000|2003|2006|2009|2012|2015|2018|2022,expanding_window_LOCO,stage5_ridge_m0_m1_m2_m3_v1,W_j_forecast_v2_unified,Historical OOS: train on pairs before 2025; compare to actual PISA 2025
SAU,science,413.4301,392.9955,392.9917,390.3876,390.2643,468.421,20.4346,20.4346,20.4384,20.4384,23.0425,23.0425,23.1658,23.1658,-54.9909,54.9909,2025,2000|2003|2006|2009|2012|2015|2018|2022,expanding_window_LOCO,stage5_ridge_m0_m1_m2_m3_v1,W_j_forecast_v2_unified,Historical OOS: train on pairs before 2025; compare to actual PISA 2025
SGP,science,559.8506,553.435,553.4016,561.4333,552.5068,495.9856,6.4156,6.4156,6.449,6.449,-1.5827,1.5827,7.3438,7.3438,63.865,63.865,2025,2000|2003|2006|2009|2012|2015|2018|2022,expanding_window_LOCO,stage5_ridge_m0_m1_m2_m3_v1,W_j_forecast_v2_unified,Historical OOS: train on pairs before 2025; compare to actual PISA 2025
SLV,science,384.6732,373.2554,373.3406,373.1413,374.8111,417.4544,11.4178,11.4178,11.3326,11.3326,11.5319,11.5319,9.8621,9.8621,-32.7812,32.7812,2025,2000|2003|2006|2009|2012|2015|2018|2022,expanding_window_LOCO,stage5_ridge_m0_m1_m2_m3_v1,W_j_forecast_v2_unified,Historical OOS: train on pairs before 2025; compare to actual PISA 2025
SRB,science,428.9946,445.3944,445.411,447.4607,447.8601,472.4539,-16.3998,16.3998,-16.4164,16.4164,-18.4661,18.4661,-18.8655,18.8655,-43.4593,43.4593,2025,2000|2003|2006|2009|2012|2015|2018|2022,expanding_window_LOCO,stage5_ridge_m0_m1_m2_m3_v1,W_j_forecast_v2_unified,Historical OOS: train on pairs before 2025; compare to actual PISA 2025
SVK,science,474.8721,463.7482,463.7527,462.2695,462.6312,467.8013,11.1239,11.1239,11.1194,11.1194,12.6026,12.6026,12.2409,12.2409,7.0708,7.0708,2025,2000|2003|2006|2009|2012|2015|2018|2022,expanding_window_LOCO,stage5_ridge_m0_m1_m2_m3_v1,W_j_forecast_v2_unified,Historical OOS: train on pairs before 2025; compare to actual PISA 2025
SVN,science,483.722,489.1674,489.2795,499.9649,497.5056,492.2579,-5.4454,5.4454,-5.5575,5.5575,-16.2429,16.2429,-13.7836,13.7836,-8.5359,8.5359,2025,2000|2003|2006|2009|2012|2015|2018|2022,expanding_window_LOCO,stage5_ridge_m0_m1_m2_m3_v1,W_j_forecast_v2_unified,Historical OOS: train on pairs before 2025; compare to actual PISA 2025
SWE,science,485.1107,488.4287,488.4734,493.5493,491.5562,496.9198,-3.318,3.318,-3.3627,3.3627,-8.4386,8.4386,-6.4455,6.4455,-11.8091,11.8091,2025,2000|2003|2006|2009|2012|2015|2018|2022,expanding_window_LOCO,stage5_ridge_m0_m1_m2_m3_v1,W_j_forecast_v2_unified,Historical OOS: train on pairs before 2025; compare to actual PISA 2025
TAP,science,539.7017,526.9587,526.9291,537.3804,529.7283,473.2402,12.743,12.743,12.7726,12.7726,2.3213,2.3213,9.9734,9.9734,66.4615,66.4615,2025,2000|2003|2006|2009|2012|2015|2018|2022,expanding_window_LOCO,stage5_ridge_m0_m1_m2_m3_v1,W_j_forecast_v2_unified,Historical OOS: train on pairs before 2025; compare to actual PISA 2025
THA,science,432.2405,406.0029,406.084,409.2643,408.9657,424.882,26.2376,26.2376,26.1565,26.1565,22.9762,22.9762,23.2748,23.2748,7.3585,7.3585,2025,2000|2003|2006|2009|2012|2015|2018|2022,expanding_window_LOCO,stage5_ridge_m0_m1_m2_m3_v1,W_j_forecast_v2_unified,Historical OOS: train on pairs before 2025; compare to actual PISA 2025
TUR,science,494.2691,469.4623,469.547,475.9378,475.0266,426.9909,24.8068,24.8068,24.7221,24.7221,18.3313,18.3313,19.2425,19.2425,67.2782,67.2782,2025,2000|2003|2006|2009|2012|2015|2018|2022,expanding_window_LOCO,stage5_ridge_m0_m1_m2_m3_v1,W_j_forecast_v2_unified,Historical OOS: train on pairs before 2025; compare to actual PISA 2025
URY,science,444.5493,432.9863,433.0634,435.3848,436.9202,443.2938,11.563,11.563,11.4859,11.4859,9.1645,9.1645,7.6291,7.6291,1.2555,1.2555,2025,2000|2003|2006|2009|2012|2015|2018|2022,expanding_window_LOCO,stage5_ridge_m0_m1_m2_m3_v1,W_j_forecast_v2_unified,Historical OOS: train on pairs before 2025; compare to actual PISA 2025
USA,science,501.5832,494.6596,494.7697,499.4141,497.5292,484.414,6.9236,6.9236,6.8135,6.8135,2.1691,2.1691,4.054,4.054,17.1692,17.1692,2025,2000|2003|2006|2009|2012|2015|2018|2022,expanding_window_LOCO,stage5_ridge_m0_m1_m2_m3_v1,W_j_forecast_v2_unified,Historical OOS: train on pairs before 2025; compare to actual PISA 2025
UZB,science,437.597,357.0849,357.0505,354.8636,354.1987,449.9629,80.5121,80.5121,80.5465,80.5465,82.7334,82.7334,83.3983,83.3983,-12.3659,12.3659,2025,2000|2003|2006|2009|2012|2015|2018|2022,expanding_window_LOCO,stage5_ridge_m0_m1_m2_m3_v1,W_j_forecast_v2_unified,Historical OOS: train on pairs before 2025; compare to actual PISA 2025
VNM,science,457.4209,470.1642,470.1435,472.381,469.9174,422.2273,-12.7433,12.7433,-12.7226,12.7226,-14.9601,14.9601,-12.4965,12.4965,35.1936,35.1936,2025,2000|2003|2006|2009|2012|2015|2018|2022,expanding_window_LOCO,stage5_ridge_m0_m1_m2_m3_v1,W_j_forecast_v2_unified,Historical OOS: train on pairs before 2025; compare to actual PISA 2025
