program,cycle,domain,country_iso3,method,mean,se,ci_lo,ci_hi,T,U_bar,B,m_pv,n_total,n_analytic,n_replicates,source_indicator
PISA,2000,mathematics,ALB,PUBLISHED_WB,381.0,,,,,,,,,,,LO.PISA.MAT
PISA,2000,mathematics,ARG,PUBLISHED_WB,388.0,,,,,,,,,,,LO.PISA.MAT
PISA,2000,mathematics,AUS,PUBLISHED_WB,533.0,,,,,,,,,,,LO.PISA.MAT
PISA,2000,mathematics,AUT,PUBLISHED_WB,502.5,,,,,,,,,,,LO.PISA.MAT
PISA,2000,mathematics,BEL,PUBLISHED_WB,520.0,,,,,,,,,,,LO.PISA.MAT
PISA,2000,mathematics,BGR,PUBLISHED_WB,430.0,,,,,,,,,,,LO.PISA.MAT
PISA,2000,mathematics,BRA,PUBLISHED_WB,334.0,,,,,,,,,,,LO.PISA.MAT
PISA,2000,mathematics,CAN,PUBLISHED_WB,533.0,,,,,,,,,,,LO.PISA.MAT
PISA,2000,mathematics,CHE,PUBLISHED_WB,529.0,,,,,,,,,,,LO.PISA.MAT
PISA,2000,mathematics,CHL,PUBLISHED_WB,384.0,,,,,,,,,,,LO.PISA.MAT
PISA,2000,mathematics,CZE,PUBLISHED_WB,498.0,,,,,,,,,,,LO.PISA.MAT
PISA,2000,mathematics,DEU,PUBLISHED_WB,490.0,,,,,,,,,,,LO.PISA.MAT
PISA,2000,mathematics,DNK,PUBLISHED_WB,514.0,,,,,,,,,,,LO.PISA.MAT
PISA,2000,mathematics,ESP,PUBLISHED_WB,476.0,,,,,,,,,,,LO.PISA.MAT
PISA,2000,mathematics,FIN,PUBLISHED_WB,536.0,,,,,,,,,,,LO.PISA.MAT
PISA,2000,mathematics,FRA,PUBLISHED_WB,517.0,,,,,,,,,,,LO.PISA.MAT
PISA,2000,mathematics,GBR,PUBLISHED_WB,529.0,,,,,,,,,,,LO.PISA.MAT
PISA,2000,mathematics,GRC,PUBLISHED_WB,447.0,,,,,,,,,,,LO.PISA.MAT
PISA,2000,mathematics,HKG,PUBLISHED_WB,560.0,,,,,,,,,,,LO.PISA.MAT
PISA,2000,mathematics,HUN,PUBLISHED_WB,488.0,,,,,,,,,,,LO.PISA.MAT
PISA,2000,mathematics,IDN,PUBLISHED_WB,367.0,,,,,,,,,,,LO.PISA.MAT
PISA,2000,mathematics,IRL,PUBLISHED_WB,503.0,,,,,,,,,,,LO.PISA.MAT
PISA,2000,mathematics,ISL,PUBLISHED_WB,514.0,,,,,,,,,,,LO.PISA.MAT
PISA,2000,mathematics,ISR,PUBLISHED_WB,433.0,,,,,,,,,,,LO.PISA.MAT
PISA,2000,mathematics,ITA,PUBLISHED_WB,457.0,,,,,,,,,,,LO.PISA.MAT
PISA,2000,mathematics,JPN,PUBLISHED_WB,557.0,,,,,,,,,,,LO.PISA.MAT
PISA,2000,mathematics,KOR,PUBLISHED_WB,547.0,,,,,,,,,,,LO.PISA.MAT
PISA,2000,mathematics,LIE,PUBLISHED_WB,514.0,,,,,,,,,,,LO.PISA.MAT
PISA,2000,mathematics,LUX,PUBLISHED_WB,446.0,,,,,,,,,,,LO.PISA.MAT
PISA,2000,mathematics,LVA,PUBLISHED_WB,463.0,,,,,,,,,,,LO.PISA.MAT
PISA,2000,mathematics,MEX,PUBLISHED_WB,387.0,,,,,,,,,,,LO.PISA.MAT
PISA,2000,mathematics,MKD,PUBLISHED_WB,381.0,,,,,,,,,,,LO.PISA.MAT
PISA,2000,mathematics,NOR,PUBLISHED_WB,499.0,,,,,,,,,,,LO.PISA.MAT
PISA,2000,mathematics,NZL,PUBLISHED_WB,537.0,,,,,,,,,,,LO.PISA.MAT
PISA,2000,mathematics,PER,PUBLISHED_WB,292.0,,,,,,,,,,,LO.PISA.MAT
PISA,2000,mathematics,POL,PUBLISHED_WB,470.0,,,,,,,,,,,LO.PISA.MAT
PISA,2000,mathematics,PRT,PUBLISHED_WB,454.0,,,,,,,,,,,LO.PISA.MAT
PISA,2000,mathematics,ROU,PUBLISHED_WB,426.0,,,,,,,,,,,LO.PISA.MAT
PISA,2000,mathematics,RUS,PUBLISHED_WB,478.0,,,,,,,,,,,LO.PISA.MAT
PISA,2000,mathematics,SWE,PUBLISHED_WB,510.0,,,,,,,,,,,LO.PISA.MAT
PISA,2000,mathematics,THA,PUBLISHED_WB,432.0,,,,,,,,,,,LO.PISA.MAT
PISA,2000,mathematics,USA,PUBLISHED_WB,493.0,,,,,,,,,,,LO.PISA.MAT
PISA,2000,reading,ALB,PUBLISHED_WB,348.8495,,,,,,,,,,,LO.PISA.REA
PISA,2000,reading,ARG,PUBLISHED_WB,418.2507,,,,,,,,,,,LO.PISA.REA
PISA,2000,reading,AUS,PUBLISHED_WB,528.2785,,,,,,,,,,,LO.PISA.REA
PISA,2000,reading,AUT,PUBLISHED_WB,507.0,,,,,,,,,,,LO.PISA.REA
PISA,2000,reading,BEL,PUBLISHED_WB,507.1259,,,,,,,,,,,LO.PISA.REA
PISA,2000,reading,BGR,PUBLISHED_WB,430.4034,,,,,,,,,,,LO.PISA.REA
PISA,2000,reading,BRA,PUBLISHED_WB,396.0291,,,,,,,,,,,LO.PISA.REA
PISA,2000,reading,CAN,PUBLISHED_WB,534.3127,,,,,,,,,,,LO.PISA.REA
PISA,2000,reading,CHE,PUBLISHED_WB,494.3716,,,,,,,,,,,LO.PISA.REA
PISA,2000,reading,CHL,PUBLISHED_WB,409.5568,,,,,,,,,,,LO.PISA.REA
PISA,2000,reading,CZE,PUBLISHED_WB,491.577,,,,,,,,,,,LO.PISA.REA
PISA,2000,reading,DEU,PUBLISHED_WB,483.9908,,,,,,,,,,,LO.PISA.REA
PISA,2000,reading,DNK,PUBLISHED_WB,496.871,,,,,,,,,,,LO.PISA.REA
PISA,2000,reading,ESP,PUBLISHED_WB,492.553,,,,,,,,,,,LO.PISA.REA
PISA,2000,reading,FIN,PUBLISHED_WB,546.4691,,,,,,,,,,,LO.PISA.REA
PISA,2000,reading,FRA,PUBLISHED_WB,504.7424,,,,,,,,,,,LO.PISA.REA
PISA,2000,reading,GBR,PUBLISHED_WB,523.0,,,,,,,,,,,LO.PISA.REA
PISA,2000,reading,GRC,PUBLISHED_WB,473.7989,,,,,,,,,,,LO.PISA.REA
PISA,2000,reading,HKG,PUBLISHED_WB,525.4559,,,,,,,,,,,LO.PISA.REA
PISA,2000,reading,HUN,PUBLISHED_WB,479.9668,,,,,,,,,,,LO.PISA.REA
PISA,2000,reading,IDN,PUBLISHED_WB,370.6147,,,,,,,,,,,LO.PISA.REA
PISA,2000,reading,IRL,PUBLISHED_WB,526.6686,,,,,,,,,,,LO.PISA.REA
PISA,2000,reading,ISL,PUBLISHED_WB,506.9305,,,,,,,,,,,LO.PISA.REA
PISA,2000,reading,ISR,PUBLISHED_WB,452.1724,,,,,,,,,,,LO.PISA.REA
PISA,2000,reading,ITA,PUBLISHED_WB,487.4696,,,,,,,,,,,LO.PISA.REA
PISA,2000,reading,JPN,PUBLISHED_WB,522.2349,,,,,,,,,,,LO.PISA.REA
PISA,2000,reading,KOR,PUBLISHED_WB,524.7543,,,,,,,,,,,LO.PISA.REA
PISA,2000,reading,LIE,PUBLISHED_WB,482.5869,,,,,,,,,,,LO.PISA.REA
PISA,2000,reading,LUX,PUBLISHED_WB,441.0,,,,,,,,,,,LO.PISA.REA
PISA,2000,reading,LVA,PUBLISHED_WB,458.0711,,,,,,,,,,,LO.PISA.REA
PISA,2000,reading,MEX,PUBLISHED_WB,421.9606,,,,,,,,,,,LO.PISA.REA
PISA,2000,reading,MKD,PUBLISHED_WB,373.0,,,,,,,,,,,LO.PISA.REA
PISA,2000,reading,NOR,PUBLISHED_WB,505.281,,,,,,,,,,,LO.PISA.REA
PISA,2000,reading,NZL,PUBLISHED_WB,528.7997,,,,,,,,,,,LO.PISA.REA
PISA,2000,reading,PER,PUBLISHED_WB,327.0848,,,,,,,,,,,LO.PISA.REA
PISA,2000,reading,POL,PUBLISHED_WB,479.1217,,,,,,,,,,,LO.PISA.REA
PISA,2000,reading,PRT,PUBLISHED_WB,470.1546,,,,,,,,,,,LO.PISA.REA
PISA,2000,reading,ROU,PUBLISHED_WB,427.9315,,,,,,,,,,,LO.PISA.REA
PISA,2000,reading,RUS,PUBLISHED_WB,461.762,,,,,,,,,,,LO.PISA.REA
PISA,2000,reading,SWE,PUBLISHED_WB,516.3312,,,,,,,,,,,LO.PISA.REA
PISA,2000,reading,THA,PUBLISHED_WB,430.6839,,,,,,,,,,,LO.PISA.REA
PISA,2000,reading,USA,PUBLISHED_WB,504.4197,,,,,,,,,,,LO.PISA.REA
PISA,2000,science,ALB,PUBLISHED_WB,376.4532,,,,,,,,,,,LO.PISA.SCI
PISA,2000,science,ARG,PUBLISHED_WB,396.1668,,,,,,,,,,,LO.PISA.SCI
PISA,2000,science,AUS,PUBLISHED_WB,527.5021,,,,,,,,,,,LO.PISA.SCI
PISA,2000,science,AUT,PUBLISHED_WB,504.6969,,,,,,,,,,,LO.PISA.SCI
PISA,2000,science,BEL,PUBLISHED_WB,495.735,,,,,,,,,,,LO.PISA.SCI
PISA,2000,science,BGR,PUBLISHED_WB,448.2847,,,,,,,,,,,LO.PISA.SCI
PISA,2000,science,BRA,PUBLISHED_WB,375.1689,,,,,,,,,,,LO.PISA.SCI
PISA,2000,science,CAN,PUBLISHED_WB,529.3603,,,,,,,,,,,LO.PISA.SCI
PISA,2000,science,CHE,PUBLISHED_WB,495.6672,,,,,,,,,,,LO.PISA.SCI
PISA,2000,science,CHL,PUBLISHED_WB,414.8531,,,,,,,,,,,LO.PISA.SCI
PISA,2000,science,CZE,PUBLISHED_WB,511.4145,,,,,,,,,,,LO.PISA.SCI
PISA,2000,science,DEU,PUBLISHED_WB,487.1058,,,,,,,,,,,LO.PISA.SCI
PISA,2000,science,DNK,PUBLISHED_WB,481.0053,,,,,,,,,,,LO.PISA.SCI
PISA,2000,science,ESP,PUBLISHED_WB,490.939,,,,,,,,,,,LO.PISA.SCI
PISA,2000,science,FIN,PUBLISHED_WB,537.7413,,,,,,,,,,,LO.PISA.SCI
PISA,2000,science,FRA,PUBLISHED_WB,500.4863,,,,,,,,,,,LO.PISA.SCI
PISA,2000,science,GBR,PUBLISHED_WB,532.0,,,,,,,,,,,LO.PISA.SCI
PISA,2000,science,GRC,PUBLISHED_WB,460.5539,,,,,,,,,,,LO.PISA.SCI
PISA,2000,science,HKG,PUBLISHED_WB,540.8092,,,,,,,,,,,LO.PISA.SCI
PISA,2000,science,HUN,PUBLISHED_WB,496.0763,,,,,,,,,,,LO.PISA.SCI
PISA,2000,science,IDN,PUBLISHED_WB,393.3299,,,,,,,,,,,LO.PISA.SCI
PISA,2000,science,IRL,PUBLISHED_WB,513.3677,,,,,,,,,,,LO.PISA.SCI
PISA,2000,science,ISL,PUBLISHED_WB,495.9142,,,,,,,,,,,LO.PISA.SCI
PISA,2000,science,ISR,PUBLISHED_WB,434.1362,,,,,,,,,,,LO.PISA.SCI
PISA,2000,science,ITA,PUBLISHED_WB,477.6033,,,,,,,,,,,LO.PISA.SCI
PISA,2000,science,JPN,PUBLISHED_WB,550.4038,,,,,,,,,,,LO.PISA.SCI
PISA,2000,science,KOR,PUBLISHED_WB,552.1185,,,,,,,,,,,LO.PISA.SCI
PISA,2000,science,LIE,PUBLISHED_WB,476.0998,,,,,,,,,,,LO.PISA.SCI
PISA,2000,science,LUX,PUBLISHED_WB,443.0706,,,,,,,,,,,LO.PISA.SCI
PISA,2000,science,LVA,PUBLISHED_WB,460.0608,,,,,,,,,,,LO.PISA.SCI
PISA,2000,science,MEX,PUBLISHED_WB,421.5373,,,,,,,,,,,LO.PISA.SCI
PISA,2000,science,MKD,PUBLISHED_WB,400.7155,,,,,,,,,,,LO.PISA.SCI
PISA,2000,science,NOR,PUBLISHED_WB,500.339,,,,,,,,,,,LO.PISA.SCI
PISA,2000,science,NZL,PUBLISHED_WB,527.6867,,,,,,,,,,,LO.PISA.SCI
PISA,2000,science,PER,PUBLISHED_WB,333.341,,,,,,,,,,,LO.PISA.SCI
PISA,2000,science,POL,PUBLISHED_WB,483.1221,,,,,,,,,,,LO.PISA.SCI
PISA,2000,science,PRT,PUBLISHED_WB,458.9958,,,,,,,,,,,LO.PISA.SCI
PISA,2000,science,ROU,PUBLISHED_WB,441.0,,,,,,,,,,,LO.PISA.SCI
PISA,2000,science,RUS,PUBLISHED_WB,460.3139,,,,,,,,,,,LO.PISA.SCI
PISA,2000,science,SWE,PUBLISHED_WB,512.1283,,,,,,,,,,,LO.PISA.SCI
PISA,2000,science,THA,PUBLISHED_WB,436.3785,,,,,,,,,,,LO.PISA.SCI
PISA,2000,science,USA,PUBLISHED_WB,499.4602,,,,,,,,,,,LO.PISA.SCI
PISA,2003,mathematics,AUS,PUBLISHED_WB,524.266,,,,,,,,,,,LO.PISA.MAT
PISA,2003,mathematics,AUT,PUBLISHED_WB,505.611,,,,,,,,,,,LO.PISA.MAT
PISA,2003,mathematics,BEL,PUBLISHED_WB,529.2864,,,,,,,,,,,LO.PISA.MAT
PISA,2003,mathematics,BRA,PUBLISHED_WB,356.0158,,,,,,,,,,,LO.PISA.MAT
PISA,2003,mathematics,CAN,PUBLISHED_WB,532.4867,,,,,,,,,,,LO.PISA.MAT
PISA,2003,mathematics,CHE,PUBLISHED_WB,526.5531,,,,,,,,,,,LO.PISA.MAT
PISA,2003,mathematics,CZE,PUBLISHED_WB,516.455,,,,,,,,,,,LO.PISA.MAT
PISA,2003,mathematics,DEU,PUBLISHED_WB,502.9855,,,,,,,,,,,LO.PISA.MAT
PISA,2003,mathematics,DNK,PUBLISHED_WB,514.2877,,,,,,,,,,,LO.PISA.MAT
PISA,2003,mathematics,ESP,PUBLISHED_WB,485.1081,,,,,,,,,,,LO.PISA.MAT
PISA,2003,mathematics,FIN,PUBLISHED_WB,544.2892,,,,,,,,,,,LO.PISA.MAT
PISA,2003,mathematics,FRA,PUBLISHED_WB,510.7995,,,,,,,,,,,LO.PISA.MAT
PISA,2003,mathematics,GBR,PUBLISHED_WB,508.2581,,,,,,,,,,,LO.PISA.MAT
PISA,2003,mathematics,GRC,PUBLISHED_WB,444.9119,,,,,,,,,,,LO.PISA.MAT
PISA,2003,mathematics,HKG,PUBLISHED_WB,550.3832,,,,,,,,,,,LO.PISA.MAT
PISA,2003,mathematics,HUN,PUBLISHED_WB,490.0124,,,,,,,,,,,LO.PISA.MAT
PISA,2003,mathematics,IDN,PUBLISHED_WB,360.1588,,,,,,,,,,,LO.PISA.MAT
PISA,2003,mathematics,IRL,PUBLISHED_WB,502.8373,,,,,,,,,,,LO.PISA.MAT
PISA,2003,mathematics,ISL,PUBLISHED_WB,515.1087,,,,,,,,,,,LO.PISA.MAT
PISA,2003,mathematics,ITA,PUBLISHED_WB,465.6642,,,,,,,,,,,LO.PISA.MAT
PISA,2003,mathematics,JPN,PUBLISHED_WB,534.1365,,,,,,,,,,,LO.PISA.MAT
PISA,2003,mathematics,KOR,PUBLISHED_WB,542.2274,,,,,,,,,,,LO.PISA.MAT
PISA,2003,mathematics,LIE,PUBLISHED_WB,535.7954,,,,,,,,,,,LO.PISA.MAT
PISA,2003,mathematics,LUX,PUBLISHED_WB,493.2086,,,,,,,,,,,LO.PISA.MAT
PISA,2003,mathematics,LVA,PUBLISHED_WB,483.3749,,,,,,,,,,,LO.PISA.MAT
PISA,2003,mathematics,MAC,PUBLISHED_WB,527.2703,,,,,,,,,,,LO.PISA.MAT
PISA,2003,mathematics,MEX,PUBLISHED_WB,385.2183,,,,,,,,,,,LO.PISA.MAT
PISA,2003,mathematics,NLD,PUBLISHED_WB,537.8233,,,,,,,,,,,LO.PISA.MAT
PISA,2003,mathematics,NOR,PUBLISHED_WB,495.1854,,,,,,,,,,,LO.PISA.MAT
PISA,2003,mathematics,NZL,PUBLISHED_WB,523.4866,,,,,,,,,,,LO.PISA.MAT
PISA,2003,mathematics,POL,PUBLISHED_WB,490.2388,,,,,,,,,,,LO.PISA.MAT
PISA,2003,mathematics,PRT,PUBLISHED_WB,466.0167,,,,,,,,,,,LO.PISA.MAT
PISA,2003,mathematics,RUS,PUBLISHED_WB,468.4067,,,,,,,,,,,LO.PISA.MAT
PISA,2003,mathematics,SRB,PUBLISHED_WB,436.8713,,,,,,,,,,,LO.PISA.MAT
PISA,2003,mathematics,SVK,PUBLISHED_WB,498.1835,,,,,,,,,,,LO.PISA.MAT
PISA,2003,mathematics,SWE,PUBLISHED_WB,509.0464,,,,,,,,,,,LO.PISA.MAT
PISA,2003,mathematics,THA,PUBLISHED_WB,416.978,,,,,,,,,,,LO.PISA.MAT
PISA,2003,mathematics,TUN,PUBLISHED_WB,358.7332,,,,,,,,,,,LO.PISA.MAT
PISA,2003,mathematics,TUR,PUBLISHED_WB,423.4194,,,,,,,,,,,LO.PISA.MAT
PISA,2003,mathematics,URY,PUBLISHED_WB,422.1999,,,,,,,,,,,LO.PISA.MAT
PISA,2003,mathematics,USA,PUBLISHED_WB,482.885,,,,,,,,,,,LO.PISA.MAT
PISA,2003,reading,AUS,PUBLISHED_WB,525.427,,,,,,,,,,,LO.PISA.REA
PISA,2003,reading,AUT,PUBLISHED_WB,490.6932,,,,,,,,,,,LO.PISA.REA
PISA,2003,reading,BEL,PUBLISHED_WB,506.9873,,,,,,,,,,,LO.PISA.REA
PISA,2003,reading,BRA,PUBLISHED_WB,402.7963,,,,,,,,,,,LO.PISA.REA
PISA,2003,reading,CAN,PUBLISHED_WB,527.9136,,,,,,,,,,,LO.PISA.REA
PISA,2003,reading,CHE,PUBLISHED_WB,499.1214,,,,,,,,,,,LO.PISA.REA
PISA,2003,reading,CZE,PUBLISHED_WB,488.5423,,,,,,,,,,,LO.PISA.REA
PISA,2003,reading,DEU,PUBLISHED_WB,491.358,,,,,,,,,,,LO.PISA.REA
PISA,2003,reading,DNK,PUBLISHED_WB,492.3234,,,,,,,,,,,LO.PISA.REA
PISA,2003,reading,ESP,PUBLISHED_WB,480.538,,,,,,,,,,,LO.PISA.REA
PISA,2003,reading,FIN,PUBLISHED_WB,543.4625,,,,,,,,,,,LO.PISA.REA
PISA,2003,reading,FRA,PUBLISHED_WB,496.1888,,,,,,,,,,,LO.PISA.REA
PISA,2003,reading,GBR,PUBLISHED_WB,507.0127,,,,,,,,,,,LO.PISA.REA
PISA,2003,reading,GRC,PUBLISHED_WB,472.2669,,,,,,,,,,,LO.PISA.REA
PISA,2003,reading,HKG,PUBLISHED_WB,509.5352,,,,,,,,,,,LO.PISA.REA
PISA,2003,reading,HUN,PUBLISHED_WB,481.8697,,,,,,,,,,,LO.PISA.REA
PISA,2003,reading,IDN,PUBLISHED_WB,381.5904,,,,,,,,,,,LO.PISA.REA
PISA,2003,reading,IRL,PUBLISHED_WB,515.4801,,,,,,,,,,,LO.PISA.REA
PISA,2003,reading,ISL,PUBLISHED_WB,491.747,,,,,,,,,,,LO.PISA.REA
PISA,2003,reading,ITA,PUBLISHED_WB,475.6616,,,,,,,,,,,LO.PISA.REA
PISA,2003,reading,JPN,PUBLISHED_WB,498.1052,,,,,,,,,,,LO.PISA.REA
PISA,2003,reading,KOR,PUBLISHED_WB,534.0913,,,,,,,,,,,LO.PISA.REA
PISA,2003,reading,LIE,PUBLISHED_WB,525.075,,,,,,,,,,,LO.PISA.REA
PISA,2003,reading,LUX,PUBLISHED_WB,479.4226,,,,,,,,,,,LO.PISA.REA
PISA,2003,reading,LVA,PUBLISHED_WB,490.5625,,,,,,,,,,,LO.PISA.REA
PISA,2003,reading,MAC,PUBLISHED_WB,497.6401,,,,,,,,,,,LO.PISA.REA
PISA,2003,reading,MEX,PUBLISHED_WB,399.7219,,,,,,,,,,,LO.PISA.REA
PISA,2003,reading,NLD,PUBLISHED_WB,513.119,,,,,,,,,,,LO.PISA.REA
PISA,2003,reading,NOR,PUBLISHED_WB,499.7402,,,,,,,,,,,LO.PISA.REA
PISA,2003,reading,NZL,PUBLISHED_WB,521.5515,,,,,,,,,,,LO.PISA.REA
PISA,2003,reading,POL,PUBLISHED_WB,496.6053,,,,,,,,,,,LO.PISA.REA
PISA,2003,reading,PRT,PUBLISHED_WB,477.5686,,,,,,,,,,,LO.PISA.REA
PISA,2003,reading,RUS,PUBLISHED_WB,442.1968,,,,,,,,,,,LO.PISA.REA
PISA,2003,reading,SRB,PUBLISHED_WB,411.7374,,,,,,,,,,,LO.PISA.REA
PISA,2003,reading,SVK,PUBLISHED_WB,469.159,,,,,,,,,,,LO.PISA.REA
PISA,2003,reading,SWE,PUBLISHED_WB,514.2674,,,,,,,,,,,LO.PISA.REA
PISA,2003,reading,THA,PUBLISHED_WB,419.9148,,,,,,,,,,,LO.PISA.REA
PISA,2003,reading,TUN,PUBLISHED_WB,374.6224,,,,,,,,,,,LO.PISA.REA
PISA,2003,reading,TUR,PUBLISHED_WB,440.971,,,,,,,,,,,LO.PISA.REA
PISA,2003,reading,URY,PUBLISHED_WB,434.1498,,,,,,,,,,,LO.PISA.REA
PISA,2003,reading,USA,PUBLISHED_WB,495.1824,,,,,,,,,,,LO.PISA.REA
PISA,2003,science,AUS,PUBLISHED_WB,525.0545,,,,,,,,,,,LO.PISA.SCI
PISA,2003,science,AUT,PUBLISHED_WB,490.9846,,,,,,,,,,,LO.PISA.SCI
PISA,2003,science,BEL,PUBLISHED_WB,508.829,,,,,,,,,,,LO.PISA.SCI
PISA,2003,science,BRA,PUBLISHED_WB,389.6196,,,,,,,,,,,LO.PISA.SCI
PISA,2003,science,CAN,PUBLISHED_WB,518.7452,,,,,,,,,,,LO.PISA.SCI
PISA,2003,science,CHE,PUBLISHED_WB,512.9755,,,,,,,,,,,LO.PISA.SCI
PISA,2003,science,CZE,PUBLISHED_WB,523.2537,,,,,,,,,,,LO.PISA.SCI
PISA,2003,science,DEU,PUBLISHED_WB,502.3365,,,,,,,,,,,LO.PISA.SCI
PISA,2003,science,DNK,PUBLISHED_WB,475.2227,,,,,,,,,,,LO.PISA.SCI
PISA,2003,science,ESP,PUBLISHED_WB,487.0926,,,,,,,,,,,LO.PISA.SCI
PISA,2003,science,FIN,PUBLISHED_WB,548.225,,,,,,,,,,,LO.PISA.SCI
PISA,2003,science,FRA,PUBLISHED_WB,511.2255,,,,,,,,,,,LO.PISA.SCI
PISA,2003,science,GBR,PUBLISHED_WB,518.4034,,,,,,,,,,,LO.PISA.SCI
PISA,2003,science,GRC,PUBLISHED_WB,481.0223,,,,,,,,,,,LO.PISA.SCI
PISA,2003,science,HKG,PUBLISHED_WB,539.4975,,,,,,,,,,,LO.PISA.SCI
PISA,2003,science,HUN,PUBLISHED_WB,503.2789,,,,,,,,,,,LO.PISA.SCI
PISA,2003,science,IDN,PUBLISHED_WB,395.0424,,,,,,,,,,,LO.PISA.SCI
PISA,2003,science,IRL,PUBLISHED_WB,505.3908,,,,,,,,,,,LO.PISA.SCI
PISA,2003,science,ISL,PUBLISHED_WB,494.7452,,,,,,,,,,,LO.PISA.SCI
PISA,2003,science,ITA,PUBLISHED_WB,486.4542,,,,,,,,,,,LO.PISA.SCI
PISA,2003,science,JPN,PUBLISHED_WB,547.6382,,,,,,,,,,,LO.PISA.SCI
PISA,2003,science,KOR,PUBLISHED_WB,538.4251,,,,,,,,,,,LO.PISA.SCI
PISA,2003,science,LIE,PUBLISHED_WB,525.1754,,,,,,,,,,,LO.PISA.SCI
PISA,2003,science,LUX,PUBLISHED_WB,482.764,,,,,,,,,,,LO.PISA.SCI
PISA,2003,science,LVA,PUBLISHED_WB,489.1249,,,,,,,,,,,LO.PISA.SCI
PISA,2003,science,MAC,PUBLISHED_WB,524.6837,,,,,,,,,,,LO.PISA.SCI
PISA,2003,science,MEX,PUBLISHED_WB,404.8962,,,,,,,,,,,LO.PISA.SCI
PISA,2003,science,NLD,PUBLISHED_WB,524.3687,,,,,,,,,,,LO.PISA.SCI
PISA,2003,science,NOR,PUBLISHED_WB,484.1812,,,,,,,,,,,LO.PISA.SCI
PISA,2003,science,NZL,PUBLISHED_WB,520.9043,,,,,,,,,,,LO.PISA.SCI
PISA,2003,science,POL,PUBLISHED_WB,497.7801,,,,,,,,,,,LO.PISA.SCI
PISA,2003,science,PRT,PUBLISHED_WB,467.7351,,,,,,,,,,,LO.PISA.SCI
PISA,2003,science,RUS,PUBLISHED_WB,489.2861,,,,,,,,,,,LO.PISA.SCI
PISA,2003,science,SRB,PUBLISHED_WB,436.3737,,,,,,,,,,,LO.PISA.SCI
PISA,2003,science,SVK,PUBLISHED_WB,494.8584,,,,,,,,,,,LO.PISA.SCI
PISA,2003,science,SWE,PUBLISHED_WB,506.1241,,,,,,,,,,,LO.PISA.SCI
PISA,2003,science,THA,PUBLISHED_WB,429.0604,,,,,,,,,,,LO.PISA.SCI
PISA,2003,science,TUN,PUBLISHED_WB,384.6794,,,,,,,,,,,LO.PISA.SCI
PISA,2003,science,TUR,PUBLISHED_WB,434.2234,,,,,,,,,,,LO.PISA.SCI
PISA,2003,science,URY,PUBLISHED_WB,438.373,,,,,,,,,,,LO.PISA.SCI
PISA,2003,science,USA,PUBLISHED_WB,491.2635,,,,,,,,,,,LO.PISA.SCI
PISA,2006,mathematics,ARG,PUBLISHED_WB,381.2539,,,,,,,,,,,LO.PISA.MAT
PISA,2006,mathematics,AUS,PUBLISHED_WB,519.9077,,,,,,,,,,,LO.PISA.MAT
PISA,2006,mathematics,AUT,PUBLISHED_WB,505.4836,,,,,,,,,,,LO.PISA.MAT
PISA,2006,mathematics,AZE,PUBLISHED_WB,475.9952,,,,,,,,,,,LO.PISA.MAT
PISA,2006,mathematics,BEL,PUBLISHED_WB,520.349,,,,,,,,,,,LO.PISA.MAT
PISA,2006,mathematics,BGR,PUBLISHED_WB,413.4492,,,,,,,,,,,LO.PISA.MAT
PISA,2006,mathematics,BRA,PUBLISHED_WB,369.515,,,,,,,,,,,LO.PISA.MAT
PISA,2006,mathematics,CAN,PUBLISHED_WB,527.0072,,,,,,,,,,,LO.PISA.MAT
PISA,2006,mathematics,CHE,PUBLISHED_WB,529.6561,,,,,,,,,,,LO.PISA.MAT
PISA,2006,mathematics,CHL,PUBLISHED_WB,411.3503,,,,,,,,,,,LO.PISA.MAT
PISA,2006,mathematics,COL,PUBLISHED_WB,369.9785,,,,,,,,,,,LO.PISA.MAT
PISA,2006,mathematics,CZE,PUBLISHED_WB,509.8594,,,,,,,,,,,LO.PISA.MAT
PISA,2006,mathematics,DEU,PUBLISHED_WB,503.7909,,,,,,,,,,,LO.PISA.MAT
PISA,2006,mathematics,DNK,PUBLISHED_WB,513.026,,,,,,,,,,,LO.PISA.MAT
PISA,2006,mathematics,ESP,PUBLISHED_WB,479.9575,,,,,,,,,,,LO.PISA.MAT
PISA,2006,mathematics,EST,PUBLISHED_WB,514.5755,,,,,,,,,,,LO.PISA.MAT
PISA,2006,mathematics,FIN,PUBLISHED_WB,548.3584,,,,,,,,,,,LO.PISA.MAT
PISA,2006,mathematics,FRA,PUBLISHED_WB,495.5383,,,,,,,,,,,LO.PISA.MAT
PISA,2006,mathematics,GBR,PUBLISHED_WB,495.4442,,,,,,,,,,,LO.PISA.MAT
PISA,2006,mathematics,GRC,PUBLISHED_WB,459.202,,,,,,,,,,,LO.PISA.MAT
PISA,2006,mathematics,HKG,PUBLISHED_WB,547.4607,,,,,,,,,,,LO.PISA.MAT
PISA,2006,mathematics,HRV,PUBLISHED_WB,467.2467,,,,,,,,,,,LO.PISA.MAT
PISA,2006,mathematics,HUN,PUBLISHED_WB,490.9374,,,,,,,,,,,LO.PISA.MAT
PISA,2006,mathematics,IDN,PUBLISHED_WB,391.0068,,,,,,,,,,,LO.PISA.MAT
PISA,2006,mathematics,IRL,PUBLISHED_WB,501.4718,,,,,,,,,,,LO.PISA.MAT
PISA,2006,mathematics,ISL,PUBLISHED_WB,505.5448,,,,,,,,,,,LO.PISA.MAT
PISA,2006,mathematics,ISR,PUBLISHED_WB,441.8587,,,,,,,,,,,LO.PISA.MAT
PISA,2006,mathematics,ITA,PUBLISHED_WB,461.6887,,,,,,,,,,,LO.PISA.MAT
PISA,2006,mathematics,JOR,PUBLISHED_WB,384.0361,,,,,,,,,,,LO.PISA.MAT
PISA,2006,mathematics,JPN,PUBLISHED_WB,523.1025,,,,,,,,,,,LO.PISA.MAT
PISA,2006,mathematics,KGZ,PUBLISHED_WB,310.5838,,,,,,,,,,,LO.PISA.MAT
PISA,2006,mathematics,KOR,PUBLISHED_WB,547.4585,,,,,,,,,,,LO.PISA.MAT
PISA,2006,mathematics,LIE,PUBLISHED_WB,524.9674,,,,,,,,,,,LO.PISA.MAT
PISA,2006,mathematics,LTU,PUBLISHED_WB,486.4213,,,,,,,,,,,LO.PISA.MAT
PISA,2006,mathematics,LUX,PUBLISHED_WB,490.0018,,,,,,,,,,,LO.PISA.MAT
PISA,2006,mathematics,LVA,PUBLISHED_WB,486.1661,,,,,,,,,,,LO.PISA.MAT
PISA,2006,mathematics,MAC,PUBLISHED_WB,525.0025,,,,,,,,,,,LO.PISA.MAT
PISA,2006,mathematics,MEX,PUBLISHED_WB,405.6546,,,,,,,,,,,LO.PISA.MAT
PISA,2006,mathematics,MNE,PUBLISHED_WB,399.3077,,,,,,,,,,,LO.PISA.MAT
PISA,2006,mathematics,NLD,PUBLISHED_WB,530.654,,,,,,,,,,,LO.PISA.MAT
PISA,2006,mathematics,NOR,PUBLISHED_WB,489.8464,,,,,,,,,,,LO.PISA.MAT
PISA,2006,mathematics,NZL,PUBLISHED_WB,521.9888,,,,,,,,,,,LO.PISA.MAT
PISA,2006,mathematics,POL,PUBLISHED_WB,495.4285,,,,,,,,,,,LO.PISA.MAT
PISA,2006,mathematics,PRT,PUBLISHED_WB,466.161,,,,,,,,,,,LO.PISA.MAT
PISA,2006,mathematics,QAT,PUBLISHED_WB,317.9557,,,,,,,,,,,LO.PISA.MAT
PISA,2006,mathematics,ROU,PUBLISHED_WB,414.796,,,,,,,,,,,LO.PISA.MAT
PISA,2006,mathematics,RUS,PUBLISHED_WB,475.6791,,,,,,,,,,,LO.PISA.MAT
PISA,2006,mathematics,SRB,PUBLISHED_WB,435.3753,,,,,,,,,,,LO.PISA.MAT
PISA,2006,mathematics,SVK,PUBLISHED_WB,492.1062,,,,,,,,,,,LO.PISA.MAT
PISA,2006,mathematics,SVN,PUBLISHED_WB,504.456,,,,,,,,,,,LO.PISA.MAT
PISA,2006,mathematics,SWE,PUBLISHED_WB,502.3564,,,,,,,,,,,LO.PISA.MAT
PISA,2006,mathematics,THA,PUBLISHED_WB,417.0726,,,,,,,,,,,LO.PISA.MAT
PISA,2006,mathematics,TUN,PUBLISHED_WB,365.4794,,,,,,,,,,,LO.PISA.MAT
PISA,2006,mathematics,TUR,PUBLISHED_WB,423.9412,,,,,,,,,,,LO.PISA.MAT
PISA,2006,mathematics,URY,PUBLISHED_WB,426.799,,,,,,,,,,,LO.PISA.MAT
PISA,2006,mathematics,USA,PUBLISHED_WB,474.3522,,,,,,,,,,,LO.PISA.MAT
PISA,2006,reading,ARG,PUBLISHED_WB,373.7238,,,,,,,,,,,LO.PISA.REA
PISA,2006,reading,AUS,PUBLISHED_WB,512.8933,,,,,,,,,,,LO.PISA.REA
PISA,2006,reading,AUT,PUBLISHED_WB,490.194,,,,,,,,,,,LO.PISA.REA
PISA,2006,reading,AZE,PUBLISHED_WB,352.8919,,,,,,,,,,,LO.PISA.REA
PISA,2006,reading,BEL,PUBLISHED_WB,500.9006,,,,,,,,,,,LO.PISA.REA
PISA,2006,reading,BGR,PUBLISHED_WB,401.935,,,,,,,,,,,LO.PISA.REA
PISA,2006,reading,BRA,PUBLISHED_WB,392.8851,,,,,,,,,,,LO.PISA.REA
PISA,2006,reading,CAN,PUBLISHED_WB,527.0113,,,,,,,,,,,LO.PISA.REA
PISA,2006,reading,CHE,PUBLISHED_WB,499.2778,,,,,,,,,,,LO.PISA.REA
PISA,2006,reading,CHL,PUBLISHED_WB,442.0913,,,,,,,,,,,LO.PISA.REA
PISA,2006,reading,COL,PUBLISHED_WB,385.308,,,,,,,,,,,LO.PISA.REA
PISA,2006,reading,CZE,PUBLISHED_WB,482.7152,,,,,,,,,,,LO.PISA.REA
PISA,2006,reading,DEU,PUBLISHED_WB,494.9444,,,,,,,,,,,LO.PISA.REA
PISA,2006,reading,DNK,PUBLISHED_WB,494.483,,,,,,,,,,,LO.PISA.REA
PISA,2006,reading,ESP,PUBLISHED_WB,460.8301,,,,,,,,,,,LO.PISA.REA
PISA,2006,reading,EST,PUBLISHED_WB,500.7498,,,,,,,,,,,LO.PISA.REA
PISA,2006,reading,FIN,PUBLISHED_WB,546.8683,,,,,,,,,,,LO.PISA.REA
PISA,2006,reading,FRA,PUBLISHED_WB,487.7062,,,,,,,,,,,LO.PISA.REA
PISA,2006,reading,GBR,PUBLISHED_WB,495.0835,,,,,,,,,,,LO.PISA.REA
PISA,2006,reading,GRC,PUBLISHED_WB,459.7112,,,,,,,,,,,LO.PISA.REA
PISA,2006,reading,HKG,PUBLISHED_WB,536.0656,,,,,,,,,,,LO.PISA.REA
PISA,2006,reading,HRV,PUBLISHED_WB,477.3642,,,,,,,,,,,LO.PISA.REA
PISA,2006,reading,HUN,PUBLISHED_WB,482.3745,,,,,,,,,,,LO.PISA.REA
PISA,2006,reading,IDN,PUBLISHED_WB,392.9328,,,,,,,,,,,LO.PISA.REA
PISA,2006,reading,IRL,PUBLISHED_WB,517.3132,,,,,,,,,,,LO.PISA.REA
PISA,2006,reading,ISL,PUBLISHED_WB,484.4453,,,,,,,,,,,LO.PISA.REA
PISA,2006,reading,ISR,PUBLISHED_WB,438.6723,,,,,,,,,,,LO.PISA.REA
PISA,2006,reading,ITA,PUBLISHED_WB,468.5231,,,,,,,,,,,LO.PISA.REA
PISA,2006,reading,JOR,PUBLISHED_WB,400.5812,,,,,,,,,,,LO.PISA.REA
PISA,2006,reading,JPN,PUBLISHED_WB,497.9571,,,,,,,,,,,LO.PISA.REA
PISA,2006,reading,KGZ,PUBLISHED_WB,284.7066,,,,,,,,,,,LO.PISA.REA
PISA,2006,reading,KOR,PUBLISHED_WB,556.0219,,,,,,,,,,,LO.PISA.REA
PISA,2006,reading,LIE,PUBLISHED_WB,510.4378,,,,,,,,,,,LO.PISA.REA
PISA,2006,reading,LTU,PUBLISHED_WB,470.0708,,,,,,,,,,,LO.PISA.REA
PISA,2006,reading,LUX,PUBLISHED_WB,479.3665,,,,,,,,,,,LO.PISA.REA
PISA,2006,reading,LVA,PUBLISHED_WB,479.4918,,,,,,,,,,,LO.PISA.REA
PISA,2006,reading,MAC,PUBLISHED_WB,492.2878,,,,,,,,,,,LO.PISA.REA
PISA,2006,reading,MEX,PUBLISHED_WB,410.4965,,,,,,,,,,,LO.PISA.REA
PISA,2006,reading,MNE,PUBLISHED_WB,391.9754,,,,,,,,,,,LO.PISA.REA
PISA,2006,reading,NLD,PUBLISHED_WB,506.747,,,,,,,,,,,LO.PISA.REA
PISA,2006,reading,NOR,PUBLISHED_WB,484.2926,,,,,,,,,,,LO.PISA.REA
PISA,2006,reading,NZL,PUBLISHED_WB,521.0326,,,,,,,,,,,LO.PISA.REA
PISA,2006,reading,POL,PUBLISHED_WB,507.6395,,,,,,,,,,,LO.PISA.REA
PISA,2006,reading,PRT,PUBLISHED_WB,472.3043,,,,,,,,,,,LO.PISA.REA
PISA,2006,reading,QAT,PUBLISHED_WB,312.2135,,,,,,,,,,,LO.PISA.REA
PISA,2006,reading,ROU,PUBLISHED_WB,395.9317,,,,,,,,,,,LO.PISA.REA
PISA,2006,reading,RUS,PUBLISHED_WB,439.8557,,,,,,,,,,,LO.PISA.REA
PISA,2006,reading,SRB,PUBLISHED_WB,401.0275,,,,,,,,,,,LO.PISA.REA
PISA,2006,reading,SVK,PUBLISHED_WB,466.3498,,,,,,,,,,,LO.PISA.REA
PISA,2006,reading,SVN,PUBLISHED_WB,494.409,,,,,,,,,,,LO.PISA.REA
PISA,2006,reading,SWE,PUBLISHED_WB,507.3129,,,,,,,,,,,LO.PISA.REA
PISA,2006,reading,THA,PUBLISHED_WB,416.7518,,,,,,,,,,,LO.PISA.REA
PISA,2006,reading,TUN,PUBLISHED_WB,380.3368,,,,,,,,,,,LO.PISA.REA
PISA,2006,reading,TUR,PUBLISHED_WB,447.1411,,,,,,,,,,,LO.PISA.REA
PISA,2006,reading,URY,PUBLISHED_WB,412.5167,,,,,,,,,,,LO.PISA.REA
PISA,2006,science,ARG,PUBLISHED_WB,391.2439,,,,,,,,,,,LO.PISA.SCI
PISA,2006,science,AUS,PUBLISHED_WB,526.8796,,,,,,,,,,,LO.PISA.SCI
PISA,2006,science,AUT,PUBLISHED_WB,510.8372,,,,,,,,,,,LO.PISA.SCI
PISA,2006,science,AZE,PUBLISHED_WB,382.3339,,,,,,,,,,,LO.PISA.SCI
PISA,2006,science,BEL,PUBLISHED_WB,510.3635,,,,,,,,,,,LO.PISA.SCI
PISA,2006,science,BGR,PUBLISHED_WB,434.0798,,,,,,,,,,,LO.PISA.SCI
PISA,2006,science,BRA,PUBLISHED_WB,390.3316,,,,,,,,,,,LO.PISA.SCI
PISA,2006,science,CAN,PUBLISHED_WB,534.4698,,,,,,,,,,,LO.PISA.SCI
PISA,2006,science,CHE,PUBLISHED_WB,511.5239,,,,,,,,,,,LO.PISA.SCI
PISA,2006,science,CHL,PUBLISHED_WB,438.1774,,,,,,,,,,,LO.PISA.SCI
PISA,2006,science,COL,PUBLISHED_WB,388.0383,,,,,,,,,,,LO.PISA.SCI
PISA,2006,science,CZE,PUBLISHED_WB,512.8607,,,,,,,,,,,LO.PISA.SCI
PISA,2006,science,DEU,PUBLISHED_WB,515.6491,,,,,,,,,,,LO.PISA.SCI
PISA,2006,science,DNK,PUBLISHED_WB,495.8943,,,,,,,,,,,LO.PISA.SCI
PISA,2006,science,ESP,PUBLISHED_WB,488.4245,,,,,,,,,,,LO.PISA.SCI
PISA,2006,science,EST,PUBLISHED_WB,531.3918,,,,,,,,,,,LO.PISA.SCI
PISA,2006,science,FIN,PUBLISHED_WB,563.3228,,,,,,,,,,,LO.PISA.SCI
PISA,2006,science,FRA,PUBLISHED_WB,495.2198,,,,,,,,,,,LO.PISA.SCI
PISA,2006,science,GBR,PUBLISHED_WB,514.7735,,,,,,,,,,,LO.PISA.SCI
PISA,2006,science,GRC,PUBLISHED_WB,473.378,,,,,,,,,,,LO.PISA.SCI
PISA,2006,science,HKG,PUBLISHED_WB,542.2114,,,,,,,,,,,LO.PISA.SCI
PISA,2006,science,HRV,PUBLISHED_WB,493.2044,,,,,,,,,,,LO.PISA.SCI
PISA,2006,science,HUN,PUBLISHED_WB,503.9317,,,,,,,,,,,LO.PISA.SCI
PISA,2006,science,IDN,PUBLISHED_WB,393.481,,,,,,,,,,,LO.PISA.SCI
PISA,2006,science,IRL,PUBLISHED_WB,508.3289,,,,,,,,,,,LO.PISA.SCI
PISA,2006,science,ISL,PUBLISHED_WB,490.7938,,,,,,,,,,,LO.PISA.SCI
PISA,2006,science,ISR,PUBLISHED_WB,453.9037,,,,,,,,,,,LO.PISA.SCI
PISA,2006,science,ITA,PUBLISHED_WB,475.3972,,,,,,,,,,,LO.PISA.SCI
PISA,2006,science,JOR,PUBLISHED_WB,421.9718,,,,,,,,,,,LO.PISA.SCI
PISA,2006,science,JPN,PUBLISHED_WB,531.3885,,,,,,,,,,,LO.PISA.SCI
PISA,2006,science,KGZ,PUBLISHED_WB,322.0316,,,,,,,,,,,LO.PISA.SCI
PISA,2006,science,KOR,PUBLISHED_WB,522.1481,,,,,,,,,,,LO.PISA.SCI
PISA,2006,science,LIE,PUBLISHED_WB,522.161,,,,,,,,,,,LO.PISA.SCI
PISA,2006,science,LTU,PUBLISHED_WB,487.9567,,,,,,,,,,,LO.PISA.SCI
PISA,2006,science,LUX,PUBLISHED_WB,486.3244,,,,,,,,,,,LO.PISA.SCI
PISA,2006,science,LVA,PUBLISHED_WB,489.5438,,,,,,,,,,,LO.PISA.SCI
PISA,2006,science,MAC,PUBLISHED_WB,510.8397,,,,,,,,,,,LO.PISA.SCI
PISA,2006,science,MEX,PUBLISHED_WB,409.652,,,,,,,,,,,LO.PISA.SCI
PISA,2006,science,MNE,PUBLISHED_WB,411.7884,,,,,,,,,,,LO.PISA.SCI
PISA,2006,science,NLD,PUBLISHED_WB,524.8615,,,,,,,,,,,LO.PISA.SCI
PISA,2006,science,NOR,PUBLISHED_WB,486.528,,,,,,,,,,,LO.PISA.SCI
PISA,2006,science,NZL,PUBLISHED_WB,530.3844,,,,,,,,,,,LO.PISA.SCI
PISA,2006,science,POL,PUBLISHED_WB,497.8065,,,,,,,,,,,LO.PISA.SCI
PISA,2006,science,PRT,PUBLISHED_WB,474.3059,,,,,,,,,,,LO.PISA.SCI
PISA,2006,science,QAT,PUBLISHED_WB,349.3131,,,,,,,,,,,LO.PISA.SCI
PISA,2006,science,ROU,PUBLISHED_WB,418.3864,,,,,,,,,,,LO.PISA.SCI
PISA,2006,science,RUS,PUBLISHED_WB,479.4704,,,,,,,,,,,LO.PISA.SCI
PISA,2006,science,SRB,PUBLISHED_WB,435.6363,,,,,,,,,,,LO.PISA.SCI
PISA,2006,science,SVK,PUBLISHED_WB,488.4334,,,,,,,,,,,LO.PISA.SCI
PISA,2006,science,SVN,PUBLISHED_WB,518.8156,,,,,,,,,,,LO.PISA.SCI
PISA,2006,science,SWE,PUBLISHED_WB,503.334,,,,,,,,,,,LO.PISA.SCI
PISA,2006,science,THA,PUBLISHED_WB,421.0115,,,,,,,,,,,LO.PISA.SCI
PISA,2006,science,TUN,PUBLISHED_WB,385.5067,,,,,,,,,,,LO.PISA.SCI
PISA,2006,science,TUR,PUBLISHED_WB,423.8327,,,,,,,,,,,LO.PISA.SCI
PISA,2006,science,URY,PUBLISHED_WB,428.1339,,,,,,,,,,,LO.PISA.SCI
PISA,2006,science,USA,PUBLISHED_WB,488.9068,,,,,,,,,,,LO.PISA.SCI
PISA,2009,mathematics,ALB,PUBLISHED_WB,377.4611,,,,,,,,,,,LO.PISA.MAT
PISA,2009,mathematics,ARG,PUBLISHED_WB,388.0681,,,,,,,,,,,LO.PISA.MAT
PISA,2009,mathematics,AUS,PUBLISHED_WB,514.3405,,,,,,,,,,,LO.PISA.MAT
PISA,2009,mathematics,AUT,PUBLISHED_WB,495.9087,,,,,,,,,,,LO.PISA.MAT
PISA,2009,mathematics,AZE,PUBLISHED_WB,430.9753,,,,,,,,,,,LO.PISA.MAT
PISA,2009,mathematics,BEL,PUBLISHED_WB,515.2723,,,,,,,,,,,LO.PISA.MAT
PISA,2009,mathematics,BGR,PUBLISHED_WB,428.0661,,,,,,,,,,,LO.PISA.MAT
PISA,2009,mathematics,BRA,PUBLISHED_WB,385.8141,,,,,,,,,,,LO.PISA.MAT
PISA,2009,mathematics,CAN,PUBLISHED_WB,526.8052,,,,,,,,,,,LO.PISA.MAT
PISA,2009,mathematics,CHE,PUBLISHED_WB,533.9606,,,,,,,,,,,LO.PISA.MAT
PISA,2009,mathematics,CHL,PUBLISHED_WB,421.0605,,,,,,,,,,,LO.PISA.MAT
PISA,2009,mathematics,CHN,PUBLISHED_WB,600.0763,,,,,,,,,,,LO.PISA.MAT
PISA,2009,mathematics,COL,PUBLISHED_WB,380.8482,,,,,,,,,,,LO.PISA.MAT
PISA,2009,mathematics,CRI,PUBLISHED_WB,409.3854,,,,,,,,,,,LO.PISA.MAT
PISA,2009,mathematics,CZE,PUBLISHED_WB,492.8141,,,,,,,,,,,LO.PISA.MAT
PISA,2009,mathematics,DEU,PUBLISHED_WB,512.7776,,,,,,,,,,,LO.PISA.MAT
PISA,2009,mathematics,DNK,PUBLISHED_WB,503.2781,,,,,,,,,,,LO.PISA.MAT
PISA,2009,mathematics,ESP,PUBLISHED_WB,483.4931,,,,,,,,,,,LO.PISA.MAT
PISA,2009,mathematics,EST,PUBLISHED_WB,512.1042,,,,,,,,,,,LO.PISA.MAT
PISA,2009,mathematics,FIN,PUBLISHED_WB,540.5043,,,,,,,,,,,LO.PISA.MAT
PISA,2009,mathematics,FRA,PUBLISHED_WB,496.7823,,,,,,,,,,,LO.PISA.MAT
PISA,2009,mathematics,GBR,PUBLISHED_WB,492.4141,,,,,,,,,,,LO.PISA.MAT
PISA,2009,mathematics,GEO,PUBLISHED_WB,379.491,,,,,,,,,,,LO.PISA.MAT
PISA,2009,mathematics,GRC,PUBLISHED_WB,466.0964,,,,,,,,,,,LO.PISA.MAT
PISA,2009,mathematics,HKG,PUBLISHED_WB,554.5275,,,,,,,,,,,LO.PISA.MAT
PISA,2009,mathematics,HRV,PUBLISHED_WB,459.9389,,,,,,,,,,,LO.PISA.MAT
PISA,2009,mathematics,HUN,PUBLISHED_WB,490.17,,,,,,,,,,,LO.PISA.MAT
PISA,2009,mathematics,IDN,PUBLISHED_WB,371.3009,,,,,,,,,,,LO.PISA.MAT
PISA,2009,mathematics,IRL,PUBLISHED_WB,487.1364,,,,,,,,,,,LO.PISA.MAT
PISA,2009,mathematics,ISL,PUBLISHED_WB,506.6692,,,,,,,,,,,LO.PISA.MAT
PISA,2009,mathematics,ISR,PUBLISHED_WB,446.8638,,,,,,,,,,,LO.PISA.MAT
PISA,2009,mathematics,ITA,PUBLISHED_WB,482.9085,,,,,,,,,,,LO.PISA.MAT
PISA,2009,mathematics,JOR,PUBLISHED_WB,386.6638,,,,,,,,,,,LO.PISA.MAT
PISA,2009,mathematics,JPN,PUBLISHED_WB,528.9931,,,,,,,,,,,LO.PISA.MAT
PISA,2009,mathematics,KAZ,PUBLISHED_WB,404.8847,,,,,,,,,,,LO.PISA.MAT
PISA,2009,mathematics,KGZ,PUBLISHED_WB,331.1555,,,,,,,,,,,LO.PISA.MAT
PISA,2009,mathematics,KOR,PUBLISHED_WB,546.2285,,,,,,,,,,,LO.PISA.MAT
PISA,2009,mathematics,LIE,PUBLISHED_WB,536.0485,,,,,,,,,,,LO.PISA.MAT
PISA,2009,mathematics,LTU,PUBLISHED_WB,476.6023,,,,,,,,,,,LO.PISA.MAT
PISA,2009,mathematics,LUX,PUBLISHED_WB,489.0673,,,,,,,,,,,LO.PISA.MAT
PISA,2009,mathematics,LVA,PUBLISHED_WB,481.9538,,,,,,,,,,,LO.PISA.MAT
PISA,2009,mathematics,MAC,PUBLISHED_WB,525.283,,,,,,,,,,,LO.PISA.MAT
PISA,2009,mathematics,MDA,PUBLISHED_WB,397.4921,,,,,,,,,,,LO.PISA.MAT
PISA,2009,mathematics,MEX,PUBLISHED_WB,418.5091,,,,,,,,,,,LO.PISA.MAT
PISA,2009,mathematics,MLT,PUBLISHED_WB,462.8762,,,,,,,,,,,LO.PISA.MAT
PISA,2009,mathematics,MNE,PUBLISHED_WB,402.5154,,,,,,,,,,,LO.PISA.MAT
PISA,2009,mathematics,MUS,PUBLISHED_WB,419.9971,,,,,,,,,,,LO.PISA.MAT
PISA,2009,mathematics,MYS,PUBLISHED_WB,404.2581,,,,,,,,,,,LO.PISA.MAT
PISA,2009,mathematics,NLD,PUBLISHED_WB,525.8357,,,,,,,,,,,LO.PISA.MAT
PISA,2009,mathematics,NOR,PUBLISHED_WB,497.9557,,,,,,,,,,,LO.PISA.MAT
PISA,2009,mathematics,NZL,PUBLISHED_WB,519.3009,,,,,,,,,,,LO.PISA.MAT
PISA,2009,mathematics,PAN,PUBLISHED_WB,359.7482,,,,,,,,,,,LO.PISA.MAT
PISA,2009,mathematics,PER,PUBLISHED_WB,365.1073,,,,,,,,,,,LO.PISA.MAT
PISA,2009,mathematics,POL,PUBLISHED_WB,494.8029,,,,,,,,,,,LO.PISA.MAT
PISA,2009,mathematics,PRT,PUBLISHED_WB,486.8883,,,,,,,,,,,LO.PISA.MAT
PISA,2009,mathematics,QAT,PUBLISHED_WB,368.1125,,,,,,,,,,,LO.PISA.MAT
PISA,2009,mathematics,ROU,PUBLISHED_WB,427.0792,,,,,,,,,,,LO.PISA.MAT
PISA,2009,mathematics,RUS,PUBLISHED_WB,467.8122,,,,,,,,,,,LO.PISA.MAT
PISA,2009,mathematics,SGP,PUBLISHED_WB,562.0187,,,,,,,,,,,LO.PISA.MAT
PISA,2009,mathematics,SRB,PUBLISHED_WB,442.3819,,,,,,,,,,,LO.PISA.MAT
PISA,2009,mathematics,SVK,PUBLISHED_WB,496.6834,,,,,,,,,,,LO.PISA.MAT
PISA,2009,mathematics,SVN,PUBLISHED_WB,501.4724,,,,,,,,,,,LO.PISA.MAT
PISA,2009,mathematics,SWE,PUBLISHED_WB,494.2382,,,,,,,,,,,LO.PISA.MAT
PISA,2009,mathematics,THA,PUBLISHED_WB,418.5839,,,,,,,,,,,LO.PISA.MAT
PISA,2009,mathematics,TTO,PUBLISHED_WB,414.045,,,,,,,,,,,LO.PISA.MAT
PISA,2009,mathematics,TUN,PUBLISHED_WB,371.4835,,,,,,,,,,,LO.PISA.MAT
PISA,2009,mathematics,TUR,PUBLISHED_WB,445.4513,,,,,,,,,,,LO.PISA.MAT
PISA,2009,mathematics,URY,PUBLISHED_WB,426.7238,,,,,,,,,,,LO.PISA.MAT
PISA,2009,mathematics,USA,PUBLISHED_WB,487.3965,,,,,,,,,,,LO.PISA.MAT
PISA,2009,reading,ALB,PUBLISHED_WB,384.8166,,,,,,,,,,,LO.PISA.REA
PISA,2009,reading,ARE,PUBLISHED_WB,431.4161,,,,,,,,,,,LO.PISA.REA
PISA,2009,reading,ARG,PUBLISHED_WB,398.2609,,,,,,,,,,,LO.PISA.REA
PISA,2009,reading,AUS,PUBLISHED_WB,514.9007,,,,,,,,,,,LO.PISA.REA
PISA,2009,reading,AUT,PUBLISHED_WB,470.2836,,,,,,,,,,,LO.PISA.REA
PISA,2009,reading,AZE,PUBLISHED_WB,361.5153,,,,,,,,,,,LO.PISA.REA
PISA,2009,reading,BEL,PUBLISHED_WB,505.9458,,,,,,,,,,,LO.PISA.REA
PISA,2009,reading,BGR,PUBLISHED_WB,429.0811,,,,,,,,,,,LO.PISA.REA
PISA,2009,reading,BRA,PUBLISHED_WB,411.7549,,,,,,,,,,,LO.PISA.REA
PISA,2009,reading,CAN,PUBLISHED_WB,524.2418,,,,,,,,,,,LO.PISA.REA
PISA,2009,reading,CHE,PUBLISHED_WB,500.5002,,,,,,,,,,,LO.PISA.REA
PISA,2009,reading,CHL,PUBLISHED_WB,449.3696,,,,,,,,,,,LO.PISA.REA
PISA,2009,reading,CHN,PUBLISHED_WB,555.8281,,,,,,,,,,,LO.PISA.REA
PISA,2009,reading,COL,PUBLISHED_WB,413.1815,,,,,,,,,,,LO.PISA.REA
PISA,2009,reading,CRI,PUBLISHED_WB,442.5809,,,,,,,,,,,LO.PISA.REA
PISA,2009,reading,CZE,PUBLISHED_WB,478.1867,,,,,,,,,,,LO.PISA.REA
PISA,2009,reading,DEU,PUBLISHED_WB,497.3051,,,,,,,,,,,LO.PISA.REA
PISA,2009,reading,DNK,PUBLISHED_WB,494.9162,,,,,,,,,,,LO.PISA.REA
PISA,2009,reading,ESP,PUBLISHED_WB,481.0423,,,,,,,,,,,LO.PISA.REA
PISA,2009,reading,EST,PUBLISHED_WB,500.9619,,,,,,,,,,,LO.PISA.REA
PISA,2009,reading,FIN,PUBLISHED_WB,535.878,,,,,,,,,,,LO.PISA.REA
PISA,2009,reading,FRA,PUBLISHED_WB,495.6165,,,,,,,,,,,LO.PISA.REA
PISA,2009,reading,GBR,PUBLISHED_WB,494.182,,,,,,,,,,,LO.PISA.REA
PISA,2009,reading,GEO,PUBLISHED_WB,374.2599,,,,,,,,,,,LO.PISA.REA
PISA,2009,reading,GRC,PUBLISHED_WB,482.7762,,,,,,,,,,,LO.PISA.REA
PISA,2009,reading,HKG,PUBLISHED_WB,533.1513,,,,,,,,,,,LO.PISA.REA
PISA,2009,reading,HRV,PUBLISHED_WB,475.7489,,,,,,,,,,,LO.PISA.REA
PISA,2009,reading,HUN,PUBLISHED_WB,494.1788,,,,,,,,,,,LO.PISA.REA
PISA,2009,reading,IDN,PUBLISHED_WB,401.7052,,,,,,,,,,,LO.PISA.REA
PISA,2009,reading,IRL,PUBLISHED_WB,495.6391,,,,,,,,,,,LO.PISA.REA
PISA,2009,reading,ISL,PUBLISHED_WB,500.2833,,,,,,,,,,,LO.PISA.REA
PISA,2009,reading,ISR,PUBLISHED_WB,473.99,,,,,,,,,,,LO.PISA.REA
PISA,2009,reading,ITA,PUBLISHED_WB,486.0511,,,,,,,,,,,LO.PISA.REA
PISA,2009,reading,JOR,PUBLISHED_WB,405.0093,,,,,,,,,,,LO.PISA.REA
PISA,2009,reading,JPN,PUBLISHED_WB,519.8577,,,,,,,,,,,LO.PISA.REA
PISA,2009,reading,KAZ,PUBLISHED_WB,390.4101,,,,,,,,,,,LO.PISA.REA
PISA,2009,reading,KGZ,PUBLISHED_WB,314.0199,,,,,,,,,,,LO.PISA.REA
PISA,2009,reading,KOR,PUBLISHED_WB,539.2675,,,,,,,,,,,LO.PISA.REA
PISA,2009,reading,LIE,PUBLISHED_WB,499.3221,,,,,,,,,,,LO.PISA.REA
PISA,2009,reading,LTU,PUBLISHED_WB,468.4427,,,,,,,,,,,LO.PISA.REA
PISA,2009,reading,LUX,PUBLISHED_WB,472.1734,,,,,,,,,,,LO.PISA.REA
PISA,2009,reading,LVA,PUBLISHED_WB,483.9601,,,,,,,,,,,LO.PISA.REA
PISA,2009,reading,MAC,PUBLISHED_WB,486.6353,,,,,,,,,,,LO.PISA.REA
PISA,2009,reading,MDA,PUBLISHED_WB,388.0778,,,,,,,,,,,LO.PISA.REA
PISA,2009,reading,MEX,PUBLISHED_WB,425.2653,,,,,,,,,,,LO.PISA.REA
PISA,2009,reading,MLT,PUBLISHED_WB,442.0525,,,,,,,,,,,LO.PISA.REA
PISA,2009,reading,MNE,PUBLISHED_WB,407.5478,,,,,,,,,,,LO.PISA.REA
PISA,2009,reading,MUS,PUBLISHED_WB,406.5718,,,,,,,,,,,LO.PISA.REA
PISA,2009,reading,MYS,PUBLISHED_WB,413.812,,,,,,,,,,,LO.PISA.REA
PISA,2009,reading,NLD,PUBLISHED_WB,508.4037,,,,,,,,,,,LO.PISA.REA
PISA,2009,reading,NOR,PUBLISHED_WB,503.23,,,,,,,,,,,LO.PISA.REA
PISA,2009,reading,NZL,PUBLISHED_WB,520.88,,,,,,,,,,,LO.PISA.REA
PISA,2009,reading,PAN,PUBLISHED_WB,370.7273,,,,,,,,,,,LO.PISA.REA
PISA,2009,reading,PER,PUBLISHED_WB,369.6958,,,,,,,,,,,LO.PISA.REA
PISA,2009,reading,POL,PUBLISHED_WB,500.4785,,,,,,,,,,,LO.PISA.REA
PISA,2009,reading,PRT,PUBLISHED_WB,489.3349,,,,,,,,,,,LO.PISA.REA
PISA,2009,reading,QAT,PUBLISHED_WB,371.716,,,,,,,,,,,LO.PISA.REA
PISA,2009,reading,ROU,PUBLISHED_WB,424.4583,,,,,,,,,,,LO.PISA.REA
PISA,2009,reading,RUS,PUBLISHED_WB,459.3959,,,,,,,,,,,LO.PISA.REA
PISA,2009,reading,SGP,PUBLISHED_WB,525.8965,,,,,,,,,,,LO.PISA.REA
PISA,2009,reading,SRB,PUBLISHED_WB,442.0167,,,,,,,,,,,LO.PISA.REA
PISA,2009,reading,SVK,PUBLISHED_WB,477.4434,,,,,,,,,,,LO.PISA.REA
PISA,2009,reading,SVN,PUBLISHED_WB,483.082,,,,,,,,,,,LO.PISA.REA
PISA,2009,reading,SWE,PUBLISHED_WB,497.4494,,,,,,,,,,,LO.PISA.REA
PISA,2009,reading,THA,PUBLISHED_WB,421.3744,,,,,,,,,,,LO.PISA.REA
PISA,2009,reading,TTO,PUBLISHED_WB,416.4523,,,,,,,,,,,LO.PISA.REA
PISA,2009,reading,TUN,PUBLISHED_WB,403.6327,,,,,,,,,,,LO.PISA.REA
PISA,2009,reading,TUR,PUBLISHED_WB,464.1944,,,,,,,,,,,LO.PISA.REA
PISA,2009,reading,URY,PUBLISHED_WB,425.8134,,,,,,,,,,,LO.PISA.REA
PISA,2009,reading,USA,PUBLISHED_WB,499.8268,,,,,,,,,,,LO.PISA.REA
PISA,2009,science,ALB,PUBLISHED_WB,390.6957,,,,,,,,,,,LO.PISA.SCI
PISA,2009,science,ARE,PUBLISHED_WB,437.8064,,,,,,,,,,,LO.PISA.SCI
PISA,2009,science,ARG,PUBLISHED_WB,400.8385,,,,,,,,,,,LO.PISA.SCI
PISA,2009,science,AUS,PUBLISHED_WB,527.2705,,,,,,,,,,,LO.PISA.SCI
PISA,2009,science,AUT,PUBLISHED_WB,494.3277,,,,,,,,,,,LO.PISA.SCI
PISA,2009,science,AZE,PUBLISHED_WB,373.1836,,,,,,,,,,,LO.PISA.SCI
PISA,2009,science,BEL,PUBLISHED_WB,506.5755,,,,,,,,,,,LO.PISA.SCI
PISA,2009,science,BGR,PUBLISHED_WB,439.2941,,,,,,,,,,,LO.PISA.SCI
PISA,2009,science,BRA,PUBLISHED_WB,405.404,,,,,,,,,,,LO.PISA.SCI
PISA,2009,science,CAN,PUBLISHED_WB,528.705,,,,,,,,,,,LO.PISA.SCI
PISA,2009,science,CHE,PUBLISHED_WB,516.5675,,,,,,,,,,,LO.PISA.SCI
PISA,2009,science,CHL,PUBLISHED_WB,447.4674,,,,,,,,,,,LO.PISA.SCI
PISA,2009,science,CHN,PUBLISHED_WB,574.6174,,,,,,,,,,,LO.PISA.SCI
PISA,2009,science,COL,PUBLISHED_WB,401.7501,,,,,,,,,,,LO.PISA.SCI
PISA,2009,science,CRI,PUBLISHED_WB,430.4813,,,,,,,,,,,LO.PISA.SCI
PISA,2009,science,CZE,PUBLISHED_WB,500.4971,,,,,,,,,,,LO.PISA.SCI
PISA,2009,science,DEU,PUBLISHED_WB,520.4053,,,,,,,,,,,LO.PISA.SCI
PISA,2009,science,DNK,PUBLISHED_WB,499.337,,,,,,,,,,,LO.PISA.SCI
PISA,2009,science,ESP,PUBLISHED_WB,488.2546,,,,,,,,,,,LO.PISA.SCI
PISA,2009,science,EST,PUBLISHED_WB,527.8318,,,,,,,,,,,LO.PISA.SCI
PISA,2009,science,FIN,PUBLISHED_WB,554.0795,,,,,,,,,,,LO.PISA.SCI
PISA,2009,science,FRA,PUBLISHED_WB,498.2269,,,,,,,,,,,LO.PISA.SCI
PISA,2009,science,GBR,PUBLISHED_WB,513.7102,,,,,,,,,,,LO.PISA.SCI
PISA,2009,science,GEO,PUBLISHED_WB,372.6529,,,,,,,,,,,LO.PISA.SCI
PISA,2009,science,GRC,PUBLISHED_WB,470.1158,,,,,,,,,,,LO.PISA.SCI
PISA,2009,science,HKG,PUBLISHED_WB,549.0287,,,,,,,,,,,LO.PISA.SCI
PISA,2009,science,HRV,PUBLISHED_WB,486.3634,,,,,,,,,,,LO.PISA.SCI
PISA,2009,science,HUN,PUBLISHED_WB,502.6427,,,,,,,,,,,LO.PISA.SCI
PISA,2009,science,IDN,PUBLISHED_WB,382.5695,,,,,,,,,,,LO.PISA.SCI
PISA,2009,science,IRL,PUBLISHED_WB,507.9842,,,,,,,,,,,LO.PISA.SCI
PISA,2009,science,ISL,PUBLISHED_WB,495.5985,,,,,,,,,,,LO.PISA.SCI
PISA,2009,science,ISR,PUBLISHED_WB,454.851,,,,,,,,,,,LO.PISA.SCI
PISA,2009,science,ITA,PUBLISHED_WB,488.8314,,,,,,,,,,,LO.PISA.SCI
PISA,2009,science,JOR,PUBLISHED_WB,415.3878,,,,,,,,,,,LO.PISA.SCI
PISA,2009,science,JPN,PUBLISHED_WB,539.431,,,,,,,,,,,LO.PISA.SCI
PISA,2009,science,KAZ,PUBLISHED_WB,400.3761,,,,,,,,,,,LO.PISA.SCI
PISA,2009,science,KGZ,PUBLISHED_WB,329.5456,,,,,,,,,,,LO.PISA.SCI
PISA,2009,science,KOR,PUBLISHED_WB,537.9862,,,,,,,,,,,LO.PISA.SCI
PISA,2009,science,LIE,PUBLISHED_WB,519.9142,,,,,,,,,,,LO.PISA.SCI
PISA,2009,science,LTU,PUBLISHED_WB,491.4098,,,,,,,,,,,LO.PISA.SCI
PISA,2009,science,LUX,PUBLISHED_WB,483.9284,,,,,,,,,,,LO.PISA.SCI
PISA,2009,science,LVA,PUBLISHED_WB,493.8789,,,,,,,,,,,LO.PISA.SCI
PISA,2009,science,MAC,PUBLISHED_WB,511.0696,,,,,,,,,,,LO.PISA.SCI
PISA,2009,science,MDA,PUBLISHED_WB,412.771,,,,,,,,,,,LO.PISA.SCI
PISA,2009,science,MEX,PUBLISHED_WB,415.9087,,,,,,,,,,,LO.PISA.SCI
PISA,2009,science,MLT,PUBLISHED_WB,461.3394,,,,,,,,,,,LO.PISA.SCI
PISA,2009,science,MNE,PUBLISHED_WB,401.2775,,,,,,,,,,,LO.PISA.SCI
PISA,2009,science,MUS,PUBLISHED_WB,417.2037,,,,,,,,,,,LO.PISA.SCI
PISA,2009,science,MYS,PUBLISHED_WB,422.2316,,,,,,,,,,,LO.PISA.SCI
PISA,2009,science,NLD,PUBLISHED_WB,522.2181,,,,,,,,,,,LO.PISA.SCI
PISA,2009,science,NOR,PUBLISHED_WB,499.8757,,,,,,,,,,,LO.PISA.SCI
PISA,2009,science,NZL,PUBLISHED_WB,532.0069,,,,,,,,,,,LO.PISA.SCI
PISA,2009,science,PAN,PUBLISHED_WB,375.8956,,,,,,,,,,,LO.PISA.SCI
PISA,2009,science,PER,PUBLISHED_WB,369.3518,,,,,,,,,,,LO.PISA.SCI
PISA,2009,science,POL,PUBLISHED_WB,508.0683,,,,,,,,,,,LO.PISA.SCI
PISA,2009,science,PRT,PUBLISHED_WB,492.95,,,,,,,,,,,LO.PISA.SCI
PISA,2009,science,QAT,PUBLISHED_WB,379.4469,,,,,,,,,,,LO.PISA.SCI
PISA,2009,science,ROU,PUBLISHED_WB,428.1789,,,,,,,,,,,LO.PISA.SCI
PISA,2009,science,RUS,PUBLISHED_WB,478.2975,,,,,,,,,,,LO.PISA.SCI
PISA,2009,science,SGP,PUBLISHED_WB,541.6955,,,,,,,,,,,LO.PISA.SCI
PISA,2009,science,SRB,PUBLISHED_WB,442.7858,,,,,,,,,,,LO.PISA.SCI
PISA,2009,science,SVK,PUBLISHED_WB,490.2659,,,,,,,,,,,LO.PISA.SCI
PISA,2009,science,SVN,PUBLISHED_WB,511.7595,,,,,,,,,,,LO.PISA.SCI
PISA,2009,science,SWE,PUBLISHED_WB,495.1059,,,,,,,,,,,LO.PISA.SCI
PISA,2009,science,THA,PUBLISHED_WB,425.2963,,,,,,,,,,,LO.PISA.SCI
PISA,2009,science,TTO,PUBLISHED_WB,410.1956,,,,,,,,,,,LO.PISA.SCI
PISA,2009,science,TUN,PUBLISHED_WB,400.6615,,,,,,,,,,,LO.PISA.SCI
PISA,2009,science,TUR,PUBLISHED_WB,453.9097,,,,,,,,,,,LO.PISA.SCI
PISA,2009,science,URY,PUBLISHED_WB,427.2142,,,,,,,,,,,LO.PISA.SCI
PISA,2009,science,USA,PUBLISHED_WB,502.0023,,,,,,,,,,,LO.PISA.SCI
PISA,2012,mathematics,ALB,PUBLISHED_WB,394.3293,,,,,,,,,,,LO.PISA.MAT
PISA,2012,mathematics,ARG,PUBLISHED_WB,388.4317,,,,,,,,,,,LO.PISA.MAT
PISA,2012,mathematics,AUS,PUBLISHED_WB,504.1508,,,,,,,,,,,LO.PISA.MAT
PISA,2012,mathematics,AUT,PUBLISHED_WB,505.5407,,,,,,,,,,,LO.PISA.MAT
PISA,2012,mathematics,BEL,PUBLISHED_WB,514.5292,,,,,,,,,,,LO.PISA.MAT
PISA,2012,mathematics,BGR,PUBLISHED_WB,438.7383,,,,,,,,,,,LO.PISA.MAT
PISA,2012,mathematics,BRA,PUBLISHED_WB,391.4599,,,,,,,,,,,LO.PISA.MAT
PISA,2012,mathematics,CAN,PUBLISHED_WB,518.0704,,,,,,,,,,,LO.PISA.MAT
PISA,2012,mathematics,CHE,PUBLISHED_WB,530.931,,,,,,,,,,,LO.PISA.MAT
PISA,2012,mathematics,CHL,PUBLISHED_WB,422.6324,,,,,,,,,,,LO.PISA.MAT
PISA,2012,mathematics,CHN,PUBLISHED_WB,612.6755,,,,,,,,,,,LO.PISA.MAT
PISA,2012,mathematics,COL,PUBLISHED_WB,376.4886,,,,,,,,,,,LO.PISA.MAT
PISA,2012,mathematics,CRI,PUBLISHED_WB,406.9999,,,,,,,,,,,LO.PISA.MAT
PISA,2012,mathematics,CZE,PUBLISHED_WB,498.9579,,,,,,,,,,,LO.PISA.MAT
PISA,2012,mathematics,DEU,PUBLISHED_WB,513.5251,,,,,,,,,,,LO.PISA.MAT
PISA,2012,mathematics,DNK,PUBLISHED_WB,500.0268,,,,,,,,,,,LO.PISA.MAT
PISA,2012,mathematics,ESP,PUBLISHED_WB,484.3193,,,,,,,,,,,LO.PISA.MAT
PISA,2012,mathematics,EST,PUBLISHED_WB,520.5455,,,,,,,,,,,LO.PISA.MAT
PISA,2012,mathematics,FIN,PUBLISHED_WB,518.7503,,,,,,,,,,,LO.PISA.MAT
PISA,2012,mathematics,FRA,PUBLISHED_WB,494.9847,,,,,,,,,,,LO.PISA.MAT
PISA,2012,mathematics,GBR,PUBLISHED_WB,493.9342,,,,,,,,,,,LO.PISA.MAT
PISA,2012,mathematics,GRC,PUBLISHED_WB,452.9734,,,,,,,,,,,LO.PISA.MAT
PISA,2012,mathematics,HKG,PUBLISHED_WB,561.2411,,,,,,,,,,,LO.PISA.MAT
PISA,2012,mathematics,HRV,PUBLISHED_WB,471.1315,,,,,,,,,,,LO.PISA.MAT
PISA,2012,mathematics,HUN,PUBLISHED_WB,477.0445,,,,,,,,,,,LO.PISA.MAT
PISA,2012,mathematics,IDN,PUBLISHED_WB,375.1145,,,,,,,,,,,LO.PISA.MAT
PISA,2012,mathematics,IRL,PUBLISHED_WB,501.4975,,,,,,,,,,,LO.PISA.MAT
PISA,2012,mathematics,ISL,PUBLISHED_WB,492.7957,,,,,,,,,,,LO.PISA.MAT
PISA,2012,mathematics,ISR,PUBLISHED_WB,466.4814,,,,,,,,,,,LO.PISA.MAT
PISA,2012,mathematics,ITA,PUBLISHED_WB,485.3212,,,,,,,,,,,LO.PISA.MAT
PISA,2012,mathematics,JOR,PUBLISHED_WB,385.5956,,,,,,,,,,,LO.PISA.MAT
PISA,2012,mathematics,JPN,PUBLISHED_WB,536.4069,,,,,,,,,,,LO.PISA.MAT
PISA,2012,mathematics,KAZ,PUBLISHED_WB,431.7984,,,,,,,,,,,LO.PISA.MAT
PISA,2012,mathematics,KOR,PUBLISHED_WB,553.7667,,,,,,,,,,,LO.PISA.MAT
PISA,2012,mathematics,LIE,PUBLISHED_WB,534.9651,,,,,,,,,,,LO.PISA.MAT
PISA,2012,mathematics,LTU,PUBLISHED_WB,478.8233,,,,,,,,,,,LO.PISA.MAT
PISA,2012,mathematics,LUX,PUBLISHED_WB,489.8451,,,,,,,,,,,LO.PISA.MAT
PISA,2012,mathematics,LVA,PUBLISHED_WB,490.571,,,,,,,,,,,LO.PISA.MAT
PISA,2012,mathematics,MAC,PUBLISHED_WB,538.1345,,,,,,,,,,,LO.PISA.MAT
PISA,2012,mathematics,MEX,PUBLISHED_WB,413.2815,,,,,,,,,,,LO.PISA.MAT
PISA,2012,mathematics,MNE,PUBLISHED_WB,409.6266,,,,,,,,,,,LO.PISA.MAT
PISA,2012,mathematics,MYS,PUBLISHED_WB,420.513,,,,,,,,,,,LO.PISA.MAT
PISA,2012,mathematics,NLD,PUBLISHED_WB,522.9718,,,,,,,,,,,LO.PISA.MAT
PISA,2012,mathematics,NOR,PUBLISHED_WB,489.3731,,,,,,,,,,,LO.PISA.MAT
PISA,2012,mathematics,NZL,PUBLISHED_WB,499.7499,,,,,,,,,,,LO.PISA.MAT
PISA,2012,mathematics,PER,PUBLISHED_WB,368.1025,,,,,,,,,,,LO.PISA.MAT
PISA,2012,mathematics,POL,PUBLISHED_WB,517.5011,,,,,,,,,,,LO.PISA.MAT
PISA,2012,mathematics,PRT,PUBLISHED_WB,487.0632,,,,,,,,,,,LO.PISA.MAT
PISA,2012,mathematics,QAT,PUBLISHED_WB,376.4484,,,,,,,,,,,LO.PISA.MAT
PISA,2012,mathematics,ROU,PUBLISHED_WB,444.5542,,,,,,,,,,,LO.PISA.MAT
PISA,2012,mathematics,RUS,PUBLISHED_WB,482.1694,,,,,,,,,,,LO.PISA.MAT
PISA,2012,mathematics,SGP,PUBLISHED_WB,573.4683,,,,,,,,,,,LO.PISA.MAT
PISA,2012,mathematics,SRB,PUBLISHED_WB,448.8591,,,,,,,,,,,LO.PISA.MAT
PISA,2012,mathematics,SVK,PUBLISHED_WB,481.6447,,,,,,,,,,,LO.PISA.MAT
PISA,2012,mathematics,SVN,PUBLISHED_WB,501.1274,,,,,,,,,,,LO.PISA.MAT
PISA,2012,mathematics,SWE,PUBLISHED_WB,478.2606,,,,,,,,,,,LO.PISA.MAT
PISA,2012,mathematics,THA,PUBLISHED_WB,426.7375,,,,,,,,,,,LO.PISA.MAT
PISA,2012,mathematics,TUN,PUBLISHED_WB,387.8246,,,,,,,,,,,LO.PISA.MAT
PISA,2012,mathematics,TUR,PUBLISHED_WB,447.9844,,,,,,,,,,,LO.PISA.MAT
PISA,2012,mathematics,URY,PUBLISHED_WB,409.2916,,,,,,,,,,,LO.PISA.MAT
PISA,2012,mathematics,USA,PUBLISHED_WB,481.3668,,,,,,,,,,,LO.PISA.MAT
PISA,2012,mathematics,VNM,PUBLISHED_WB,511.3382,,,,,,,,,,,LO.PISA.MAT
PISA,2012,reading,ALB,PUBLISHED_WB,393.9643,,,,,,,,,,,LO.PISA.REA
PISA,2012,reading,ARE,PUBLISHED_WB,441.7037,,,,,,,,,,,LO.PISA.REA
PISA,2012,reading,ARG,PUBLISHED_WB,395.9791,,,,,,,,,,,LO.PISA.REA
PISA,2012,reading,AUS,PUBLISHED_WB,511.804,,,,,,,,,,,LO.PISA.REA
PISA,2012,reading,AUT,PUBLISHED_WB,489.6093,,,,,,,,,,,LO.PISA.REA
PISA,2012,reading,BEL,PUBLISHED_WB,508.6179,,,,,,,,,,,LO.PISA.REA
PISA,2012,reading,BGR,PUBLISHED_WB,436.1257,,,,,,,,,,,LO.PISA.REA
PISA,2012,reading,BRA,PUBLISHED_WB,410.1218,,,,,,,,,,,LO.PISA.REA
PISA,2012,reading,CAN,PUBLISHED_WB,523.1167,,,,,,,,,,,LO.PISA.REA
PISA,2012,reading,CHE,PUBLISHED_WB,509.0402,,,,,,,,,,,LO.PISA.REA
PISA,2012,reading,CHL,PUBLISHED_WB,441.3982,,,,,,,,,,,LO.PISA.REA
PISA,2012,reading,CHN,PUBLISHED_WB,569.5884,,,,,,,,,,,LO.PISA.REA
PISA,2012,reading,COL,PUBLISHED_WB,403.4025,,,,,,,,,,,LO.PISA.REA
PISA,2012,reading,CRI,PUBLISHED_WB,440.5478,,,,,,,,,,,LO.PISA.REA
PISA,2012,reading,CYP,PUBLISHED_WB,448.953,,,,,,,,,,,LO.PISA.REA
PISA,2012,reading,CZE,PUBLISHED_WB,492.8897,,,,,,,,,,,LO.PISA.REA
PISA,2012,reading,DEU,PUBLISHED_WB,507.6765,,,,,,,,,,,LO.PISA.REA
PISA,2012,reading,DNK,PUBLISHED_WB,496.1309,,,,,,,,,,,LO.PISA.REA
PISA,2012,reading,ESP,PUBLISHED_WB,487.9392,,,,,,,,,,,LO.PISA.REA
PISA,2012,reading,EST,PUBLISHED_WB,516.2942,,,,,,,,,,,LO.PISA.REA
PISA,2012,reading,FIN,PUBLISHED_WB,524.0217,,,,,,,,,,,LO.PISA.REA
PISA,2012,reading,FRA,PUBLISHED_WB,505.4815,,,,,,,,,,,LO.PISA.REA
PISA,2012,reading,GBR,PUBLISHED_WB,499.3231,,,,,,,,,,,LO.PISA.REA
PISA,2012,reading,GRC,PUBLISHED_WB,477.1972,,,,,,,,,,,LO.PISA.REA
PISA,2012,reading,HKG,PUBLISHED_WB,544.6001,,,,,,,,,,,LO.PISA.REA
PISA,2012,reading,HRV,PUBLISHED_WB,484.565,,,,,,,,,,,LO.PISA.REA
PISA,2012,reading,HUN,PUBLISHED_WB,488.4613,,,,,,,,,,,LO.PISA.REA
PISA,2012,reading,IDN,PUBLISHED_WB,396.1201,,,,,,,,,,,LO.PISA.REA
PISA,2012,reading,IRL,PUBLISHED_WB,523.1732,,,,,,,,,,,LO.PISA.REA
PISA,2012,reading,ISL,PUBLISHED_WB,482.5224,,,,,,,,,,,LO.PISA.REA
PISA,2012,reading,ISR,PUBLISHED_WB,485.8032,,,,,,,,,,,LO.PISA.REA
PISA,2012,reading,ITA,PUBLISHED_WB,489.7544,,,,,,,,,,,LO.PISA.REA
PISA,2012,reading,JOR,PUBLISHED_WB,399.0347,,,,,,,,,,,LO.PISA.REA
PISA,2012,reading,JPN,PUBLISHED_WB,538.0515,,,,,,,,,,,LO.PISA.REA
PISA,2012,reading,KAZ,PUBLISHED_WB,392.7362,,,,,,,,,,,LO.PISA.REA
PISA,2012,reading,KOR,PUBLISHED_WB,535.7905,,,,,,,,,,,LO.PISA.REA
PISA,2012,reading,LIE,PUBLISHED_WB,515.5217,,,,,,,,,,,LO.PISA.REA
PISA,2012,reading,LTU,PUBLISHED_WB,477.3066,,,,,,,,,,,LO.PISA.REA
PISA,2012,reading,LUX,PUBLISHED_WB,487.807,,,,,,,,,,,LO.PISA.REA
PISA,2012,reading,LVA,PUBLISHED_WB,488.6944,,,,,,,,,,,LO.PISA.REA
PISA,2012,reading,MAC,PUBLISHED_WB,508.9493,,,,,,,,,,,LO.PISA.REA
PISA,2012,reading,MEX,PUBLISHED_WB,423.5538,,,,,,,,,,,LO.PISA.REA
PISA,2012,reading,MNE,PUBLISHED_WB,422.1114,,,,,,,,,,,LO.PISA.REA
PISA,2012,reading,MYS,PUBLISHED_WB,398.1961,,,,,,,,,,,LO.PISA.REA
PISA,2012,reading,NLD,PUBLISHED_WB,511.23,,,,,,,,,,,LO.PISA.REA
PISA,2012,reading,NOR,PUBLISHED_WB,503.9367,,,,,,,,,,,LO.PISA.REA
PISA,2012,reading,NZL,PUBLISHED_WB,512.1868,,,,,,,,,,,LO.PISA.REA
PISA,2012,reading,PER,PUBLISHED_WB,384.1512,,,,,,,,,,,LO.PISA.REA
PISA,2012,reading,POL,PUBLISHED_WB,518.1869,,,,,,,,,,,LO.PISA.REA
PISA,2012,reading,PRT,PUBLISHED_WB,487.7577,,,,,,,,,,,LO.PISA.REA
PISA,2012,reading,QAT,PUBLISHED_WB,387.5041,,,,,,,,,,,LO.PISA.REA
PISA,2012,reading,ROU,PUBLISHED_WB,437.5995,,,,,,,,,,,LO.PISA.REA
PISA,2012,reading,RUS,PUBLISHED_WB,475.1494,,,,,,,,,,,LO.PISA.REA
PISA,2012,reading,SGP,PUBLISHED_WB,542.2158,,,,,,,,,,,LO.PISA.REA
PISA,2012,reading,SRB,PUBLISHED_WB,446.1302,,,,,,,,,,,LO.PISA.REA
PISA,2012,reading,SVK,PUBLISHED_WB,462.767,,,,,,,,,,,LO.PISA.REA
PISA,2012,reading,SVN,PUBLISHED_WB,481.3163,,,,,,,,,,,LO.PISA.REA
PISA,2012,reading,SWE,PUBLISHED_WB,483.335,,,,,,,,,,,LO.PISA.REA
PISA,2012,reading,THA,PUBLISHED_WB,441.2199,,,,,,,,,,,LO.PISA.REA
PISA,2012,reading,TUN,PUBLISHED_WB,404.0785,,,,,,,,,,,LO.PISA.REA
PISA,2012,reading,TUR,PUBLISHED_WB,475.4915,,,,,,,,,,,LO.PISA.REA
PISA,2012,reading,URY,PUBLISHED_WB,411.3489,,,,,,,,,,,LO.PISA.REA
PISA,2012,reading,USA,PUBLISHED_WB,497.5817,,,,,,,,,,,LO.PISA.REA
PISA,2012,reading,VNM,PUBLISHED_WB,508.219,,,,,,,,,,,LO.PISA.REA
PISA,2012,science,ALB,PUBLISHED_WB,397.3732,,,,,,,,,,,LO.PISA.SCI
PISA,2012,science,ARE,PUBLISHED_WB,448.3703,,,,,,,,,,,LO.PISA.SCI
PISA,2012,science,ARG,PUBLISHED_WB,405.632,,,,,,,,,,,LO.PISA.SCI
PISA,2012,science,AUS,PUBLISHED_WB,521.4947,,,,,,,,,,,LO.PISA.SCI
PISA,2012,science,AUT,PUBLISHED_WB,505.7812,,,,,,,,,,,LO.PISA.SCI
PISA,2012,science,BEL,PUBLISHED_WB,504.8677,,,,,,,,,,,LO.PISA.SCI
PISA,2012,science,BGR,PUBLISHED_WB,446.4687,,,,,,,,,,,LO.PISA.SCI
PISA,2012,science,BRA,PUBLISHED_WB,404.7105,,,,,,,,,,,LO.PISA.SCI
PISA,2012,science,CAN,PUBLISHED_WB,525.461,,,,,,,,,,,LO.PISA.SCI
PISA,2012,science,CHE,PUBLISHED_WB,515.2975,,,,,,,,,,,LO.PISA.SCI
PISA,2012,science,CHL,PUBLISHED_WB,444.9339,,,,,,,,,,,LO.PISA.SCI
PISA,2012,science,CHN,PUBLISHED_WB,580.1178,,,,,,,,,,,LO.PISA.SCI
PISA,2012,science,COL,PUBLISHED_WB,398.6786,,,,,,,,,,,LO.PISA.SCI
PISA,2012,science,CRI,PUBLISHED_WB,429.351,,,,,,,,,,,LO.PISA.SCI
PISA,2012,science,CYP,PUBLISHED_WB,437.6765,,,,,,,,,,,LO.PISA.SCI
PISA,2012,science,CZE,PUBLISHED_WB,508.2991,,,,,,,,,,,LO.PISA.SCI
PISA,2012,science,DEU,PUBLISHED_WB,524.1208,,,,,,,,,,,LO.PISA.SCI
PISA,2012,science,DNK,PUBLISHED_WB,498.4742,,,,,,,,,,,LO.PISA.SCI
PISA,2012,science,ESP,PUBLISHED_WB,496.4458,,,,,,,,,,,LO.PISA.SCI
PISA,2012,science,EST,PUBLISHED_WB,541.4048,,,,,,,,,,,LO.PISA.SCI
PISA,2012,science,FIN,PUBLISHED_WB,545.4419,,,,,,,,,,,LO.PISA.SCI
PISA,2012,science,FRA,PUBLISHED_WB,498.9709,,,,,,,,,,,LO.PISA.SCI
PISA,2012,science,GBR,PUBLISHED_WB,514.1293,,,,,,,,,,,LO.PISA.SCI
PISA,2012,science,GRC,PUBLISHED_WB,466.722,,,,,,,,,,,LO.PISA.SCI
PISA,2012,science,HKG,PUBLISHED_WB,554.9374,,,,,,,,,,,LO.PISA.SCI
PISA,2012,science,HRV,PUBLISHED_WB,491.3566,,,,,,,,,,,LO.PISA.SCI
PISA,2012,science,HUN,PUBLISHED_WB,494.3024,,,,,,,,,,,LO.PISA.SCI
PISA,2012,science,IDN,PUBLISHED_WB,381.9115,,,,,,,,,,,LO.PISA.SCI
PISA,2012,science,IRL,PUBLISHED_WB,522.004,,,,,,,,,,,LO.PISA.SCI
PISA,2012,science,ISL,PUBLISHED_WB,478.1546,,,,,,,,,,,LO.PISA.SCI
PISA,2012,science,ISR,PUBLISHED_WB,470.0727,,,,,,,,,,,LO.PISA.SCI
PISA,2012,science,ITA,PUBLISHED_WB,493.5415,,,,,,,,,,,LO.PISA.SCI
PISA,2012,science,JOR,PUBLISHED_WB,409.3672,,,,,,,,,,,LO.PISA.SCI
PISA,2012,science,JPN,PUBLISHED_WB,546.7356,,,,,,,,,,,LO.PISA.SCI
PISA,2012,science,KAZ,PUBLISHED_WB,424.7075,,,,,,,,,,,LO.PISA.SCI
PISA,2012,science,KOR,PUBLISHED_WB,537.7876,,,,,,,,,,,LO.PISA.SCI
PISA,2012,science,LIE,PUBLISHED_WB,524.695,,,,,,,,,,,LO.PISA.SCI
PISA,2012,science,LTU,PUBLISHED_WB,495.7001,,,,,,,,,,,LO.PISA.SCI
PISA,2012,science,LUX,PUBLISHED_WB,491.2152,,,,,,,,,,,LO.PISA.SCI
PISA,2012,science,LVA,PUBLISHED_WB,502.1862,,,,,,,,,,,LO.PISA.SCI
PISA,2012,science,MAC,PUBLISHED_WB,520.5709,,,,,,,,,,,LO.PISA.SCI
PISA,2012,science,MEX,PUBLISHED_WB,414.9201,,,,,,,,,,,LO.PISA.SCI
PISA,2012,science,MNE,PUBLISHED_WB,410.0976,,,,,,,,,,,LO.PISA.SCI
PISA,2012,science,MYS,PUBLISHED_WB,419.5026,,,,,,,,,,,LO.PISA.SCI
PISA,2012,science,NLD,PUBLISHED_WB,522.0558,,,,,,,,,,,LO.PISA.SCI
PISA,2012,science,NOR,PUBLISHED_WB,494.5239,,,,,,,,,,,LO.PISA.SCI
PISA,2012,science,NZL,PUBLISHED_WB,515.6363,,,,,,,,,,,LO.PISA.SCI
PISA,2012,science,PER,PUBLISHED_WB,373.1134,,,,,,,,,,,LO.PISA.SCI
PISA,2012,science,POL,PUBLISHED_WB,525.8164,,,,,,,,,,,LO.PISA.SCI
PISA,2012,science,PRT,PUBLISHED_WB,489.2747,,,,,,,,,,,LO.PISA.SCI
PISA,2012,science,QAT,PUBLISHED_WB,383.6426,,,,,,,,,,,LO.PISA.SCI
PISA,2012,science,ROU,PUBLISHED_WB,438.7681,,,,,,,,,,,LO.PISA.SCI
PISA,2012,science,RUS,PUBLISHED_WB,486.2955,,,,,,,,,,,LO.PISA.SCI
PISA,2012,science,SGP,PUBLISHED_WB,551.4932,,,,,,,,,,,LO.PISA.SCI
PISA,2012,science,SRB,PUBLISHED_WB,444.8041,,,,,,,,,,,LO.PISA.SCI
PISA,2012,science,SVK,PUBLISHED_WB,471.1932,,,,,,,,,,,LO.PISA.SCI
PISA,2012,science,SVN,PUBLISHED_WB,514.1426,,,,,,,,,,,LO.PISA.SCI
PISA,2012,science,SWE,PUBLISHED_WB,484.799,,,,,,,,,,,LO.PISA.SCI
PISA,2012,science,THA,PUBLISHED_WB,443.9999,,,,,,,,,,,LO.PISA.SCI
PISA,2012,science,TUN,PUBLISHED_WB,398.0465,,,,,,,,,,,LO.PISA.SCI
PISA,2012,science,TUR,PUBLISHED_WB,463.4129,,,,,,,,,,,LO.PISA.SCI
PISA,2012,science,URY,PUBLISHED_WB,415.8429,,,,,,,,,,,LO.PISA.SCI
PISA,2012,science,USA,PUBLISHED_WB,497.4098,,,,,,,,,,,LO.PISA.SCI
PISA,2012,science,VNM,PUBLISHED_WB,528.4233,,,,,,,,,,,LO.PISA.SCI
PISA,2018,mathematics,ALB,PUBLISHED_WB,437.222,,,,,,,,,,,LO.PISA.MAT
PISA,2018,mathematics,ARE,PUBLISHED_WB,434.9473,,,,,,,,,,,LO.PISA.MAT
PISA,2018,mathematics,ARG,PUBLISHED_WB,379.4538,,,,,,,,,,,LO.PISA.MAT
PISA,2018,mathematics,AUS,PUBLISHED_WB,491.36,,,,,,,,,,,LO.PISA.MAT
PISA,2018,mathematics,AUT,PUBLISHED_WB,498.9423,,,,,,,,,,,LO.PISA.MAT
PISA,2018,mathematics,BEL,PUBLISHED_WB,508.0703,,,,,,,,,,,LO.PISA.MAT
PISA,2018,mathematics,BGR,PUBLISHED_WB,436.0406,,,,,,,,,,,LO.PISA.MAT
PISA,2018,mathematics,BIH,PUBLISHED_WB,406.3844,,,,,,,,,,,LO.PISA.MAT
PISA,2018,mathematics,BLR,PUBLISHED_WB,471.8651,,,,,,,,,,,LO.PISA.MAT
PISA,2018,mathematics,BRA,PUBLISHED_WB,383.5691,,,,,,,,,,,LO.PISA.MAT
PISA,2018,mathematics,BRN,PUBLISHED_WB,430.113,,,,,,,,,,,LO.PISA.MAT
PISA,2018,mathematics,CAN,PUBLISHED_WB,512.0169,,,,,,,,,,,LO.PISA.MAT
PISA,2018,mathematics,CHE,PUBLISHED_WB,515.3147,,,,,,,,,,,LO.PISA.MAT
PISA,2018,mathematics,CHL,PUBLISHED_WB,417.4066,,,,,,,,,,,LO.PISA.MAT
PISA,2018,mathematics,CHN,PUBLISHED_WB,591.3936,,,,,,,,,,,LO.PISA.MAT
PISA,2018,mathematics,COL,PUBLISHED_WB,390.9323,,,,,,,,,,,LO.PISA.MAT
PISA,2018,mathematics,CRI,PUBLISHED_WB,402.3306,,,,,,,,,,,LO.PISA.MAT
PISA,2018,mathematics,CYP,PUBLISHED_WB,450.683,,,,,,,,,,,LO.PISA.MAT
PISA,2018,mathematics,CZE,PUBLISHED_WB,499.4677,,,,,,,,,,,LO.PISA.MAT
PISA,2018,mathematics,DEU,PUBLISHED_WB,500.0438,,,,,,,,,,,LO.PISA.MAT
PISA,2018,mathematics,DNK,PUBLISHED_WB,509.3984,,,,,,,,,,,LO.PISA.MAT
PISA,2018,mathematics,DOM,PUBLISHED_WB,325.1005,,,,,,,,,,,LO.PISA.MAT
PISA,2018,mathematics,ESP,PUBLISHED_WB,481.3926,,,,,,,,,,,LO.PISA.MAT
PISA,2018,mathematics,EST,PUBLISHED_WB,523.4146,,,,,,,,,,,LO.PISA.MAT
PISA,2018,mathematics,FIN,PUBLISHED_WB,507.3014,,,,,,,,,,,LO.PISA.MAT
PISA,2018,mathematics,FRA,PUBLISHED_WB,495.4076,,,,,,,,,,,LO.PISA.MAT
PISA,2018,mathematics,GBR,PUBLISHED_WB,501.7699,,,,,,,,,,,LO.PISA.MAT
PISA,2018,mathematics,GEO,PUBLISHED_WB,397.5864,,,,,,,,,,,LO.PISA.MAT
PISA,2018,mathematics,GRC,PUBLISHED_WB,451.3703,,,,,,,,,,,LO.PISA.MAT
PISA,2018,mathematics,HKG,PUBLISHED_WB,551.1543,,,,,,,,,,,LO.PISA.MAT
PISA,2018,mathematics,HRV,PUBLISHED_WB,464.2043,,,,,,,,,,,LO.PISA.MAT
PISA,2018,mathematics,HUN,PUBLISHED_WB,481.0826,,,,,,,,,,,LO.PISA.MAT
PISA,2018,mathematics,IDN,PUBLISHED_WB,378.6681,,,,,,,,,,,LO.PISA.MAT
PISA,2018,mathematics,IRL,PUBLISHED_WB,499.6329,,,,,,,,,,,LO.PISA.MAT
PISA,2018,mathematics,ISL,PUBLISHED_WB,495.1874,,,,,,,,,,,LO.PISA.MAT
PISA,2018,mathematics,ISR,PUBLISHED_WB,463.0345,,,,,,,,,,,LO.PISA.MAT
PISA,2018,mathematics,ITA,PUBLISHED_WB,486.5899,,,,,,,,,,,LO.PISA.MAT
PISA,2018,mathematics,JOR,PUBLISHED_WB,399.7619,,,,,,,,,,,LO.PISA.MAT
PISA,2018,mathematics,JPN,PUBLISHED_WB,526.9733,,,,,,,,,,,LO.PISA.MAT
PISA,2018,mathematics,KAZ,PUBLISHED_WB,423.1461,,,,,,,,,,,LO.PISA.MAT
PISA,2018,mathematics,KOR,PUBLISHED_WB,525.933,,,,,,,,,,,LO.PISA.MAT
PISA,2018,mathematics,LBN,PUBLISHED_WB,393.4501,,,,,,,,,,,LO.PISA.MAT
PISA,2018,mathematics,LTU,PUBLISHED_WB,481.1912,,,,,,,,,,,LO.PISA.MAT
PISA,2018,mathematics,LUX,PUBLISHED_WB,483.4215,,,,,,,,,,,LO.PISA.MAT
PISA,2018,mathematics,LVA,PUBLISHED_WB,496.1263,,,,,,,,,,,LO.PISA.MAT
PISA,2018,mathematics,MAC,PUBLISHED_WB,557.6702,,,,,,,,,,,LO.PISA.MAT
PISA,2018,mathematics,MAR,PUBLISHED_WB,367.7274,,,,,,,,,,,LO.PISA.MAT
PISA,2018,mathematics,MDA,PUBLISHED_WB,420.604,,,,,,,,,,,LO.PISA.MAT
PISA,2018,mathematics,MEX,PUBLISHED_WB,408.8015,,,,,,,,,,,LO.PISA.MAT
PISA,2018,mathematics,MKD,PUBLISHED_WB,394.4468,,,,,,,,,,,LO.PISA.MAT
PISA,2018,mathematics,MLT,PUBLISHED_WB,471.7244,,,,,,,,,,,LO.PISA.MAT
PISA,2018,mathematics,MNE,PUBLISHED_WB,429.6115,,,,,,,,,,,LO.PISA.MAT
PISA,2018,mathematics,MYS,PUBLISHED_WB,440.2075,,,,,,,,,,,LO.PISA.MAT
PISA,2018,mathematics,NLD,PUBLISHED_WB,519.231,,,,,,,,,,,LO.PISA.MAT
PISA,2018,mathematics,NOR,PUBLISHED_WB,500.9638,,,,,,,,,,,LO.PISA.MAT
PISA,2018,mathematics,NZL,PUBLISHED_WB,494.4897,,,,,,,,,,,LO.PISA.MAT
PISA,2018,mathematics,PAN,PUBLISHED_WB,352.8463,,,,,,,,,,,LO.PISA.MAT
PISA,2018,mathematics,PER,PUBLISHED_WB,399.8377,,,,,,,,,,,LO.PISA.MAT
PISA,2018,mathematics,PHL,PUBLISHED_WB,352.5671,,,,,,,,,,,LO.PISA.MAT
PISA,2018,mathematics,POL,PUBLISHED_WB,515.6479,,,,,,,,,,,LO.PISA.MAT
PISA,2018,mathematics,PRT,PUBLISHED_WB,492.4874,,,,,,,,,,,LO.PISA.MAT
PISA,2018,mathematics,QAT,PUBLISHED_WB,414.2287,,,,,,,,,,,LO.PISA.MAT
PISA,2018,mathematics,ROU,PUBLISHED_WB,429.9168,,,,,,,,,,,LO.PISA.MAT
PISA,2018,mathematics,RUS,PUBLISHED_WB,487.7865,,,,,,,,,,,LO.PISA.MAT
PISA,2018,mathematics,SAU,PUBLISHED_WB,373.2388,,,,,,,,,,,LO.PISA.MAT
PISA,2018,mathematics,SGP,PUBLISHED_WB,569.0078,,,,,,,,,,,LO.PISA.MAT
PISA,2018,mathematics,SRB,PUBLISHED_WB,448.2831,,,,,,,,,,,LO.PISA.MAT
PISA,2018,mathematics,SVK,PUBLISHED_WB,486.1649,,,,,,,,,,,LO.PISA.MAT
PISA,2018,mathematics,SVN,PUBLISHED_WB,508.8975,,,,,,,,,,,LO.PISA.MAT
PISA,2018,mathematics,SWE,PUBLISHED_WB,502.3877,,,,,,,,,,,LO.PISA.MAT
PISA,2018,mathematics,THA,PUBLISHED_WB,418.5555,,,,,,,,,,,LO.PISA.MAT
PISA,2018,mathematics,TUR,PUBLISHED_WB,453.5078,,,,,,,,,,,LO.PISA.MAT
PISA,2018,mathematics,UKR,PUBLISHED_WB,453.1175,,,,,,,,,,,LO.PISA.MAT
PISA,2018,mathematics,URY,PUBLISHED_WB,417.6616,,,,,,,,,,,LO.PISA.MAT
PISA,2018,mathematics,USA,PUBLISHED_WB,478.2447,,,,,,,,,,,LO.PISA.MAT
PISA,2018,mathematics,VNM,PUBLISHED_WB,495.6754,,,,,,,,,,,LO.PISA.MAT
PISA,2018,mathematics,XKX,PUBLISHED_WB,365.8849,,,,,,,,,,,LO.PISA.MAT
PISA,2018,reading,ALB,PUBLISHED_WB,405.4294,,,,,,,,,,,LO.PISA.REA
PISA,2018,reading,ARE,PUBLISHED_WB,431.7818,,,,,,,,,,,LO.PISA.REA
PISA,2018,reading,ARG,PUBLISHED_WB,401.5031,,,,,,,,,,,LO.PISA.REA
PISA,2018,reading,AUS,PUBLISHED_WB,502.6317,,,,,,,,,,,LO.PISA.REA
PISA,2018,reading,AUT,PUBLISHED_WB,484.3926,,,,,,,,,,,LO.PISA.REA
PISA,2018,reading,BEL,PUBLISHED_WB,492.8644,,,,,,,,,,,LO.PISA.REA
PISA,2018,reading,BGR,PUBLISHED_WB,419.844,,,,,,,,,,,LO.PISA.REA
PISA,2018,reading,BIH,PUBLISHED_WB,402.9778,,,,,,,,,,,LO.PISA.REA
PISA,2018,reading,BLR,PUBLISHED_WB,473.7884,,,,,,,,,,,LO.PISA.REA
PISA,2018,reading,BRA,PUBLISHED_WB,412.8733,,,,,,,,,,,LO.PISA.REA
PISA,2018,reading,BRN,PUBLISHED_WB,408.0699,,,,,,,,,,,LO.PISA.REA
PISA,2018,reading,CAN,PUBLISHED_WB,520.0855,,,,,,,,,,,LO.PISA.REA
PISA,2018,reading,CHE,PUBLISHED_WB,483.9294,,,,,,,,,,,LO.PISA.REA
PISA,2018,reading,CHL,PUBLISHED_WB,452.2726,,,,,,,,,,,LO.PISA.REA
PISA,2018,reading,CHN,PUBLISHED_WB,555.2362,,,,,,,,,,,LO.PISA.REA
PISA,2018,reading,COL,PUBLISHED_WB,412.2951,,,,,,,,,,,LO.PISA.REA
PISA,2018,reading,CRI,PUBLISHED_WB,426.4982,,,,,,,,,,,LO.PISA.REA
PISA,2018,reading,CYP,PUBLISHED_WB,424.3582,,,,,,,,,,,LO.PISA.REA
PISA,2018,reading,CZE,PUBLISHED_WB,490.2188,,,,,,,,,,,LO.PISA.REA
PISA,2018,reading,DEU,PUBLISHED_WB,498.2793,,,,,,,,,,,LO.PISA.REA
PISA,2018,reading,DNK,PUBLISHED_WB,501.1299,,,,,,,,,,,LO.PISA.REA
PISA,2018,reading,DOM,PUBLISHED_WB,341.6256,,,,,,,,,,,LO.PISA.REA
PISA,2018,reading,EST,PUBLISHED_WB,523.017,,,,,,,,,,,LO.PISA.REA
PISA,2018,reading,FIN,PUBLISHED_WB,520.0787,,,,,,,,,,,LO.PISA.REA
PISA,2018,reading,FRA,PUBLISHED_WB,492.6065,,,,,,,,,,,LO.PISA.REA
PISA,2018,reading,GBR,PUBLISHED_WB,503.9281,,,,,,,,,,,LO.PISA.REA
PISA,2018,reading,GEO,PUBLISHED_WB,379.7525,,,,,,,,,,,LO.PISA.REA
PISA,2018,reading,GRC,PUBLISHED_WB,457.4144,,,,,,,,,,,LO.PISA.REA
PISA,2018,reading,HKG,PUBLISHED_WB,524.2831,,,,,,,,,,,LO.PISA.REA
PISA,2018,reading,HRV,PUBLISHED_WB,478.9892,,,,,,,,,,,LO.PISA.REA
PISA,2018,reading,HUN,PUBLISHED_WB,475.9867,,,,,,,,,,,LO.PISA.REA
PISA,2018,reading,IDN,PUBLISHED_WB,370.9654,,,,,,,,,,,LO.PISA.REA
PISA,2018,reading,IRL,PUBLISHED_WB,518.0785,,,,,,,,,,,LO.PISA.REA
PISA,2018,reading,ISL,PUBLISHED_WB,473.9743,,,,,,,,,,,LO.PISA.REA
PISA,2018,reading,ISR,PUBLISHED_WB,470.4152,,,,,,,,,,,LO.PISA.REA
PISA,2018,reading,ITA,PUBLISHED_WB,476.2847,,,,,,,,,,,LO.PISA.REA
PISA,2018,reading,JOR,PUBLISHED_WB,419.0637,,,,,,,,,,,LO.PISA.REA
PISA,2018,reading,JPN,PUBLISHED_WB,503.856,,,,,,,,,,,LO.PISA.REA
PISA,2018,reading,KAZ,PUBLISHED_WB,386.9093,,,,,,,,,,,LO.PISA.REA
PISA,2018,reading,KOR,PUBLISHED_WB,514.0523,,,,,,,,,,,LO.PISA.REA
PISA,2018,reading,LBN,PUBLISHED_WB,353.3553,,,,,,,,,,,LO.PISA.REA
PISA,2018,reading,LTU,PUBLISHED_WB,475.8735,,,,,,,,,,,LO.PISA.REA
PISA,2018,reading,LUX,PUBLISHED_WB,469.9854,,,,,,,,,,,LO.PISA.REA
PISA,2018,reading,LVA,PUBLISHED_WB,478.6987,,,,,,,,,,,LO.PISA.REA
PISA,2018,reading,MAC,PUBLISHED_WB,525.1162,,,,,,,,,,,LO.PISA.REA
PISA,2018,reading,MAR,PUBLISHED_WB,359.3879,,,,,,,,,,,LO.PISA.REA
PISA,2018,reading,MDA,PUBLISHED_WB,423.993,,,,,,,,,,,LO.PISA.REA
PISA,2018,reading,MEX,PUBLISHED_WB,420.4689,,,,,,,,,,,LO.PISA.REA
PISA,2018,reading,MKD,PUBLISHED_WB,392.6678,,,,,,,,,,,LO.PISA.REA
PISA,2018,reading,MLT,PUBLISHED_WB,448.2348,,,,,,,,,,,LO.PISA.REA
PISA,2018,reading,MNE,PUBLISHED_WB,421.0576,,,,,,,,,,,LO.PISA.REA
PISA,2018,reading,MYS,PUBLISHED_WB,414.9795,,,,,,,,,,,LO.PISA.REA
PISA,2018,reading,NLD,PUBLISHED_WB,484.7837,,,,,,,,,,,LO.PISA.REA
PISA,2018,reading,NOR,PUBLISHED_WB,499.451,,,,,,,,,,,LO.PISA.REA
PISA,2018,reading,NZL,PUBLISHED_WB,505.7273,,,,,,,,,,,LO.PISA.REA
PISA,2018,reading,PAN,PUBLISHED_WB,376.9713,,,,,,,,,,,LO.PISA.REA
PISA,2018,reading,PER,PUBLISHED_WB,400.5137,,,,,,,,,,,LO.PISA.REA
PISA,2018,reading,PHL,PUBLISHED_WB,339.6916,,,,,,,,,,,LO.PISA.REA
PISA,2018,reading,POL,PUBLISHED_WB,511.8557,,,,,,,,,,,LO.PISA.REA
PISA,2018,reading,PRT,PUBLISHED_WB,491.8008,,,,,,,,,,,LO.PISA.REA
PISA,2018,reading,QAT,PUBLISHED_WB,407.0918,,,,,,,,,,,LO.PISA.REA
PISA,2018,reading,ROU,PUBLISHED_WB,427.7031,,,,,,,,,,,LO.PISA.REA
PISA,2018,reading,RUS,PUBLISHED_WB,478.5019,,,,,,,,,,,LO.PISA.REA
PISA,2018,reading,SAU,PUBLISHED_WB,399.1517,,,,,,,,,,,LO.PISA.REA
PISA,2018,reading,SGP,PUBLISHED_WB,549.4647,,,,,,,,,,,LO.PISA.REA
PISA,2018,reading,SRB,PUBLISHED_WB,439.4663,,,,,,,,,,,LO.PISA.REA
PISA,2018,reading,SVK,PUBLISHED_WB,457.984,,,,,,,,,,,LO.PISA.REA
PISA,2018,reading,SVN,PUBLISHED_WB,495.3456,,,,,,,,,,,LO.PISA.REA
PISA,2018,reading,SWE,PUBLISHED_WB,505.7852,,,,,,,,,,,LO.PISA.REA
PISA,2018,reading,THA,PUBLISHED_WB,392.8886,,,,,,,,,,,LO.PISA.REA
PISA,2018,reading,TUR,PUBLISHED_WB,465.6317,,,,,,,,,,,LO.PISA.REA
PISA,2018,reading,UKR,PUBLISHED_WB,465.9501,,,,,,,,,,,LO.PISA.REA
PISA,2018,reading,URY,PUBLISHED_WB,427.1176,,,,,,,,,,,LO.PISA.REA
PISA,2018,reading,USA,PUBLISHED_WB,505.3528,,,,,,,,,,,LO.PISA.REA
PISA,2018,reading,VNM,PUBLISHED_WB,504.5056,,,,,,,,,,,LO.PISA.REA
PISA,2018,reading,XKX,PUBLISHED_WB,353.0654,,,,,,,,,,,LO.PISA.REA
PISA,2018,science,ALB,PUBLISHED_WB,416.7263,,,,,,,,,,,LO.PISA.SCI
PISA,2018,science,ARE,PUBLISHED_WB,433.6368,,,,,,,,,,,LO.PISA.SCI
PISA,2018,science,ARG,PUBLISHED_WB,404.0714,,,,,,,,,,,LO.PISA.SCI
PISA,2018,science,AUS,PUBLISHED_WB,502.9646,,,,,,,,,,,LO.PISA.SCI
PISA,2018,science,AUT,PUBLISHED_WB,489.7804,,,,,,,,,,,LO.PISA.SCI
PISA,2018,science,BEL,PUBLISHED_WB,498.7731,,,,,,,,,,,LO.PISA.SCI
PISA,2018,science,BGR,PUBLISHED_WB,424.0736,,,,,,,,,,,LO.PISA.SCI
PISA,2018,science,BIH,PUBLISHED_WB,398.4977,,,,,,,,,,,LO.PISA.SCI
PISA,2018,science,BLR,PUBLISHED_WB,471.2637,,,,,,,,,,,LO.PISA.SCI
PISA,2018,science,BRA,PUBLISHED_WB,403.6209,,,,,,,,,,,LO.PISA.SCI
PISA,2018,science,BRN,PUBLISHED_WB,430.9844,,,,,,,,,,,LO.PISA.SCI
PISA,2018,science,CAN,PUBLISHED_WB,517.9977,,,,,,,,,,,LO.PISA.SCI
PISA,2018,science,CHE,PUBLISHED_WB,495.2763,,,,,,,,,,,LO.PISA.SCI
PISA,2018,science,CHL,PUBLISHED_WB,443.5826,,,,,,,,,,,LO.PISA.SCI
PISA,2018,science,CHN,PUBLISHED_WB,590.4526,,,,,,,,,,,LO.PISA.SCI
PISA,2018,science,COL,PUBLISHED_WB,413.323,,,,,,,,,,,LO.PISA.SCI
PISA,2018,science,CRI,PUBLISHED_WB,415.6225,,,,,,,,,,,LO.PISA.SCI
PISA,2018,science,CYP,PUBLISHED_WB,439.0082,,,,,,,,,,,LO.PISA.SCI
PISA,2018,science,CZE,PUBLISHED_WB,496.7913,,,,,,,,,,,LO.PISA.SCI
PISA,2018,science,DEU,PUBLISHED_WB,502.9889,,,,,,,,,,,LO.PISA.SCI
PISA,2018,science,DNK,PUBLISHED_WB,492.637,,,,,,,,,,,LO.PISA.SCI
PISA,2018,science,DOM,PUBLISHED_WB,335.6299,,,,,,,,,,,LO.PISA.SCI
PISA,2018,science,ESP,PUBLISHED_WB,483.252,,,,,,,,,,,LO.PISA.SCI
PISA,2018,science,EST,PUBLISHED_WB,530.108,,,,,,,,,,,LO.PISA.SCI
PISA,2018,science,FIN,PUBLISHED_WB,521.8846,,,,,,,,,,,LO.PISA.SCI
PISA,2018,science,FRA,PUBLISHED_WB,492.9771,,,,,,,,,,,LO.PISA.SCI
PISA,2018,science,GBR,PUBLISHED_WB,504.6675,,,,,,,,,,,LO.PISA.SCI
PISA,2018,science,GEO,PUBLISHED_WB,382.6636,,,,,,,,,,,LO.PISA.SCI
PISA,2018,science,GRC,PUBLISHED_WB,451.6327,,,,,,,,,,,LO.PISA.SCI
PISA,2018,science,HKG,PUBLISHED_WB,516.6861,,,,,,,,,,,LO.PISA.SCI
PISA,2018,science,HRV,PUBLISHED_WB,472.3626,,,,,,,,,,,LO.PISA.SCI
PISA,2018,science,HUN,PUBLISHED_WB,480.9117,,,,,,,,,,,LO.PISA.SCI
PISA,2018,science,IDN,PUBLISHED_WB,396.0701,,,,,,,,,,,LO.PISA.SCI
PISA,2018,science,IRL,PUBLISHED_WB,496.1136,,,,,,,,,,,LO.PISA.SCI
PISA,2018,science,ISL,PUBLISHED_WB,475.0241,,,,,,,,,,,LO.PISA.SCI
PISA,2018,science,ISR,PUBLISHED_WB,462.1966,,,,,,,,,,,LO.PISA.SCI
PISA,2018,science,ITA,PUBLISHED_WB,468.0117,,,,,,,,,,,LO.PISA.SCI
PISA,2018,science,JOR,PUBLISHED_WB,429.2521,,,,,,,,,,,LO.PISA.SCI
PISA,2018,science,JPN,PUBLISHED_WB,529.1354,,,,,,,,,,,LO.PISA.SCI
PISA,2018,science,KAZ,PUBLISHED_WB,397.1048,,,,,,,,,,,LO.PISA.SCI
PISA,2018,science,KOR,PUBLISHED_WB,519.0073,,,,,,,,,,,LO.PISA.SCI
PISA,2018,science,LBN,PUBLISHED_WB,383.717,,,,,,,,,,,LO.PISA.SCI
PISA,2018,science,LTU,PUBLISHED_WB,482.067,,,,,,,,,,,LO.PISA.SCI
PISA,2018,science,LUX,PUBLISHED_WB,476.7694,,,,,,,,,,,LO.PISA.SCI
PISA,2018,science,LVA,PUBLISHED_WB,487.2506,,,,,,,,,,,LO.PISA.SCI
PISA,2018,science,MAC,PUBLISHED_WB,543.5857,,,,,,,,,,,LO.PISA.SCI
PISA,2018,science,MAR,PUBLISHED_WB,376.5969,,,,,,,,,,,LO.PISA.SCI
PISA,2018,science,MDA,PUBLISHED_WB,428.4853,,,,,,,,,,,LO.PISA.SCI
PISA,2018,science,MEX,PUBLISHED_WB,419.2047,,,,,,,,,,,LO.PISA.SCI
PISA,2018,science,MKD,PUBLISHED_WB,413.0447,,,,,,,,,,,LO.PISA.SCI
PISA,2018,science,MLT,PUBLISHED_WB,456.5903,,,,,,,,,,,LO.PISA.SCI
PISA,2018,science,MNE,PUBLISHED_WB,415.1722,,,,,,,,,,,LO.PISA.SCI
PISA,2018,science,MYS,PUBLISHED_WB,437.6181,,,,,,,,,,,LO.PISA.SCI
PISA,2018,science,NLD,PUBLISHED_WB,503.3838,,,,,,,,,,,LO.PISA.SCI
PISA,2018,science,NOR,PUBLISHED_WB,490.4131,,,,,,,,,,,LO.PISA.SCI
PISA,2018,science,NZL,PUBLISHED_WB,508.4907,,,,,,,,,,,LO.PISA.SCI
PISA,2018,science,PAN,PUBLISHED_WB,364.6238,,,,,,,,,,,LO.PISA.SCI
PISA,2018,science,PER,PUBLISHED_WB,404.2156,,,,,,,,,,,LO.PISA.SCI
PISA,2018,science,PHL,PUBLISHED_WB,356.9333,,,,,,,,,,,LO.PISA.SCI
PISA,2018,science,POL,PUBLISHED_WB,511.0356,,,,,,,,,,,LO.PISA.SCI
PISA,2018,science,PRT,PUBLISHED_WB,491.6773,,,,,,,,,,,LO.PISA.SCI
PISA,2018,science,QAT,PUBLISHED_WB,419.1272,,,,,,,,,,,LO.PISA.SCI
PISA,2018,science,ROU,PUBLISHED_WB,425.7612,,,,,,,,,,,LO.PISA.SCI
PISA,2018,science,RUS,PUBLISHED_WB,477.7177,,,,,,,,,,,LO.PISA.SCI
PISA,2018,science,SAU,PUBLISHED_WB,386.2461,,,,,,,,,,,LO.PISA.SCI
PISA,2018,science,SGP,PUBLISHED_WB,550.9369,,,,,,,,,,,LO.PISA.SCI
PISA,2018,science,SRB,PUBLISHED_WB,439.8739,,,,,,,,,,,LO.PISA.SCI
PISA,2018,science,SVK,PUBLISHED_WB,464.0476,,,,,,,,,,,LO.PISA.SCI
PISA,2018,science,SVN,PUBLISHED_WB,507.0065,,,,,,,,,,,LO.PISA.SCI
PISA,2018,science,SWE,PUBLISHED_WB,499.4447,,,,,,,,,,,LO.PISA.SCI
PISA,2018,science,THA,PUBLISHED_WB,425.8134,,,,,,,,,,,LO.PISA.SCI
PISA,2018,science,TUR,PUBLISHED_WB,468.2996,,,,,,,,,,,LO.PISA.SCI
PISA,2018,science,UKR,PUBLISHED_WB,468.9877,,,,,,,,,,,LO.PISA.SCI
PISA,2018,science,URY,PUBLISHED_WB,425.8127,,,,,,,,,,,LO.PISA.SCI
PISA,2018,science,USA,PUBLISHED_WB,502.38,,,,,,,,,,,LO.PISA.SCI
PISA,2018,science,VNM,PUBLISHED_WB,543.3849,,,,,,,,,,,LO.PISA.SCI
PISA,2018,science,XKX,PUBLISHED_WB,364.8824,,,,,,,,,,,LO.PISA.SCI
