program,domain,test_cycle,country_iso3,actual_score,forecast_M2_persistence_only,note
PISA,mathematics,2022,ALB,368.2217,413.157,Ridge M0/M1 unavailable: only prior cycle 2015 in panel → no Ridge train pairs for test=2022
PISA,mathematics,2022,ARE,431.1105,427.4827,Ridge M0/M1 unavailable: only prior cycle 2015 in panel → no Ridge train pairs for test=2022
PISA,mathematics,2022,AUS,487.0843,493.8962,Ridge M0/M1 unavailable: only prior cycle 2015 in panel → no Ridge train pairs for test=2022
PISA,mathematics,2022,AUT,487.2675,496.7423,Ridge M0/M1 unavailable: only prior cycle 2015 in panel → no Ridge train pairs for test=2022
PISA,mathematics,2022,BEL,489.4868,506.9844,Ridge M0/M1 unavailable: only prior cycle 2015 in panel → no Ridge train pairs for test=2022
PISA,mathematics,2022,BGR,417.3039,441.1899,Ridge M0/M1 unavailable: only prior cycle 2015 in panel → no Ridge train pairs for test=2022
PISA,mathematics,2022,BRA,378.6914,377.0695,Ridge M0/M1 unavailable: only prior cycle 2015 in panel → no Ridge train pairs for test=2022
PISA,mathematics,2022,CAN,496.9479,515.6474,Ridge M0/M1 unavailable: only prior cycle 2015 in panel → no Ridge train pairs for test=2022
PISA,mathematics,2022,CHE,507.9906,521.2506,Ridge M0/M1 unavailable: only prior cycle 2015 in panel → no Ridge train pairs for test=2022
PISA,mathematics,2022,CHL,411.6966,422.6714,Ridge M0/M1 unavailable: only prior cycle 2015 in panel → no Ridge train pairs for test=2022
PISA,mathematics,2022,COL,382.6968,389.6438,Ridge M0/M1 unavailable: only prior cycle 2015 in panel → no Ridge train pairs for test=2022
PISA,mathematics,2022,CRI,384.576,400.2534,Ridge M0/M1 unavailable: only prior cycle 2015 in panel → no Ridge train pairs for test=2022
PISA,mathematics,2022,CZE,486.9992,492.3254,Ridge M0/M1 unavailable: only prior cycle 2015 in panel → no Ridge train pairs for test=2022
PISA,mathematics,2022,DEU,474.8265,505.9713,Ridge M0/M1 unavailable: only prior cycle 2015 in panel → no Ridge train pairs for test=2022
PISA,mathematics,2022,DNK,489.2739,511.0876,Ridge M0/M1 unavailable: only prior cycle 2015 in panel → no Ridge train pairs for test=2022
PISA,mathematics,2022,DOM,339.1072,327.702,Ridge M0/M1 unavailable: only prior cycle 2015 in panel → no Ridge train pairs for test=2022
PISA,mathematics,2022,ESP,473.1402,485.8432,Ridge M0/M1 unavailable: only prior cycle 2015 in panel → no Ridge train pairs for test=2022
PISA,mathematics,2022,EST,509.947,519.5291,Ridge M0/M1 unavailable: only prior cycle 2015 in panel → no Ridge train pairs for test=2022
PISA,mathematics,2022,FIN,484.1392,511.0769,Ridge M0/M1 unavailable: only prior cycle 2015 in panel → no Ridge train pairs for test=2022
PISA,mathematics,2022,FRA,473.9444,492.9204,Ridge M0/M1 unavailable: only prior cycle 2015 in panel → no Ridge train pairs for test=2022
PISA,mathematics,2022,GBR,488.9751,492.4785,Ridge M0/M1 unavailable: only prior cycle 2015 in panel → no Ridge train pairs for test=2022
PISA,mathematics,2022,GEO,390.0242,403.8332,Ridge M0/M1 unavailable: only prior cycle 2015 in panel → no Ridge train pairs for test=2022
PISA,mathematics,2022,GRC,430.1463,453.6299,Ridge M0/M1 unavailable: only prior cycle 2015 in panel → no Ridge train pairs for test=2022
PISA,mathematics,2022,HKG,540.3518,547.931,Ridge M0/M1 unavailable: only prior cycle 2015 in panel → no Ridge train pairs for test=2022
PISA,mathematics,2022,HRV,463.1052,464.0401,Ridge M0/M1 unavailable: only prior cycle 2015 in panel → no Ridge train pairs for test=2022
PISA,mathematics,2022,HUN,472.7761,476.8309,Ridge M0/M1 unavailable: only prior cycle 2015 in panel → no Ridge train pairs for test=2022
PISA,mathematics,2022,IDN,365.5253,386.1096,Ridge M0/M1 unavailable: only prior cycle 2015 in panel → no Ridge train pairs for test=2022
PISA,mathematics,2022,IRL,491.6483,503.722,Ridge M0/M1 unavailable: only prior cycle 2015 in panel → no Ridge train pairs for test=2022
PISA,mathematics,2022,ISL,458.914,488.0332,Ridge M0/M1 unavailable: only prior cycle 2015 in panel → no Ridge train pairs for test=2022
PISA,mathematics,2022,ISR,457.8967,469.6695,Ridge M0/M1 unavailable: only prior cycle 2015 in panel → no Ridge train pairs for test=2022
PISA,mathematics,2022,ITA,471.2595,489.7287,Ridge M0/M1 unavailable: only prior cycle 2015 in panel → no Ridge train pairs for test=2022
PISA,mathematics,2022,JOR,361.228,380.259,Ridge M0/M1 unavailable: only prior cycle 2015 in panel → no Ridge train pairs for test=2022
PISA,mathematics,2022,JPN,535.5793,532.4399,Ridge M0/M1 unavailable: only prior cycle 2015 in panel → no Ridge train pairs for test=2022
PISA,mathematics,2022,KAZ,425.4391,,Ridge M0/M1 unavailable: only prior cycle 2015 in panel → no Ridge train pairs for test=2022
PISA,mathematics,2022,KOR,527.3025,524.1062,Ridge M0/M1 unavailable: only prior cycle 2015 in panel → no Ridge train pairs for test=2022
PISA,mathematics,2022,KSV,354.9624,361.534,Ridge M0/M1 unavailable: only prior cycle 2015 in panel → no Ridge train pairs for test=2022
PISA,mathematics,2022,LTU,475.1468,478.3834,Ridge M0/M1 unavailable: only prior cycle 2015 in panel → no Ridge train pairs for test=2022
PISA,mathematics,2022,LVA,483.1595,482.3051,Ridge M0/M1 unavailable: only prior cycle 2015 in panel → no Ridge train pairs for test=2022
PISA,mathematics,2022,MAC,551.9232,543.8078,Ridge M0/M1 unavailable: only prior cycle 2015 in panel → no Ridge train pairs for test=2022
PISA,mathematics,2022,MAR,364.7662,,Ridge M0/M1 unavailable: only prior cycle 2015 in panel → no Ridge train pairs for test=2022
PISA,mathematics,2022,MDA,414.1981,419.6635,Ridge M0/M1 unavailable: only prior cycle 2015 in panel → no Ridge train pairs for test=2022
PISA,mathematics,2022,MEX,395.0299,408.0235,Ridge M0/M1 unavailable: only prior cycle 2015 in panel → no Ridge train pairs for test=2022
PISA,mathematics,2022,MKD,388.5755,371.3114,Ridge M0/M1 unavailable: only prior cycle 2015 in panel → no Ridge train pairs for test=2022
PISA,mathematics,2022,MLT,466.0161,478.6448,Ridge M0/M1 unavailable: only prior cycle 2015 in panel → no Ridge train pairs for test=2022
PISA,mathematics,2022,MNE,405.6012,417.9341,Ridge M0/M1 unavailable: only prior cycle 2015 in panel → no Ridge train pairs for test=2022
PISA,mathematics,2022,MYS,408.6874,,Ridge M0/M1 unavailable: only prior cycle 2015 in panel → no Ridge train pairs for test=2022
PISA,mathematics,2022,NLD,492.6756,512.2528,Ridge M0/M1 unavailable: only prior cycle 2015 in panel → no Ridge train pairs for test=2022
PISA,mathematics,2022,NOR,468.4499,501.7298,Ridge M0/M1 unavailable: only prior cycle 2015 in panel → no Ridge train pairs for test=2022
PISA,mathematics,2022,NZL,479.0742,495.2233,Ridge M0/M1 unavailable: only prior cycle 2015 in panel → no Ridge train pairs for test=2022
PISA,mathematics,2022,PER,391.2358,386.5606,Ridge M0/M1 unavailable: only prior cycle 2015 in panel → no Ridge train pairs for test=2022
PISA,mathematics,2022,POL,488.9601,504.4693,Ridge M0/M1 unavailable: only prior cycle 2015 in panel → no Ridge train pairs for test=2022
PISA,mathematics,2022,PRT,471.9105,491.627,Ridge M0/M1 unavailable: only prior cycle 2015 in panel → no Ridge train pairs for test=2022
PISA,mathematics,2022,QAT,414.1062,402.4006,Ridge M0/M1 unavailable: only prior cycle 2015 in panel → no Ridge train pairs for test=2022
PISA,mathematics,2022,ROU,427.76,443.9543,Ridge M0/M1 unavailable: only prior cycle 2015 in panel → no Ridge train pairs for test=2022
PISA,mathematics,2022,SAU,388.7816,,Ridge M0/M1 unavailable: only prior cycle 2015 in panel → no Ridge train pairs for test=2022
PISA,mathematics,2022,SGP,574.6638,564.1897,Ridge M0/M1 unavailable: only prior cycle 2015 in panel → no Ridge train pairs for test=2022
PISA,mathematics,2022,SRB,439.8767,,Ridge M0/M1 unavailable: only prior cycle 2015 in panel → no Ridge train pairs for test=2022
PISA,mathematics,2022,SVK,463.9946,475.2301,Ridge M0/M1 unavailable: only prior cycle 2015 in panel → no Ridge train pairs for test=2022
PISA,mathematics,2022,SVN,484.529,509.9196,Ridge M0/M1 unavailable: only prior cycle 2015 in panel → no Ridge train pairs for test=2022
PISA,mathematics,2022,SWE,481.7661,493.9181,Ridge M0/M1 unavailable: only prior cycle 2015 in panel → no Ridge train pairs for test=2022
PISA,mathematics,2022,TAP,547.0942,542.3215,Ridge M0/M1 unavailable: only prior cycle 2015 in panel → no Ridge train pairs for test=2022
PISA,mathematics,2022,THA,393.9454,415.4638,Ridge M0/M1 unavailable: only prior cycle 2015 in panel → no Ridge train pairs for test=2022
PISA,mathematics,2022,TUR,453.1518,420.454,Ridge M0/M1 unavailable: only prior cycle 2015 in panel → no Ridge train pairs for test=2022
PISA,mathematics,2022,URY,408.7121,417.9919,Ridge M0/M1 unavailable: only prior cycle 2015 in panel → no Ridge train pairs for test=2022
PISA,mathematics,2022,USA,464.888,469.6285,Ridge M0/M1 unavailable: only prior cycle 2015 in panel → no Ridge train pairs for test=2022
PISA,mathematics,2022,VNM,469.4024,494.5183,Ridge M0/M1 unavailable: only prior cycle 2015 in panel → no Ridge train pairs for test=2022
PISA,reading,2022,ALB,358.4348,405.2588,Ridge M0/M1 unavailable: only prior cycle 2015 in panel → no Ridge train pairs for test=2022
PISA,reading,2022,ARE,417.3497,433.5423,Ridge M0/M1 unavailable: only prior cycle 2015 in panel → no Ridge train pairs for test=2022
PISA,reading,2022,AUS,498.0509,502.9006,Ridge M0/M1 unavailable: only prior cycle 2015 in panel → no Ridge train pairs for test=2022
PISA,reading,2022,AUT,480.4058,484.8656,Ridge M0/M1 unavailable: only prior cycle 2015 in panel → no Ridge train pairs for test=2022
PISA,reading,2022,BEL,478.8527,498.5242,Ridge M0/M1 unavailable: only prior cycle 2015 in panel → no Ridge train pairs for test=2022
PISA,reading,2022,BGR,404.3037,431.7175,Ridge M0/M1 unavailable: only prior cycle 2015 in panel → no Ridge train pairs for test=2022
PISA,reading,2022,BRA,410.357,407.3486,Ridge M0/M1 unavailable: only prior cycle 2015 in panel → no Ridge train pairs for test=2022
PISA,reading,2022,CAN,507.1329,526.6678,Ridge M0/M1 unavailable: only prior cycle 2015 in panel → no Ridge train pairs for test=2022
PISA,reading,2022,CHE,483.3317,492.1982,Ridge M0/M1 unavailable: only prior cycle 2015 in panel → no Ridge train pairs for test=2022
PISA,reading,2022,CHL,447.979,458.5709,Ridge M0/M1 unavailable: only prior cycle 2015 in panel → no Ridge train pairs for test=2022
PISA,reading,2022,COL,408.665,424.9052,Ridge M0/M1 unavailable: only prior cycle 2015 in panel → no Ridge train pairs for test=2022
PISA,reading,2022,CRI,415.2331,427.4875,Ridge M0/M1 unavailable: only prior cycle 2015 in panel → no Ridge train pairs for test=2022
PISA,reading,2022,CZE,488.6037,487.2501,Ridge M0/M1 unavailable: only prior cycle 2015 in panel → no Ridge train pairs for test=2022
PISA,reading,2022,DEU,479.794,509.1041,Ridge M0/M1 unavailable: only prior cycle 2015 in panel → no Ridge train pairs for test=2022
PISA,reading,2022,DNK,488.801,499.8146,Ridge M0/M1 unavailable: only prior cycle 2015 in panel → no Ridge train pairs for test=2022
PISA,reading,2022,DOM,351.3123,357.7377,Ridge M0/M1 unavailable: only prior cycle 2015 in panel → no Ridge train pairs for test=2022
PISA,reading,2022,ESP,474.3071,495.5764,Ridge M0/M1 unavailable: only prior cycle 2015 in panel → no Ridge train pairs for test=2022
PISA,reading,2022,EST,511.0303,519.1429,Ridge M0/M1 unavailable: only prior cycle 2015 in panel → no Ridge train pairs for test=2022
PISA,reading,2022,FIN,490.2177,526.4247,Ridge M0/M1 unavailable: only prior cycle 2015 in panel → no Ridge train pairs for test=2022
PISA,reading,2022,FRA,473.8522,499.3061,Ridge M0/M1 unavailable: only prior cycle 2015 in panel → no Ridge train pairs for test=2022
PISA,reading,2022,GBR,494.4046,497.9719,Ridge M0/M1 unavailable: only prior cycle 2015 in panel → no Ridge train pairs for test=2022
PISA,reading,2022,GEO,373.8584,401.2881,Ridge M0/M1 unavailable: only prior cycle 2015 in panel → no Ridge train pairs for test=2022
PISA,reading,2022,GRC,438.4406,467.0395,Ridge M0/M1 unavailable: only prior cycle 2015 in panel → no Ridge train pairs for test=2022
PISA,reading,2022,HKG,499.7013,526.6753,Ridge M0/M1 unavailable: only prior cycle 2015 in panel → no Ridge train pairs for test=2022
PISA,reading,2022,HRV,475.4989,486.8632,Ridge M0/M1 unavailable: only prior cycle 2015 in panel → no Ridge train pairs for test=2022
PISA,reading,2022,HUN,472.9747,469.5233,Ridge M0/M1 unavailable: only prior cycle 2015 in panel → no Ridge train pairs for test=2022
PISA,reading,2022,IDN,358.5699,397.2595,Ridge M0/M1 unavailable: only prior cycle 2015 in panel → no Ridge train pairs for test=2022
PISA,reading,2022,IRL,516.01,520.8148,Ridge M0/M1 unavailable: only prior cycle 2015 in panel → no Ridge train pairs for test=2022
PISA,reading,2022,ISL,435.923,481.5255,Ridge M0/M1 unavailable: only prior cycle 2015 in panel → no Ridge train pairs for test=2022
PISA,reading,2022,ISR,473.8327,478.9606,Ridge M0/M1 unavailable: only prior cycle 2015 in panel → no Ridge train pairs for test=2022
PISA,reading,2022,ITA,481.5983,484.758,Ridge M0/M1 unavailable: only prior cycle 2015 in panel → no Ridge train pairs for test=2022
PISA,reading,2022,JOR,342.1658,408.1022,Ridge M0/M1 unavailable: only prior cycle 2015 in panel → no Ridge train pairs for test=2022
PISA,reading,2022,JPN,515.8546,515.9585,Ridge M0/M1 unavailable: only prior cycle 2015 in panel → no Ridge train pairs for test=2022
PISA,reading,2022,KAZ,386.2847,,Ridge M0/M1 unavailable: only prior cycle 2015 in panel → no Ridge train pairs for test=2022
PISA,reading,2022,KOR,515.4154,517.4367,Ridge M0/M1 unavailable: only prior cycle 2015 in panel → no Ridge train pairs for test=2022
PISA,reading,2022,KSV,342.1944,347.1259,Ridge M0/M1 unavailable: only prior cycle 2015 in panel → no Ridge train pairs for test=2022
PISA,reading,2022,LTU,471.8342,472.4066,Ridge M0/M1 unavailable: only prior cycle 2015 in panel → no Ridge train pairs for test=2022
PISA,reading,2022,LVA,474.5687,487.7581,Ridge M0/M1 unavailable: only prior cycle 2015 in panel → no Ridge train pairs for test=2022
PISA,reading,2022,MAC,510.4051,508.6905,Ridge M0/M1 unavailable: only prior cycle 2015 in panel → no Ridge train pairs for test=2022
PISA,reading,2022,MAR,339.3649,,Ridge M0/M1 unavailable: only prior cycle 2015 in panel → no Ridge train pairs for test=2022
PISA,reading,2022,MDA,410.9354,416.2293,Ridge M0/M1 unavailable: only prior cycle 2015 in panel → no Ridge train pairs for test=2022
PISA,reading,2022,MEX,415.359,423.2765,Ridge M0/M1 unavailable: only prior cycle 2015 in panel → no Ridge train pairs for test=2022
PISA,reading,2022,MKD,358.5221,351.7415,Ridge M0/M1 unavailable: only prior cycle 2015 in panel → no Ridge train pairs for test=2022
PISA,reading,2022,MLT,445.2988,446.6661,Ridge M0/M1 unavailable: only prior cycle 2015 in panel → no Ridge train pairs for test=2022
PISA,reading,2022,MNE,405.0205,426.8845,Ridge M0/M1 unavailable: only prior cycle 2015 in panel → no Ridge train pairs for test=2022
PISA,reading,2022,MYS,388.0878,,Ridge M0/M1 unavailable: only prior cycle 2015 in panel → no Ridge train pairs for test=2022
PISA,reading,2022,NLD,459.2429,502.9591,Ridge M0/M1 unavailable: only prior cycle 2015 in panel → no Ridge train pairs for test=2022
PISA,reading,2022,NOR,476.5239,513.1912,Ridge M0/M1 unavailable: only prior cycle 2015 in panel → no Ridge train pairs for test=2022
PISA,reading,2022,NZL,500.853,509.2707,Ridge M0/M1 unavailable: only prior cycle 2015 in panel → no Ridge train pairs for test=2022
PISA,reading,2022,PER,408.2479,397.5414,Ridge M0/M1 unavailable: only prior cycle 2015 in panel → no Ridge train pairs for test=2022
PISA,reading,2022,POL,488.7136,505.6971,Ridge M0/M1 unavailable: only prior cycle 2015 in panel → no Ridge train pairs for test=2022
PISA,reading,2022,PRT,476.5886,498.1289,Ridge M0/M1 unavailable: only prior cycle 2015 in panel → no Ridge train pairs for test=2022
PISA,reading,2022,QAT,419.3043,401.8873,Ridge M0/M1 unavailable: only prior cycle 2015 in panel → no Ridge train pairs for test=2022
PISA,reading,2022,ROU,428.496,433.6166,Ridge M0/M1 unavailable: only prior cycle 2015 in panel → no Ridge train pairs for test=2022
PISA,reading,2022,SAU,382.551,,Ridge M0/M1 unavailable: only prior cycle 2015 in panel → no Ridge train pairs for test=2022
PISA,reading,2022,SGP,542.5533,535.1002,Ridge M0/M1 unavailable: only prior cycle 2015 in panel → no Ridge train pairs for test=2022
PISA,reading,2022,SRB,440.355,,Ridge M0/M1 unavailable: only prior cycle 2015 in panel → no Ridge train pairs for test=2022
PISA,reading,2022,SVK,446.8606,452.5143,Ridge M0/M1 unavailable: only prior cycle 2015 in panel → no Ridge train pairs for test=2022
PISA,reading,2022,SVN,468.536,505.2159,Ridge M0/M1 unavailable: only prior cycle 2015 in panel → no Ridge train pairs for test=2022
PISA,reading,2022,SWE,486.9752,500.1556,Ridge M0/M1 unavailable: only prior cycle 2015 in panel → no Ridge train pairs for test=2022
PISA,reading,2022,TAP,515.1673,497.0991,Ridge M0/M1 unavailable: only prior cycle 2015 in panel → no Ridge train pairs for test=2022
PISA,reading,2022,THA,378.663,409.1301,Ridge M0/M1 unavailable: only prior cycle 2015 in panel → no Ridge train pairs for test=2022
PISA,reading,2022,TUR,456.084,428.3351,Ridge M0/M1 unavailable: only prior cycle 2015 in panel → no Ridge train pairs for test=2022
PISA,reading,2022,URY,430.3597,436.5721,Ridge M0/M1 unavailable: only prior cycle 2015 in panel → no Ridge train pairs for test=2022
PISA,reading,2022,USA,503.9376,496.9351,Ridge M0/M1 unavailable: only prior cycle 2015 in panel → no Ridge train pairs for test=2022
PISA,reading,2022,VNM,461.888,486.7738,Ridge M0/M1 unavailable: only prior cycle 2015 in panel → no Ridge train pairs for test=2022
PISA,science,2022,ALB,375.9678,427.225,Ridge M0/M1 unavailable: only prior cycle 2015 in panel → no Ridge train pairs for test=2022
PISA,science,2022,ARE,431.9795,436.7311,Ridge M0/M1 unavailable: only prior cycle 2015 in panel → no Ridge train pairs for test=2022
PISA,science,2022,AUS,507.0009,509.9939,Ridge M0/M1 unavailable: only prior cycle 2015 in panel → no Ridge train pairs for test=2022
PISA,science,2022,AUT,491.271,495.0375,Ridge M0/M1 unavailable: only prior cycle 2015 in panel → no Ridge train pairs for test=2022
PISA,science,2022,BEL,490.5783,501.9997,Ridge M0/M1 unavailable: only prior cycle 2015 in panel → no Ridge train pairs for test=2022
PISA,science,2022,BGR,420.9932,445.772,Ridge M0/M1 unavailable: only prior cycle 2015 in panel → no Ridge train pairs for test=2022
PISA,science,2022,BRA,403.0012,400.6821,Ridge M0/M1 unavailable: only prior cycle 2015 in panel → no Ridge train pairs for test=2022
PISA,science,2022,CAN,515.0167,527.7047,Ridge M0/M1 unavailable: only prior cycle 2015 in panel → no Ridge train pairs for test=2022
PISA,science,2022,CHE,502.5232,505.5058,Ridge M0/M1 unavailable: only prior cycle 2015 in panel → no Ridge train pairs for test=2022
PISA,science,2022,CHL,443.5434,446.9561,Ridge M0/M1 unavailable: only prior cycle 2015 in panel → no Ridge train pairs for test=2022
PISA,science,2022,COL,411.1207,415.7288,Ridge M0/M1 unavailable: only prior cycle 2015 in panel → no Ridge train pairs for test=2022
PISA,science,2022,CRI,410.9866,419.608,Ridge M0/M1 unavailable: only prior cycle 2015 in panel → no Ridge train pairs for test=2022
PISA,science,2022,CZE,497.742,492.83,Ridge M0/M1 unavailable: only prior cycle 2015 in panel → no Ridge train pairs for test=2022
PISA,science,2022,DEU,492.4267,509.1406,Ridge M0/M1 unavailable: only prior cycle 2015 in panel → no Ridge train pairs for test=2022
PISA,science,2022,DNK,493.8157,501.9369,Ridge M0/M1 unavailable: only prior cycle 2015 in panel → no Ridge train pairs for test=2022
PISA,science,2022,DOM,360.4261,331.6388,Ridge M0/M1 unavailable: only prior cycle 2015 in panel → no Ridge train pairs for test=2022
PISA,science,2022,ESP,484.5336,492.7861,Ridge M0/M1 unavailable: only prior cycle 2015 in panel → no Ridge train pairs for test=2022
PISA,science,2022,EST,525.8118,534.1937,Ridge M0/M1 unavailable: only prior cycle 2015 in panel → no Ridge train pairs for test=2022
PISA,science,2022,FIN,510.9589,530.6612,Ridge M0/M1 unavailable: only prior cycle 2015 in panel → no Ridge train pairs for test=2022
PISA,science,2022,FRA,487.2253,494.9776,Ridge M0/M1 unavailable: only prior cycle 2015 in panel → no Ridge train pairs for test=2022
PISA,science,2022,GBR,499.6702,509.2215,Ridge M0/M1 unavailable: only prior cycle 2015 in panel → no Ridge train pairs for test=2022
PISA,science,2022,GEO,384.0675,411.1315,Ridge M0/M1 unavailable: only prior cycle 2015 in panel → no Ridge train pairs for test=2022
PISA,science,2022,GRC,440.7861,454.8288,Ridge M0/M1 unavailable: only prior cycle 2015 in panel → no Ridge train pairs for test=2022
PISA,science,2022,HKG,520.4187,523.2774,Ridge M0/M1 unavailable: only prior cycle 2015 in panel → no Ridge train pairs for test=2022
PISA,science,2022,HRV,482.6674,475.3912,Ridge M0/M1 unavailable: only prior cycle 2015 in panel → no Ridge train pairs for test=2022
PISA,science,2022,HUN,485.8902,476.7475,Ridge M0/M1 unavailable: only prior cycle 2015 in panel → no Ridge train pairs for test=2022
PISA,science,2022,IDN,382.8634,403.0997,Ridge M0/M1 unavailable: only prior cycle 2015 in panel → no Ridge train pairs for test=2022
PISA,science,2022,IRL,503.8455,502.5751,Ridge M0/M1 unavailable: only prior cycle 2015 in panel → no Ridge train pairs for test=2022
PISA,science,2022,ISL,446.9671,473.2301,Ridge M0/M1 unavailable: only prior cycle 2015 in panel → no Ridge train pairs for test=2022
PISA,science,2022,ISR,464.7518,466.5528,Ridge M0/M1 unavailable: only prior cycle 2015 in panel → no Ridge train pairs for test=2022
PISA,science,2022,ITA,477.4634,480.5468,Ridge M0/M1 unavailable: only prior cycle 2015 in panel → no Ridge train pairs for test=2022
PISA,science,2022,JOR,374.5271,408.6691,Ridge M0/M1 unavailable: only prior cycle 2015 in panel → no Ridge train pairs for test=2022
PISA,science,2022,JPN,546.6345,538.3948,Ridge M0/M1 unavailable: only prior cycle 2015 in panel → no Ridge train pairs for test=2022
PISA,science,2022,KAZ,423.166,,Ridge M0/M1 unavailable: only prior cycle 2015 in panel → no Ridge train pairs for test=2022
PISA,science,2022,KOR,527.8224,515.8099,Ridge M0/M1 unavailable: only prior cycle 2015 in panel → no Ridge train pairs for test=2022
PISA,science,2022,KSV,357.0241,378.4422,Ridge M0/M1 unavailable: only prior cycle 2015 in panel → no Ridge train pairs for test=2022
PISA,science,2022,LTU,484.4634,475.4089,Ridge M0/M1 unavailable: only prior cycle 2015 in panel → no Ridge train pairs for test=2022
PISA,science,2022,LVA,493.8428,490.225,Ridge M0/M1 unavailable: only prior cycle 2015 in panel → no Ridge train pairs for test=2022
PISA,science,2022,MAC,543.0963,528.5496,Ridge M0/M1 unavailable: only prior cycle 2015 in panel → no Ridge train pairs for test=2022
PISA,science,2022,MAR,365.3981,,Ridge M0/M1 unavailable: only prior cycle 2015 in panel → no Ridge train pairs for test=2022
PISA,science,2022,MDA,416.859,427.9978,Ridge M0/M1 unavailable: only prior cycle 2015 in panel → no Ridge train pairs for test=2022
PISA,science,2022,MEX,409.8866,415.7099,Ridge M0/M1 unavailable: only prior cycle 2015 in panel → no Ridge train pairs for test=2022
PISA,science,2022,MKD,379.8751,383.6824,Ridge M0/M1 unavailable: only prior cycle 2015 in panel → no Ridge train pairs for test=2022
PISA,science,2022,MLT,465.5887,464.782,Ridge M0/M1 unavailable: only prior cycle 2015 in panel → no Ridge train pairs for test=2022
PISA,science,2022,MNE,403.1302,411.3136,Ridge M0/M1 unavailable: only prior cycle 2015 in panel → no Ridge train pairs for test=2022
PISA,science,2022,MYS,416.3061,,Ridge M0/M1 unavailable: only prior cycle 2015 in panel → no Ridge train pairs for test=2022
PISA,science,2022,NLD,488.3168,508.5748,Ridge M0/M1 unavailable: only prior cycle 2015 in panel → no Ridge train pairs for test=2022
PISA,science,2022,NOR,478.2265,498.4811,Ridge M0/M1 unavailable: only prior cycle 2015 in panel → no Ridge train pairs for test=2022
PISA,science,2022,NZL,504.1293,513.3035,Ridge M0/M1 unavailable: only prior cycle 2015 in panel → no Ridge train pairs for test=2022
PISA,science,2022,PER,407.7778,396.6836,Ridge M0/M1 unavailable: only prior cycle 2015 in panel → no Ridge train pairs for test=2022
PISA,science,2022,POL,499.1644,501.4353,Ridge M0/M1 unavailable: only prior cycle 2015 in panel → no Ridge train pairs for test=2022
PISA,science,2022,PRT,484.3735,501.1001,Ridge M0/M1 unavailable: only prior cycle 2015 in panel → no Ridge train pairs for test=2022
PISA,science,2022,QAT,432.4025,417.6111,Ridge M0/M1 unavailable: only prior cycle 2015 in panel → no Ridge train pairs for test=2022
PISA,science,2022,ROU,427.5111,434.8849,Ridge M0/M1 unavailable: only prior cycle 2015 in panel → no Ridge train pairs for test=2022
PISA,science,2022,SAU,390.3876,,Ridge M0/M1 unavailable: only prior cycle 2015 in panel → no Ridge train pairs for test=2022
PISA,science,2022,SGP,561.4333,555.5747,Ridge M0/M1 unavailable: only prior cycle 2015 in panel → no Ridge train pairs for test=2022
PISA,science,2022,SRB,447.4607,,Ridge M0/M1 unavailable: only prior cycle 2015 in panel → no Ridge train pairs for test=2022
PISA,science,2022,SVK,462.2695,460.7749,Ridge M0/M1 unavailable: only prior cycle 2015 in panel → no Ridge train pairs for test=2022
PISA,science,2022,SVN,499.9649,512.8636,Ridge M0/M1 unavailable: only prior cycle 2015 in panel → no Ridge train pairs for test=2022
PISA,science,2022,SWE,493.5493,493.4224,Ridge M0/M1 unavailable: only prior cycle 2015 in panel → no Ridge train pairs for test=2022
PISA,science,2022,TAP,537.3804,532.3475,Ridge M0/M1 unavailable: only prior cycle 2015 in panel → no Ridge train pairs for test=2022
PISA,science,2022,THA,409.2643,421.3373,Ridge M0/M1 unavailable: only prior cycle 2015 in panel → no Ridge train pairs for test=2022
PISA,science,2022,TUR,475.9378,425.4895,Ridge M0/M1 unavailable: only prior cycle 2015 in panel → no Ridge train pairs for test=2022
PISA,science,2022,URY,435.3848,435.363,Ridge M0/M1 unavailable: only prior cycle 2015 in panel → no Ridge train pairs for test=2022
PISA,science,2022,USA,499.4141,496.2424,Ridge M0/M1 unavailable: only prior cycle 2015 in panel → no Ridge train pairs for test=2022
PISA,science,2022,VNM,472.381,524.6445,Ridge M0/M1 unavailable: only prior cycle 2015 in panel → no Ridge train pairs for test=2022
