program,domain,spec,n_features_lit,rho_lit,p_value,lit_weight_var,trivial_n2,interpretable,features
PIRLS,reading,w_F,2,1.0,,0.09,True,False,HOME_LITERACY_ACTIVITIES|PARENTAL_EDUCATION
PISA,mathematics,w_F,3,-1.0,0.0,0.062222,False,True,HOME_RESOURCES|SCHOOL_BELONGING|SES_COMPOSITE
PISA,reading,w_F,3,0.5,0.6667,0.062222,False,True,HOME_RESOURCES|SCHOOL_BELONGING|SES_COMPOSITE
PISA,science,w_F,3,-0.5,0.6667,0.062222,False,True,HOME_RESOURCES|SCHOOL_BELONGING|SES_COMPOSITE
TIMSS,mathematics,w_F,1,,,0.0,False,False,PARENTAL_EDUCATION
TIMSS,science,w_F,1,,,0.0,False,False,PARENTAL_EDUCATION
TIMSS_G4,mathematics,w_F,1,,,0.0,False,False,PARENTAL_EDUCATION
TIMSS_G4,science,w_F,1,,,0.0,False,False,PARENTAL_EDUCATION
PIRLS,reading,w_FD,2,1.0,,0.197536,True,False,HOME_LITERACY_ACTIVITIES|PARENTAL_EDUCATION
PISA,mathematics,w_FD,3,-0.5,0.6667,0.015854,False,True,HOME_RESOURCES|SCHOOL_BELONGING|SES_COMPOSITE
PISA,reading,w_FD,3,1.0,0.0,0.015854,False,True,HOME_RESOURCES|SCHOOL_BELONGING|SES_COMPOSITE
PISA,science,w_FD,3,0.5,0.6667,0.015854,False,True,HOME_RESOURCES|SCHOOL_BELONGING|SES_COMPOSITE
TIMSS,mathematics,w_FD,1,,,0.0,False,False,PARENTAL_EDUCATION
TIMSS,science,w_FD,1,,,0.0,False,False,PARENTAL_EDUCATION
TIMSS_G4,mathematics,w_FD,1,,,0.0,False,False,PARENTAL_EDUCATION
TIMSS_G4,science,w_FD,1,,,0.0,False,False,PARENTAL_EDUCATION
PIRLS,reading,w_FDC,2,1.0,,0.04,True,False,HOME_LITERACY_ACTIVITIES|PARENTAL_EDUCATION
PISA,mathematics,w_FDC,3,-1.0,0.0,0.007222,False,True,HOME_RESOURCES|SCHOOL_BELONGING|SES_COMPOSITE
PISA,reading,w_FDC,3,0.5,0.6667,0.007222,False,True,HOME_RESOURCES|SCHOOL_BELONGING|SES_COMPOSITE
PISA,science,w_FDC,3,-0.5,0.6667,0.007222,False,True,HOME_RESOURCES|SCHOOL_BELONGING|SES_COMPOSITE
TIMSS,mathematics,w_FDC,1,,,0.0,False,False,PARENTAL_EDUCATION
TIMSS,science,w_FDC,1,,,0.0,False,False,PARENTAL_EDUCATION
TIMSS_G4,mathematics,w_FDC,1,,,0.0,False,False,PARENTAL_EDUCATION
TIMSS_G4,science,w_FDC,1,,,0.0,False,False,PARENTAL_EDUCATION
