program,domain,feature,tier,lit_weight,mean_abs_shap,shap_rank,lit_rank
PIRLS,reading,lag_Y,A,1.0,41.102,1,1
PIRLS,reading,PARENTAL_EDUCATION,A,0.95,2.702,2,2
PIRLS,reading,HOME_LITERACY_ACTIVITIES,B,0.55,0.298,3,3
PISA,mathematics,lag_Y,A,1.0,45.985,1,1
PISA,mathematics,SCHOOL_BELONGING,A,0.8,3.528,2,4
PISA,mathematics,HOME_RESOURCES,A,0.85,0.376,3,3
PISA,mathematics,SES_COMPOSITE,A,1.0,0.15,4,2
PISA,reading,lag_Y,A,1.0,43.008,1,1
PISA,reading,HOME_RESOURCES,A,0.85,8.602,2,3
PISA,reading,SES_COMPOSITE,A,1.0,5.239,3,2
PISA,reading,SCHOOL_BELONGING,A,0.8,4.517,4,4
PISA,science,lag_Y,A,1.0,44.068,1,1
PISA,science,HOME_RESOURCES,A,0.85,8.452,2,3
PISA,science,SCHOOL_BELONGING,A,0.8,5.95,3,4
PISA,science,SES_COMPOSITE,A,1.0,4.769,4,2
TIMSS,mathematics,lag_Y,A,1.0,34.387,1,1
TIMSS,mathematics,PARENTAL_EDUCATION,A,0.95,6.366,2,2
TIMSS,science,lag_Y,A,1.0,29.561,1,1
TIMSS,science,PARENTAL_EDUCATION,A,0.95,6.713,2,2
TIMSS_G4,mathematics,lag_Y,A,1.0,41.174,1,1
TIMSS_G4,mathematics,PARENTAL_EDUCATION,A,0.95,6.782,2,2
TIMSS_G4,science,lag_Y,A,1.0,33.944,1,1
TIMSS_G4,science,PARENTAL_EDUCATION,A,0.95,1.27,2,2
