program,domain,canonical_construct,feature,cat,lit_weight,mean_abs_shap,mean_shap_share,n_folds,max_abs_shap
PIRLS,reading,PRIOR_ACHIEVEMENT,lag_Y,2_unweighted,1.0,41.10214015360968,0.9790235693168006,3,46.584589409828666
PIRLS,reading,PARENTAL_EDUCATION,PARENTAL_EDUCATION,1_lit_weighted,0.4559,2.7015702736259755,0.05667523095999452,1,2.7015702736259755
PIRLS,reading,HOME_LITERACY_ACTIVITIES,HOME_LITERACY_ACTIVITIES,1_lit_weighted,0.1029,0.2981158654834576,0.006254061089603472,1,0.2981158654834576
PISA,mathematics,PRIOR_ACHIEVEMENT,lag_Y,2_unweighted,1.0,45.98483733441375,0.9189926130709879,1,45.98483733441375
PISA,mathematics,SCHOOL_BELONGING,SCHOOL_BELONGING,1_lit_weighted,0.6185,3.5278886211206593,0.07050375233404992,1,3.5278886211206593
PISA,mathematics,HOME_RESOURCES,HOME_RESOURCES,1_lit_weighted,0.7175,0.3760671226769801,0.007515584000997787,1,0.3760671226769801
PISA,mathematics,SES_COMPOSITE,SES_COMPOSITE,2_unweighted,1.0,0.1495170021566212,0.0029880505939644552,1,0.1495170021566212
PISA,reading,PRIOR_ACHIEVEMENT,lag_Y,2_unweighted,1.0,43.007670131946746,0.700842184813597,1,43.007670131946746
PISA,reading,HOME_RESOURCES,HOME_RESOURCES,1_lit_weighted,0.7175,8.602489849378848,0.14018401281396176,1,8.602489849378848
PISA,reading,SES_COMPOSITE,SES_COMPOSITE,2_unweighted,1.0,5.238910454151803,0.08537196824347819,1,5.238910454151803
PISA,reading,SCHOOL_BELONGING,SCHOOL_BELONGING,1_lit_weighted,0.6185,4.516627954075876,0.07360183412896307,1,4.516627954075876
PISA,science,PRIOR_ACHIEVEMENT,lag_Y,2_unweighted,1.0,44.06798366219164,0.6968508993930828,1,44.06798366219164
PISA,science,HOME_RESOURCES,HOME_RESOURCES,1_lit_weighted,0.7175,8.451536514606952,0.13364488982758313,1,8.451536514606952
PISA,science,SCHOOL_BELONGING,SCHOOL_BELONGING,1_lit_weighted,0.6185,5.950177187538686,0.09409067490968395,1,5.950177187538686
PISA,science,SES_COMPOSITE,SES_COMPOSITE,2_unweighted,1.0,4.769058157930585,0.07541353586965018,1,4.769058157930585
TIMSS,mathematics,PRIOR_ACHIEVEMENT,lag_Y,2_unweighted,1.0,34.38737515048886,0.9133853260111678,5,51.29911719220321
TIMSS,mathematics,PARENTAL_EDUCATION,PARENTAL_EDUCATION,1_lit_weighted,0.4559,6.3663444278782535,0.1443577899813868,3,11.9309403855078
TIMSS,science,PRIOR_ACHIEVEMENT,lag_Y,2_unweighted,1.0,29.560562861920516,0.8922153810523688,5,36.16013662059609
TIMSS,science,PARENTAL_EDUCATION,PARENTAL_EDUCATION,1_lit_weighted,0.4559,6.712809607368566,0.17964103157938557,3,11.747684895251991
TIMSS_G4,mathematics,PRIOR_ACHIEVEMENT,lag_Y,2_unweighted,1.0,41.17441540296802,0.9648011519283752,4,45.08685482851182
TIMSS_G4,mathematics,PARENTAL_EDUCATION,PARENTAL_EDUCATION,1_lit_weighted,0.4559,6.782019672653443,0.1407953922864989,1,6.782019672653443
TIMSS_G4,science,PRIOR_ACHIEVEMENT,lag_Y,2_unweighted,1.0,33.94380669908658,0.9910610491674302,4,40.58589128471568
TIMSS_G4,science,PARENTAL_EDUCATION,PARENTAL_EDUCATION,1_lit_weighted,0.4559,1.2704187761235457,0.035755803330279015,1,1.2704187761235457
