program,domain,test_cycle,feature,tier,lit_weight,mean_abs_shap,train_n,test_n,n_features
PISA,mathematics,2025,lag_Y,A,1.0,30.08109712201178,24,25,7
PISA,mathematics,2025,EFFECTIVE_PD,B,0.2547,0.375073212196604,24,25,7
PISA,mathematics,2025,HOME_RESOURCES,A,0.7175,5.099636842408984,24,25,7
PISA,mathematics,2025,JOB_SATISFACTION_PROFESSION,B,0.0894,1.822651777957131,24,25,7
PISA,mathematics,2025,SCHOOL_BELONGING,A,0.6185,3.686537174591937,24,25,7
PISA,mathematics,2025,SES_COMPOSITE,A,1.0,4.3923664453436935,24,25,7
PISA,mathematics,2025,TEACHER_SELF_EFFICACY_CLS_MGMT,A,0.8543,4.143684433479959,24,25,7
PISA,reading,2025,lag_Y,A,1.0,0.6684223540360621,24,25,7
PISA,reading,2025,EFFECTIVE_PD,B,0.2547,0.010038377955097568,24,25,7
PISA,reading,2025,HOME_RESOURCES,A,0.7175,0.3207555993370931,24,25,7
PISA,reading,2025,JOB_SATISFACTION_PROFESSION,B,0.0894,0.05631643835263229,24,25,7
PISA,reading,2025,SCHOOL_BELONGING,A,0.6185,0.13184745064943676,24,25,7
PISA,reading,2025,SES_COMPOSITE,A,1.0,0.22931045317484958,24,25,7
PISA,reading,2025,TEACHER_SELF_EFFICACY_CLS_MGMT,A,0.8543,0.2543817233279235,24,25,7
PISA,science,2025,lag_Y,A,1.0,5.441528340807767,24,25,7
PISA,science,2025,EFFECTIVE_PD,B,0.2547,0.0698562761204808,24,25,7
PISA,science,2025,HOME_RESOURCES,A,0.7175,2.353286620186586,24,25,7
PISA,science,2025,JOB_SATISFACTION_PROFESSION,B,0.0894,0.349433765375645,24,25,7
PISA,science,2025,SCHOOL_BELONGING,A,0.6185,0.4595633246356805,24,25,7
PISA,science,2025,SES_COMPOSITE,A,1.0,1.5555306947426673,24,25,7
PISA,science,2025,TEACHER_SELF_EFFICACY_CLS_MGMT,A,0.8543,1.8081199979349285,24,25,7
TIMSS,mathematics,2003,lag_Y,A,1.0,4.281315036148364,15,23,1
TIMSS,mathematics,2007,lag_Y,A,1.0,42.944607296395695,38,25,1
TIMSS,mathematics,2011,lag_Y,A,1.0,51.29911719220321,17,21,2
TIMSS,mathematics,2011,PARENTAL_EDUCATION,A,0.4559,3.364446046905331,17,21,2
TIMSS,mathematics,2015,lag_Y,A,1.0,28.792514133433617,38,21,2
TIMSS,mathematics,2015,PARENTAL_EDUCATION,A,0.4559,11.9309403855078,38,21,2
TIMSS,science,2003,lag_Y,A,1.0,17.6279301001483,15,23,1
TIMSS,science,2007,lag_Y,A,1.0,36.143231951761265,38,25,1
TIMSS,science,2011,lag_Y,A,1.0,33.23735403053798,17,21,2
TIMSS,science,2011,PARENTAL_EDUCATION,A,0.4559,4.185871171490682,17,21,2
TIMSS,science,2015,lag_Y,A,1.0,24.634161606558955,38,21,2
TIMSS,science,2015,PARENTAL_EDUCATION,A,0.4559,11.747684895251991,38,21,2
TIMSS_G4,mathematics,2007,lag_Y,A,1.0,36.429063606801435,10,16,1
TIMSS_G4,mathematics,2011,lag_Y,A,1.0,45.08685482851182,26,27,1
TIMSS_G4,mathematics,2015,lag_Y,A,1.0,41.79443313952274,53,30,1
TIMSS_G4,mathematics,2019,lag_Y,A,1.0,41.38731003703609,10,30,2
TIMSS_G4,mathematics,2019,PARENTAL_EDUCATION,A,0.4559,6.782019672653443,10,30,2
TIMSS_G4,science,2007,lag_Y,A,1.0,22.47195415443295,10,16,1
TIMSS_G4,science,2011,lag_Y,A,1.0,38.457378277361435,26,27,1
TIMSS_G4,science,2015,lag_Y,A,1.0,40.58589128471568,53,30,1
TIMSS_G4,science,2019,lag_Y,A,1.0,34.26000307983625,10,30,2
TIMSS_G4,science,2019,PARENTAL_EDUCATION,A,0.4559,1.2704187761235455,10,30,2
PIRLS,reading,2011,lag_Y,A,1.0,46.584589409828666,19,21,1
PIRLS,reading,2016,lag_Y,A,1.0,32.05395187338549,40,33,1
PIRLS,reading,2021,lag_Y,A,1.0,44.667879177614886,15,24,3
PIRLS,reading,2021,HOME_LITERACY_ACTIVITIES,B,0.1029,0.29811586548345764,15,24,3
PIRLS,reading,2021,PARENTAL_EDUCATION,A,0.4559,2.7015702736259755,15,24,3
