field_path,field_name,type,required,allowed_values,coder_value,notes
metadata.file_name,File name,string,yes,,,"Primary key. Matches the source PDF filename exactly."
metadata.title,Title,string or null,no,,,"Full title of the article or report."
metadata.authors,Authors,list of strings or null,no,,,"Author names as ordered list; separate with | in this sheet."
metadata.year,Year,integer or null,no,,,"4-digit publication year."
metadata.doi,DOI,string or null,no,,,"DOI without URL prefix (e.g. 10.1016/j.xxx). null if absent."
metadata.venue,Venue,string or null,no,,,"Journal, conference, publisher, or institution name."
metadata.publication_type,Publication type,enum or null,no,"journal | conference | book_chapter | preprint | report | thesis",,
metadata.open_access,Open access,boolean or null,no,"true | false | null",,
metadata.source_category,Source category,enum or null,no,"peer_reviewed_research | review_article | methodology_paper | technical_report",,
data.survey_design.student_weights_used,Student weights used,boolean or null,no,"true | false | null",,"Was a student sampling weight (e.g. W_FSTUWT) applied?"
data.survey_design.replicate_weights_used,Replicate weights used,boolean or null,no,"true | false | null",,"BRR / jackknife variance estimation used?"
data.survey_design.weight_variable_name,Weight variable name,string or null,no,,,"Exact variable name as it appears in the paper (e.g. W_FSTUWT)."
data.survey_design.weight_fields_interpretation,Weight fields interpretation,string,yes,,,"3–4 sentences: dataset, sample selection, cleaning, weighting strategy."
data.sample_details.total_students,Total students,integer or null,no,,,"Analytic sample size (total across all countries)."
data.sample_details.countries,Countries (codes),list or null,no,,,"ISO 3166-1 alpha-3 codes separated by | (e.g. TUR|DEU|USA). Leave blank if not reported."
data.sample_details.sample_filtering_criteria,Sample filtering criteria,string,yes,,,"How authors filtered the ILSA dataset (grade, missing data, sub-task, etc.)."
data.plausible_values_handling,Plausible values handling,enum,yes,"rubin_rules | single_pv | average_pv | all_pv | mitml | wle | irt_theta | not_applicable | not_reported",,
data.missing_data_handling,Missing data handling,enum,yes,"listwise_deletion | pairwise_deletion | mean_imputation | single_imputation | knn_imputation | multiple_imputation | not_reported",,
data.handling_not_reported_explanation,Handling not-reported explanation,string or null,no,,,"Fill only when plausible_values_handling or missing_data_handling is not_reported / not_applicable."
data.research_design_type,Research design type,enum or null,no,"predictive | causal_observational | causal_experimental | exploratory",,
data.null_fields_interpretation,Null fields interpretation,string or null,no,,,"Why key fields are empty (e.g. no ML, no sample). Leave null for fully-populated records."
data.ml_techniques.primary,Primary ML technique,string or null,no,,,"Best-performing or main algorithm (e.g. XGBoost). null for non-ML studies."
data.ml_techniques.all_techniques,All ML techniques,list of strings,yes,,,"All algorithms tested; separate with |. Empty list for non-ML studies."
data.outcome_summary,Outcome summary,string,yes,,,"4–5 sentences (~120 words): main results, best model, limitations (weights, causality)."
